area_type,availability,location,size,society,total_sqft,bath,balcony,price
Super built-up  Area,Ready To Move,Vasanth Nagar,5 BHK,,3406 - 3506,4.0,2.0,468.09
Built-up  Area,Ready To Move,Nagarbhavi,2 BHK,,991,3.0,2.0,68.47
Carpet  Area,Ready To Move,Domlur,3 BHK,,1710 - 1810,3.0,2.0,203.25
Carpet  Area,19-Dec,Electronic City,4 BHK,,2070,4.0,1.0,100.96
Super built-up  Area,Ready To Move,Nayandahalli,2 BHK,,1139,3.0,2.0,62.87
Super built-up  Area,Ready To Move,Sarjapur Road,3 BHK,Society_162,1355,4.0,3.0,81.23
Carpet  Area,22-Jan,Ejipura,3 BHK,,1470 - 1570,4.0,0.0,138.37
Super built-up  Area,Ready To Move,Benson Town,3 BHK,Society_136,1290,2.0,2.0,85.05
Plot  Area,Ready To Move,Peenya,2 BHK,Society_72,1191,2.0,1.0,79.63
Built-up  Area,Ready To Move,Ramamurthy Nagar,2 BHK,,1206,1.0,1.0,65.59
Built-up  Area,Ready To Move,Vijayanagar,3 BHK,,1254,3.0,3.0,45.67
Super built-up  Area,22-Jan,Basavanagudi,3 BHK,,1345,4.0,3.0,166.19
Built-up  Area,19-Dec,Jayanagar,2 BHK,Society_44,1042,3.0,1.0,113.59
Super built-up  Area,Ready To Move,HBR Layout,3 BHK,,1755,4.0,0.0,100.31
Built-up  Area,Ready To Move,Attibele,4 BHK,,2408,4.0,0.0,120.72
Super built-up  Area,Ready To Move,Vasanth Nagar,3 BHK,Society_101,1746,3.0,2.0,258.13
Super built-up  Area,Ready To Move,Narayanapura,2 BHK,Society_53,801,2.0,2.0,51.5
Super built-up  Area,Ready To Move,Sahakara Nagar,3 BHK,Society_24,1496,4.0,1.0,86.27
Super built-up  Area,Ready To Move,Wilson Garden,3 BHK,Society_147,1760,3.0,0.0,210.0
Super built-up  Area,Ready To Move,Vidyaranyapura,2 BHK,,1137,2.0,1.0,77.16
Built-up  Area,Ready To Move,Kudlu Gate,2 BHK,,943,2.0,0.0,57.11
Plot  Area,19-Dec,Malleshwaram,3 BHK,,1380,4.0,3.0,221.83
Carpet  Area,Ready To Move,Begur Road,3 BHK,Society_169,1503,3.0,3.0,88.25
Built-up  Area,Ready To Move,CV Raman Nagar,2 BHK,,1076,3.0,1.0,45.83
Plot  Area,Ready To Move,Dasarahalli,2 BHK,,837,1.0,1.0,68.23
Super built-up  Area,19-Dec,New BEL Road,2 BHK,Society_46,1265 - 1365,2.0,0.0,85.27
Built-up  Area,19-Dec,Adugodi,3 BHK,,1286,2.0,0.0,81.05
Super built-up  Area,Ready To Move,Laggere,2 BHK,Society_174,1122,2.0,0.0,67.83
Super built-up  Area,Ready To Move,Sahakara Nagar,3 BHK,Society_99,1404,3.0,1.0,89.92
Plot  Area,Ready To Move,Hosa Road,4 BHK,,2555,4.0,2.0,223.34
Super built-up  Area,Ready To Move,JP Nagar,4 BHK,,2470 - 2570,5.0,1.0,198.61
Super built-up  Area,Ready To Move,Bellandur,3 BHK,,1591,3.0,2.0,120.79
Super built-up  Area,19-Dec,Cunningham Road,2 BHK,,754 - 854,3.0,2.0,174.74
Built-up  Area,Ready To Move,Nagarbhavi,1 BHK,,469 - 569,1.0,1.0,39.75
Super built-up  Area,Ready To Move,Varthur,3 BHK,Society_117,1307,3.0,0.0,74.66
Built-up  Area,Ready To Move,RT Nagar,3 BHK,,1696,2.0,3.0,98.64
Super built-up  Area,22-Jan,Dasarahalli,1 BHK,,619,1.0,0.0,34.08
Carpet  Area,Ready To Move,New BEL Road,4 BHK,,2229,4.0,1.0,155.74
Built-up  Area,Ready To Move,HSR Layout,2 BHK,,1057,2.0,2.0,102.12
Carpet  Area,Ready To Move,RT Nagar,3 BHK,,1517,3.0,0.0,100.06
Built-up  Area,Ready To Move,Banashankari,2 BHK,Society_162,1052,2.0,1.0,61.15
Carpet  Area,19-Dec,Hebbal,2 BHK,,1250 - 1350,2.0,2.0,108.35
Built-up  Area,22-Jan,Akshaya Nagar,2 BHK,,1256,2.0,0.0,71.2
Built-up  Area,Ready To Move,Varthur,4 BHK,,2272 - 2372,4.0,3.0,127.87
Super built-up  Area,19-Dec,Domlur,2 BHK,,1244,2.0,1.0,156.54
Super built-up  Area,22-Jan,New BEL Road,2 BHK,Society_57,824,3.0,1.0,48.47
Built-up  Area,19-Dec,Cunningham Road,3 BHK,Society_186,1647,3.0,2.0,335.21
Plot  Area,Ready To Move,Hebbal,3 BHK,,1417,3.0,0.0,155.56
Plot  Area,22-Jan,Begur Road,5 BHK,Society_70,3845,4.0,0.0,276.84
Carpet  Area,Ready To Move,Malleshwaram,4 BHK,,2231,4.0,1.0,281.88
Built-up  Area,Ready To Move,Cox Town,3 BHK,,1705,2.0,0.0,85.36
Carpet  Area,22-Jan,Brigade Road,3 BHK,,1316 - 1416,3.0,2.0,258.75
Built-up  Area,Ready To Move,Kogilu,5 BHK,Society_118,3578,6.0,1.0,192.08
Built-up  Area,19-Dec,Laggere,1 BHK,,411,1.0,1.0,21.08
Super built-up  Area,Ready To Move,Akshaya Nagar,3 BHK,,1565,3.0,2.0,98.71
Carpet  Area,22-Jan,Yeshwanthpur,2 BHK,Society_194,1346,1.0,2.0,103.49
Plot  Area,Ready To Move,Nagarbhavi,4 BHK,Society_161,2054,4.0,3.0,105.31
Built-up  Area,22-Jan,Adugodi,2 BHK,Society_181,1204,3.0,0.0,86.91
Super built-up  Area,22-Jan,Cunningham Road,4 BHK,Society_190,2457 - 2557,4.0,0.0,361.62
Built-up  Area,Ready To Move,Sahakara Nagar,1 BHK,,444 - 544,1.0,1.0,26.18
Built-up  Area,Ready To Move,Lavelle Road,5 BHK,,3750,4.0,2.0,772.85
Built-up  Area,19-Dec,Rajarajeshwari Nagara,2 BHK,,1107,2.0,2.0,66.91
Plot  Area,Ready To Move,Narayanapura,4 BHK,,2187,4.0,1.0,116.43
Built-up  Area,19-Dec,Varthur,2 BHK,,894,2.0,2.0,63.34
Super built-up  Area,22-Jan,Banaswadi,4 BHK,,2142,4.0,2.0,112.8
Super built-up  Area,Ready To Move,Banashankari,2 BHK,,1345,2.0,2.0,73.93
Super built-up  Area,Ready To Move,Dasarahalli,2 BHK,Society_78,1149,2.0,2.0,70.78
Plot  Area,Ready To Move,Kanakapura Road,1 BHK,,711,1.0,1.0,49.32
Super built-up  Area,Ready To Move,Begur Road,3 BHK,,1264,3.0,2.0,89.37
Built-up  Area,19-Dec,Jayanagar,3 BHK,,1643,3.0,0.0,203.76
Plot  Area,Ready To Move,KR Puram,3 BHK,Society_121,1674,2.0,3.0,90.99
Super built-up  Area,Ready To Move,Bellandur,2 BHK,,1302,3.0,2.0,106.37
Carpet  Area,Ready To Move,Hulimavu,3 BHK,,1472,3.0,2.0,91.46
Plot  Area,22-Jan,HBR Layout,4 BHK,,2441,4.0,1.0,175.34
Super built-up  Area,22-Jan,Malleshwaram,2 BHK,,1281 - 1381,2.0,2.0,133.47
Carpet  Area,22-Jan,Attibele,3 BHK,Society_84,1259,2.0,1.0,84.58
Super built-up  Area,Ready To Move,Devanahalli,4 BHK,,2599,4.0,3.0,124.88
Super built-up  Area,22-Jan,Marathahalli,2 BHK,,1346,2.0,2.0,103.32
Plot  Area,19-Dec,JP Nagar,4 BHK,,2340,3.0,2.0,238.68
Super built-up  Area,Ready To Move,Indira Nagar,4 BHK,,2294 - 2394,4.0,2.0,461.06
Super built-up  Area,Ready To Move,Lingarajapuram,3 BHK,,1353,3.0,1.0,95.97
Carpet  Area,Ready To Move,Yeshwanthpur,3 BHK,,1727,3.0,2.0,89.93
Built-up  Area,22-Jan,MG Road,2 BHK,,995,2.0,1.0,168.19
Built-up  Area,19-Dec,Magadi Road,3 BHK,Society_130,1264,2.0,2.0,78.8
Super built-up  Area,Ready To Move,Akshaya Nagar,3 BHK,Society_140,1482 - 1582,2.0,2.0,94.27
Carpet  Area,22-Jan,HBR Layout,2 BHK,Society_72,1259,3.0,2.0,85.01
Carpet  Area,22-Jan,Kengeri,3 BHK,Society_110,1300,2.0,3.0,76.94
Built-up  Area,Ready To Move,Laggere,4 BHK,Society_117,2420,3.0,0.0,162.21
Carpet  Area,Ready To Move,Hoodi,3 BHK,,1786,3.0,1.0,82.15
Super built-up  Area,Ready To Move,Sadashiva Nagar,2 BHK,,824,3.0,2.0,76.77
Carpet  Area,19-Dec,Bellandur,2 BHK,,1268,2.0,0.0,91.26
Plot  Area,22-Jan,Vidyaranyapura,3 BHK,Society_30,1390,3.0,1.0,79.99
Built-up  Area,Ready To Move,Malleshwaram,2 BHK,,1170,2.0,1.0,139.24
Built-up  Area,Ready To Move,Yeshwanthpur,2 BHK,,1257,2.0,2.0,35.05
Super built-up  Area,22-Jan,Richmond Town,4 BHK,,2057,4.0,0.0,319.15
Super built-up  Area,Ready To Move,Banaswadi,4 BHK,Society_165,2313,4.0,1.0,115.28
Super built-up  Area,Ready To Move,JP Nagar,2 BHK,Society_197,806,2.0,0.0,51.35
Built-up  Area,Ready To Move,Sarjapur Road,3 BHK,,1368,4.0,2.0,103.81
Built-up  Area,Ready To Move,Dasarahalli,4 BHK,,2207,4.0,3.0,131.14
Carpet  Area,Ready To Move,Haralur Road,2 BHK,Society_98,1077,2.0,2.0,51.61
Built-up  Area,Ready To Move,Budigere Cross,4 BHK,,2177,3.0,1.0,138.62
Built-up  Area,Ready To Move,Dasarahalli,2 BHK,,1086,2.0,1.0,48.52
Super built-up  Area,Ready To Move,BTM Layout,3 BHK,,1725,3.0,3.0,148.72
Built-up  Area,Ready To Move,Yeshwanthpur,3 BHK,Society_55,1545,3.0,2.0,82.61
Built-up  Area,Ready To Move,Bellandur,3 BHK,,1538,3.0,2.0,120.26
Super built-up  Area,Ready To Move,Wilson Garden,3 BHK,,1699,2.0,0.0,154.61
Super built-up  Area,Ready To Move,Kudlu Gate,3 BHK,Society_189,1380,3.0,2.0,78.98
Plot  Area,22-Jan,Ulsoor,3 BHK,Society_198,1211 - 1311,3.0,2.0,143.75
Super built-up  Area,Ready To Move,Horamavu Agara,3 BHK,,1688 - 1788,2.0,1.0,111.0
Carpet  Area,Ready To Move,JP Nagar,2 BHK,,1318,2.0,1.0,115.52
Built-up  Area,19-Dec,Girinagar,4 BHK,,2451,4.0,1.0,118.96
Built-up  Area,Ready To Move,Chandapura,3 BHK,Society_161,1382 - 1482,4.0,0.0,65.96
Carpet  Area,Ready To Move,Kudlu Gate,4 BHK,Society_29,2499,4.0,1.0,164.35
Plot  Area,Ready To Move,Kumaraswamy Layout,1 BHK,,671,2.0,0.0,45.11
Super built-up  Area,22-Jan,HRBR Layout,2 BHK,,802,1.0,2.0,51.4
Carpet  Area,22-Jan,Jigani,3 BHK,Society_171,1593,4.0,2.0,106.25
Built-up  Area,22-Jan,Gottigere,4 BHK,,2351,4.0,3.0,165.75
Plot  Area,Ready To Move,Ulsoor,2 BHK,,1305,2.0,2.0,205.22
Built-up  Area,22-Jan,RT Nagar,2 BHK,,1218,2.0,1.0,76.85
Plot  Area,Ready To Move,Devanahalli,4 BHK,,2406,4.0,1.0,117.48
Super built-up  Area,Ready To Move,Banaswadi,5 BHK,,3681,5.0,0.0,225.01
Super built-up  Area,19-Dec,Jakkur,3 BHK,,1375 - 1475,3.0,1.0,88.45
Built-up  Area,Ready To Move,Attibele,4 BHK,,2039 - 2139,3.0,3.0,116.14
Super built-up  Area,Ready To Move,Ramamurthy Nagar,4 BHK,,2196,5.0,0.0,152.4
Super built-up  Area,Ready To Move,Cunningham Road,3 BHK,,1440,3.0,3.0,266.35
Plot  Area,22-Jan,Nagarbhavi,4 BHK,,2131,5.0,1.0,144.95
Super built-up  Area,Ready To Move,Jayanagar,3 BHK,Society_74,1362,3.0,0.0,158.02
Plot  Area,19-Dec,Wilson Garden,2 BHK,Society_68,1134,1.0,2.0,127.42
Super built-up  Area,Ready To Move,BTM Layout,4 BHK,Society_175,2400 - 2500,4.0,3.0,181.88
Super built-up  Area,Ready To Move,Akshaya Nagar,3 BHK,,1630,4.0,2.0,99.67
Super built-up  Area,22-Jan,Wilson Garden,2 BHK,Society_116,1084,3.0,0.0,104.35
Plot  Area,19-Dec,Vijayanagar,3 BHK,,1271,3.0,1.0,103.04
Super built-up  Area,Ready To Move,Vijayanagar,3 BHK,,1333,3.0,0.0,66.58
Carpet  Area,Ready To Move,Haralur Road,3 BHK,Society_53,1520,4.0,1.0,75.18
Super built-up  Area,Ready To Move,Hennur Road,4 BHK,,2248,4.0,2.0,160.15
Plot  Area,Ready To Move,Thanisandra Main Road,3 BHK,Society_72,1750,2.0,1.0,129.65
Plot  Area,Ready To Move,Padmanabhanagar,3 BHK,,1565 - 1665,3.0,2.0,127.14
Super built-up  Area,Ready To Move,Sahakara Nagar,1 BHK,,709,2.0,1.0,47.94
Super built-up  Area,Ready To Move,Ramamurthy Nagar,4 BHK,,2165,4.0,3.0,147.81
Built-up  Area,Ready To Move,Budigere Cross,2 BHK,Society_84,808,2.0,0.0,52.5
Plot  Area,Ready To Move,Hebbal,3 BHK,,1457,4.0,3.0,197.74
Built-up  Area,Ready To Move,Horamavu Agara,2 BHK,,836 - 936,3.0,2.0,47.66
Built-up  Area,Ready To Move,Ejipura,3 BHK,,1558,3.0,2.0,113.89
Super built-up  Area,22-Jan,Hoodi,2 BHK,Society_189,1006,2.0,2.0,67.18
Super built-up  Area,19-Dec,Chandapura,2 BHK,,1163,3.0,2.0,45.68
Built-up  Area,Ready To Move,Ejipura,4 BHK,,2417 - 2517,5.0,3.0,242.63
Super built-up  Area,Ready To Move,Banashankari,3 BHK,,1729 - 1829,2.0,0.0,114.65
Super built-up  Area,Ready To Move,Chandapura,4 BHK,Society_70,2367,5.0,2.0,93.46
Super built-up  Area,19-Dec,Mysore Road,5 BHK,Society_47,3415,5.0,2.0,257.66
Super built-up  Area,Ready To Move,Raja Rajeshwari Nagar,2 BHK,,1069,2.0,2.0,78.93
Super built-up  Area,22-Jan,Hormavu,4 BHK,Society_120,2362,5.0,2.0,159.73
Super built-up  Area,Ready To Move,Old Airport Road,4 BHK,,2300,3.0,2.0,272.18
Super built-up  Area,19-Dec,Kanakapura Road,1 BHK,Society_43,518,1.0,1.0,39.08
Super built-up  Area,19-Dec,Mysore Road,3 BHK,,1434,3.0,1.0,96.0
Super built-up  Area,22-Jan,Vasanth Nagar,3 BHK,Society_175,1624,3.0,2.0,191.37
Built-up  Area,Ready To Move,MG Road,5 BHK,Society_47,3776,5.0,3.0,874.82
Built-up  Area,19-Dec,Chikkaballapur Road,2 BHK,,1144,3.0,0.0,77.28
Super built-up  Area,Ready To Move,Kalyan Nagar,5 BHK,,3438,4.0,0.0,262.45
Plot  Area,Ready To Move,Bannerghatta Road,3 BHK,,1703,3.0,1.0,142.38
Super built-up  Area,22-Jan,Mysore Road,2 BHK,,864,3.0,1.0,48.8
Super built-up  Area,Ready To Move,Ramamurthy Nagar,2 BHK,Society_9,1296,2.0,2.0,63.9
Plot  Area,Ready To Move,Kanakapura Road,5 BHK,,3799,6.0,2.0,274.4
Carpet  Area,Ready To Move,Chandapura,2 BHK,,842,2.0,2.0,30.78
Super built-up  Area,19-Dec,Jayanagar,3 BHK,Society_157,1583,2.0,2.0,201.13
Built-up  Area,Ready To Move,Hoodi,3 BHK,,1355,4.0,3.0,73.94
Super built-up  Area,19-Dec,Bagalur,4 BHK,,2208,4.0,1.0,100.95
Super built-up  Area,Ready To Move,Lavelle Road,3 BHK,,1625,2.0,1.0,449.12
Plot  Area,Ready To Move,Kudlu Gate,4 BHK,Society_100,2098,4.0,1.0,153.73
Super built-up  Area,22-Jan,Bagalur,4 BHK,,2488,4.0,2.0,163.47
Super built-up  Area,22-Jan,Koramangala,2 BHK,,1254,2.0,1.0,186.46
Super built-up  Area,Ready To Move,Sarjapur Road,2 BHK,,1062,1.0,1.0,79.76
Super built-up  Area,22-Jan,Old Madras Road,2 BHK,Society_131,1017,2.0,2.0,55.95
Built-up  Area,Ready To Move,Chamrajpet,2 BHK,Society_44,1224,3.0,2.0,76.02
Super built-up  Area,Ready To Move,Electronic City,2 BHK,Society_30,929,3.0,1.0,35.61
Built-up  Area,Ready To Move,Bellandur,3 BHK,,1797,2.0,2.0,121.11
Built-up  Area,22-Jan,HSR Layout,1 BHK,,749 - 849,2.0,1.0,81.86
Plot  Area,Ready To Move,Thanisandra,3 BHK,Society_32,1497,4.0,0.0,127.63
Super built-up  Area,Ready To Move,HSR Layout,3 BHK,,1749,3.0,2.0,175.96
Super built-up  Area,Ready To Move,Kogilu,2 BHK,Society_143,1198 - 1298,2.0,1.0,99.09
Super built-up  Area,Ready To Move,Banashankari,4 BHK,Society_134,2091,4.0,2.0,104.17
Super built-up  Area,19-Dec,Hebbal,2 BHK,,822 - 922,1.0,1.0,66.28
Super built-up  Area,22-Jan,Lingarajapuram,2 BHK,,1038 - 1138,3.0,2.0,78.14
Super built-up  Area,19-Dec,Yelahanka,2 BHK,,916,2.0,2.0,59.15
Built-up  Area,19-Dec,Indira Nagar,2 BHK,,1246,1.0,1.0,188.41
Carpet  Area,Ready To Move,Thanisandra,4 BHK,,2394,4.0,3.0,134.61
Built-up  Area,19-Dec,Bommanahalli,2 BHK,Society_17,989,2.0,2.0,56.34
Super built-up  Area,Ready To Move,Vasanth Nagar,2 BHK,,1219,3.0,2.0,125.98
Built-up  Area,22-Jan,Dasarahalli,5 BHK,Society_58,3532,5.0,3.0,204.78
Built-up  Area,Ready To Move,Thanisandra,2 BHK,,1012,2.0,1.0,54.64
Super built-up  Area,19-Dec,Vasanth Nagar,2 BHK,Society_180,1259 - 1359,3.0,1.0,159.06
Super built-up  Area,Ready To Move,Kudlu Gate,4 BHK,,2446,4.0,0.0,157.0
Built-up  Area,Ready To Move,Raja Rajeshwari Nagar,4 BHK,,2281,3.0,2.0,140.28
Built-up  Area,22-Jan,Domlur,3 BHK,,1422,3.0,2.0,222.17
Carpet  Area,22-Jan,Whitefield,2 BHK,,1207,2.0,0.0,80.06
Super built-up  Area,Ready To Move,Ejipura,2 BHK,,1198,2.0,1.0,119.94
Super built-up  Area,Ready To Move,Kengeri,4 BHK,,2409,4.0,0.0,160.13
Built-up  Area,19-Dec,CV Raman Nagar,4 BHK,,2168 - 2268,4.0,1.0,126.92
Super built-up  Area,Ready To Move,Jayanagar,3 BHK,Society_183,1600,4.0,1.0,211.78
Built-up  Area,22-Jan,Fraser Town,3 BHK,,1663,4.0,2.0,94.98
Plot  Area,22-Jan,Gottigere,4 BHK,Society_46,2282,4.0,2.0,157.4
Carpet  Area,Ready To Move,Hebbal,2 BHK,Society_151,1002,2.0,0.0,95.59
Built-up  Area,Ready To Move,Attibele,3 BHK,,1670,2.0,0.0,90.41
Super built-up  Area,Ready To Move,Haralur Road,4 BHK,,2160,4.0,1.0,145.71
Built-up  Area,Ready To Move,Kammanahalli,4 BHK,,2540,4.0,1.0,131.22
Super built-up  Area,Ready To Move,Jayanagar,3 BHK,Society_20,1483,3.0,1.0,157.01
Super built-up  Area,22-Jan,Girinagar,2 BHK,Society_138,960 - 1060,1.0,1.0,66.49
Built-up  Area,19-Dec,Adugodi,2 BHK,,1218 - 1318,1.0,1.0,89.39
Built-up  Area,Ready To Move,Kumaraswamy Layout,3 BHK,,1585,3.0,2.0,86.93
Built-up  Area,Ready To Move,Benson Town,4 BHK,,2368,4.0,3.0,153.87
Super built-up  Area,19-Dec,MG Road,3 BHK,Society_57,1680 - 1780,3.0,2.0,288.34
Plot  Area,19-Dec,Mahadevapura,2 BHK,,997,3.0,2.0,66.46
Super built-up  Area,22-Jan,HSR Layout,2 BHK,Society_94,1299,1.0,1.0,105.65
Super built-up  Area,19-Dec,Jalahalli,3 BHK,Society_74,1625 - 1725,3.0,3.0,90.08
Super built-up  Area,Ready To Move,Ejipura,2 BHK,,1059,2.0,1.0,59.99
Built-up  Area,19-Dec,Old Madras Road,3 BHK,,1437,3.0,2.0,84.92
Plot  Area,19-Dec,JP Nagar,2 BHK,,1149 - 1249,2.0,0.0,113.62
Super built-up  Area,Ready To Move,Thanisandra Main Road,3 BHK,Society_148,1690,2.0,2.0,98.83
Plot  Area,Ready To Move,Basaveshwara Nagar,4 BHK,,2425 - 2525,4.0,2.0,173.62
Carpet  Area,Ready To Move,New BEL Road,3 BHK,,1554,3.0,1.0,70.65
Super built-up  Area,19-Dec,Vidyaranyapura,3 BHK,Society_169,1538,3.0,2.0,108.4
Super built-up  Area,Ready To Move,Domlur,3 BHK,Society_98,1693 - 1793,3.0,0.0,221.84
Plot  Area,Ready To Move,Sadashiva Nagar,3 BHK,Society_63,1335,4.0,3.0,213.07
Plot  Area,22-Jan,Sahakara Nagar,2 BHK,Society_116,1281 - 1381,2.0,2.0,71.92
Built-up  Area,Ready To Move,Hennur Road,4 BHK,,2107,5.0,1.0,128.22
Super built-up  Area,Ready To Move,Jakkur,2 BHK,,1026,3.0,0.0,60.39
Built-up  Area,Ready To Move,Hosa Road,3 BHK,,1496 - 1596,4.0,2.0,80.55
Super built-up  Area,22-Jan,Horamavu Agara,2 BHK,Society_176,1267,3.0,1.0,72.2
Plot  Area,Ready To Move,Bannerghatta Road,4 BHK,,2365 - 2465,4.0,0.0,169.59
Plot  Area,Ready To Move,Bommanahalli,3 BHK,Society_131,1411,4.0,2.0,79.99
Super built-up  Area,22-Jan,Haralur Road,4 BHK,,2381 - 2481,3.0,1.0,140.28
Plot  Area,Ready To Move,Yelahanka,3 BHK,Society_76,1626,3.0,1.0,76.49
Built-up  Area,Ready To Move,Nayandahalli,2 BHK,,955,2.0,2.0,52.08
Built-up  Area,Ready To Move,Vijayanagar,2 BHK,Society_125,874,2.0,2.0,55.82
Plot  Area,19-Dec,Lingarajapuram,2 BHK,Society_87,1047,3.0,2.0,76.39
Plot  Area,19-Dec,Banaswadi,3 BHK,Society_39,1392,2.0,1.0,117.05
Built-up  Area,Ready To Move,Attibele,4 BHK,,2164,4.0,3.0,119.8
Carpet  Area,Ready To Move,Begur Road,2 BHK,,1300,2.0,1.0,75.81
Plot  Area,Ready To Move,Laggere,2 BHK,Society_173,832 - 932,2.0,1.0,52.25
Built-up  Area,22-Jan,Kalyan Nagar,3 BHK,,1624,3.0,2.0,75.93
Plot  Area,22-Jan,Nagarbhavi,1 BHK,,775,2.0,0.0,51.37
Built-up  Area,22-Jan,Padmanabhanagar,3 BHK,Society_176,1317,4.0,1.0,89.72
Built-up  Area,22-Jan,Hoodi,2 BHK,,1293,2.0,2.0,80.08
Built-up  Area,19-Dec,Kasturi Nagar,2 BHK,Society_174,1000,1.0,0.0,65.88
Super built-up  Area,Ready To Move,Malleshwaram,4 BHK,Society_132,2455,3.0,1.0,447.81
Carpet  Area,Ready To Move,Kengeri,2 BHK,Society_1,1205,3.0,2.0,62.58
Super built-up  Area,19-Dec,Begur Road,2 BHK,,1061,2.0,1.0,54.77
Super built-up  Area,Ready To Move,Adugodi,2 BHK,,1090,1.0,2.0,63.39
Super built-up  Area,Ready To Move,Chamrajpet,2 BHK,,1090 - 1190,1.0,0.0,68.47
Plot  Area,Ready To Move,Marathahalli,4 BHK,,2578,3.0,1.0,193.96
Super built-up  Area,22-Jan,Old Madras Road,2 BHK,Society_12,967,3.0,1.0,58.62
Built-up  Area,Ready To Move,Ramamurthy Nagar,4 BHK,Society_82,2152,5.0,1.0,144.82
Super built-up  Area,19-Dec,CV Raman Nagar,3 BHK,,1619 - 1719,3.0,2.0,108.18
Built-up  Area,Ready To Move,Chikkaballapur Road,2 BHK,,840,2.0,2.0,59.29
Built-up  Area,22-Jan,Devanahalli,3 BHK,Society_166,1789,3.0,2.0,59.57
Built-up  Area,Ready To Move,Padmanabhanagar,2 BHK,Society_62,880,2.0,2.0,46.18
Plot  Area,Ready To Move,Girinagar,3 BHK,,1657,3.0,3.0,112.57
Plot  Area,Ready To Move,Devanahalli,2 BHK,,829,3.0,2.0,44.76
Built-up  Area,Ready To Move,Basaveshwara Nagar,1 BHK,,517,2.0,1.0,32.23
Super built-up  Area,Ready To Move,CV Raman Nagar,1 BHK,,592,2.0,1.0,42.5
Built-up  Area,Ready To Move,Peenya,2 BHK,,1124,2.0,2.0,81.56
Carpet  Area,Ready To Move,Richmond Town,3 BHK,,1625,3.0,1.0,212.61
Super built-up  Area,Ready To Move,Richmond Town,2 BHK,,874 - 974,1.0,2.0,127.23
Super built-up  Area,22-Jan,Hoodi,4 BHK,Society_22,2250,4.0,2.0,132.83
Plot  Area,Ready To Move,Chandapura,3 BHK,,1614,2.0,1.0,75.27
Carpet  Area,19-Dec,Sadashiva Nagar,2 BHK,,1090 - 1190,3.0,2.0,128.25
Plot  Area,Ready To Move,Jayanagar,3 BHK,Society_104,1388,4.0,1.0,213.03
Plot  Area,Ready To Move,Hosa Road,3 BHK,Society_11,1414,2.0,2.0,105.23
Plot  Area,19-Dec,Vijayanagar,4 BHK,,2444,5.0,2.0,175.5
Built-up  Area,Ready To Move,Jalahalli,2 BHK,,946,2.0,2.0,58.93
Carpet  Area,Ready To Move,HBR Layout,4 BHK,,2398 - 2498,4.0,1.0,169.92
Super built-up  Area,Ready To Move,Anekal,3 BHK,,1614,3.0,0.0,47.82
Built-up  Area,Ready To Move,RT Nagar,4 BHK,,2163,3.0,3.0,114.31
Super built-up  Area,Ready To Move,Bommasandra,4 BHK,Society_25,2596,4.0,3.0,143.25
Plot  Area,Ready To Move,Koramangala,2 BHK,,987,2.0,0.0,179.33
Super built-up  Area,19-Dec,Kadugodi,2 BHK,,1183,3.0,2.0,75.99
Built-up  Area,Ready To Move,Mahadevapura,5 BHK,,3472,5.0,0.0,150.33
Super built-up  Area,22-Jan,Lingarajapuram,2 BHK,,812,3.0,1.0,54.78
Super built-up  Area,Ready To Move,BTM Layout,3 BHK,Society_31,1636 - 1736,2.0,2.0,130.96
Built-up  Area,Ready To Move,Varthur,4 BHK,Society_53,2123,4.0,2.0,131.39
Plot  Area,Ready To Move,Bellandur,3 BHK,,1509,2.0,1.0,120.55
Built-up  Area,Ready To Move,Kadugodi,2 BHK,,1153,2.0,0.0,62.68
Plot  Area,Ready To Move,Arekere,2 BHK,,956,3.0,1.0,66.12
Super built-up  Area,Ready To Move,Kasturi Nagar,3 BHK,Society_157,1390,3.0,0.0,85.71
Plot  Area,22-Jan,Rajarajeshwari Nagara,4 BHK,Society_108,2224,3.0,2.0,164.05
Built-up  Area,Ready To Move,CV Raman Nagar,3 BHK,,1782,4.0,1.0,68.02
Super built-up  Area,22-Jan,Anekal,4 BHK,,2504,4.0,2.0,87.24
Built-up  Area,19-Dec,Marathahalli,3 BHK,Society_28,1658 - 1758,3.0,2.0,91.69
Super built-up  Area,Ready To Move,Kasturi Nagar,3 BHK,,1737,3.0,2.0,117.01
Super built-up  Area,Ready To Move,Lavelle Road,3 BHK,,1293,2.0,1.0,199.43
Super built-up  Area,22-Jan,Haralur Road,3 BHK,,1216 - 1316,4.0,3.0,63.04
Built-up  Area,22-Jan,Benson Town,3 BHK,,1368,4.0,0.0,79.15
Built-up  Area,19-Dec,Hebbal,2 BHK,Society_160,761 - 861,2.0,2.0,75.09
Super built-up  Area,22-Jan,Chamrajpet,3 BHK,,1753,2.0,3.0,109.88
Carpet  Area,22-Jan,Jigani,2 BHK,,1017,3.0,1.0,66.2
Super built-up  Area,Ready To Move,Budigere Cross,5 BHK,Society_45,3889,5.0,0.0,220.21
Built-up  Area,Ready To Move,Attibele,4 BHK,,2359 - 2459,5.0,2.0,137.65
Super built-up  Area,Ready To Move,Magadi Road,3 BHK,Society_155,1408,3.0,3.0,73.9
Super built-up  Area,Ready To Move,Basavanagudi,3 BHK,,1526,2.0,3.0,220.47
Plot  Area,Ready To Move,Girinagar,1 BHK,Society_11,917,1.0,1.0,55.31
Built-up  Area,19-Dec,Jalahalli,2 BHK,,1051,2.0,1.0,66.87
Plot  Area,Ready To Move,Malleshwaram,2 BHK,Society_8,953,3.0,2.0,143.04
Built-up  Area,Ready To Move,KR Puram,4 BHK,Society_86,2494 - 2594,4.0,1.0,165.74
Super built-up  Area,22-Jan,Kasturi Nagar,1 BHK,,473,2.0,1.0,34.2
Built-up  Area,22-Jan,Lingarajapuram,3 BHK,,1354 - 1454,3.0,2.0,87.19
Super built-up  Area,19-Dec,Lavelle Road,3 BHK,,1795,3.0,0.0,324.03
Super built-up  Area,19-Dec,Adugodi,5 BHK,,3366,5.0,2.0,241.99
Carpet  Area,Ready To Move,HRBR Layout,2 BHK,,807 - 907,2.0,2.0,45.22
Super built-up  Area,19-Dec,Arekere,5 BHK,Society_147,3605,5.0,1.0,240.51
Super built-up  Area,Ready To Move,Vidyaranyapura,4 BHK,,2376,4.0,2.0,139.83
Super built-up  Area,19-Dec,Arekere,2 BHK,,861 - 961,3.0,2.0,67.05
Built-up  Area,19-Dec,Whitefield,3 BHK,,1479 - 1579,3.0,2.0,89.65
Super built-up  Area,22-Jan,Laggere,1 BHK,Society_57,678,1.0,1.0,48.08
Super built-up  Area,19-Dec,Benson Town,3 BHK,Society_38,1606,3.0,1.0,110.74
Plot  Area,22-Jan,Akshaya Nagar,3 BHK,Society_155,1592,3.0,1.0,107.17
Super built-up  Area,Ready To Move,Ulsoor,3 BHK,,1628,4.0,3.0,225.79
Carpet  Area,Ready To Move,Sahakara Nagar,2 BHK,,1053,2.0,0.0,72.46
Built-up  Area,Ready To Move,Basaveshwara Nagar,2 BHK,,902 - 1002,2.0,2.0,63.23
Carpet  Area,Ready To Move,Magadi Road,2 BHK,Society_126,895,2.0,2.0,61.43
Super built-up  Area,Ready To Move,Kadugodi,4 BHK,Society_76,2526,4.0,2.0,130.14
Super built-up  Area,Ready To Move,MG Road,3 BHK,Society_163,1723,4.0,2.0,331.26
Built-up  Area,22-Jan,Cox Town,3 BHK,,1564,2.0,1.0,126.07
Super built-up  Area,Ready To Move,Yelahanka,2 BHK,Society_89,1039,2.0,1.0,80.36
Plot  Area,Ready To Move,CV Raman Nagar,3 BHK,Society_83,1763,3.0,0.0,134.12
Super built-up  Area,22-Jan,Bommasandra,2 BHK,,912,3.0,2.0,43.51
Super built-up  Area,22-Jan,Chamrajpet,3 BHK,,1318,3.0,0.0,100.59
Built-up  Area,Ready To Move,Gottigere,4 BHK,Society_148,2190,5.0,3.0,118.44
Built-up  Area,Ready To Move,Horamavu Agara,4 BHK,Society_169,2410,4.0,1.0,153.02
Built-up  Area,Ready To Move,Domlur,3 BHK,,1636,3.0,1.0,197.46
Carpet  Area,19-Dec,Bellandur,2 BHK,,1238,2.0,2.0,91.23
Built-up  Area,Ready To Move,Lingarajapuram,2 BHK,,933,2.0,1.0,49.91
Super built-up  Area,Ready To Move,Sarjapur Road,4 BHK,Society_123,2114,4.0,1.0,102.18
Built-up  Area,22-Jan,Ejipura,3 BHK,,1274,2.0,2.0,116.53
Built-up  Area,Ready To Move,Akshaya Nagar,4 BHK,,2469,4.0,2.0,129.67
Super built-up  Area,19-Dec,Richmond Town,2 BHK,,1306,1.0,0.0,201.97
Super built-up  Area,Ready To Move,Kanakapura Road,5 BHK,Society_111,3392,5.0,0.0,188.17
Super built-up  Area,Ready To Move,Vijayanagar,1 BHK,,765,1.0,1.0,47.71
Carpet  Area,Ready To Move,Cox Town,3 BHK,,1777,3.0,3.0,113.14
Carpet  Area,Ready To Move,Old Madras Road,3 BHK,,1743,3.0,0.0,111.68
Plot  Area,Ready To Move,Old Airport Road,4 BHK,Society_168,2598,4.0,1.0,394.74
Plot  Area,Ready To Move,Chandapura,4 BHK,,2579,4.0,3.0,100.01
Super built-up  Area,Ready To Move,Hebbal,2 BHK,,837 - 937,3.0,2.0,73.93
Plot  Area,19-Dec,Kogilu,2 BHK,,820,2.0,1.0,68.83
Built-up  Area,19-Dec,Whitefield,2 BHK,Society_55,1243,2.0,1.0,64.42
Built-up  Area,Ready To Move,MG Road,5 BHK,,3847 - 3947,5.0,0.0,562.31
Plot  Area,Ready To Move,Yelahanka,3 BHK,,1796,3.0,3.0,117.9
Built-up  Area,22-Jan,Devanahalli,2 BHK,Society_134,1171,1.0,0.0,59.04
Super built-up  Area,Ready To Move,Padmanabhanagar,2 BHK,Society_115,1088,2.0,2.0,62.53
Super built-up  Area,19-Dec,Devanahalli,2 BHK,,760 - 860,2.0,2.0,38.77
Built-up  Area,Ready To Move,Marathahalli,3 BHK,,1730,3.0,1.0,105.33
Built-up  Area,22-Jan,Whitefield,3 BHK,,1488,2.0,0.0,104.48
Plot  Area,22-Jan,Kanakapura Road,3 BHK,Society_62,1518,2.0,1.0,105.34
Super built-up  Area,Ready To Move,Haralur Road,3 BHK,,1636,2.0,2.0,76.83
Plot  Area,Ready To Move,Old Airport Road,3 BHK,,1342,3.0,3.0,106.04
Super built-up  Area,Ready To Move,Malleshwaram,4 BHK,Society_179,2478,4.0,1.0,313.11
Built-up  Area,Ready To Move,Lingarajapuram,2 BHK,,1333,3.0,0.0,81.83
Super built-up  Area,Ready To Move,Mahadevapura,5 BHK,,3881,4.0,1.0,274.08
Super built-up  Area,Ready To Move,Kammanahalli,3 BHK,Society_49,1756,4.0,2.0,114.55
Plot  Area,Ready To Move,Uttarahalli,4 BHK,,2366,4.0,2.0,158.28
Super built-up  Area,Ready To Move,HBR Layout,4 BHK,,2363,5.0,0.0,156.0
Super built-up  Area,Ready To Move,Kengeri,3 BHK,Society_62,1691,3.0,1.0,87.49
Super built-up  Area,19-Dec,Kudlu Gate,3 BHK,Society_139,1516,3.0,0.0,85.9
Plot  Area,Ready To Move,Narayanapura,3 BHK,Society_113,1427,4.0,1.0,77.7
Super built-up  Area,22-Jan,Begur Road,3 BHK,Society_13,1444,3.0,3.0,103.5
Plot  Area,Ready To Move,Hebbal,2 BHK,Society_161,1236,3.0,2.0,130.12
Plot  Area,Ready To Move,Whitefield,3 BHK,Society_56,1783,2.0,2.0,142.19
Built-up  Area,Ready To Move,Yeshwanthpur,3 BHK,,1326,3.0,1.0,92.82
Plot  Area,19-Dec,Basaveshwara Nagar,4 BHK,Society_149,2348,3.0,1.0,137.3
Super built-up  Area,Ready To Move,Budigere Cross,1 BHK,Society_100,907,1.0,1.0,52.43
Built-up  Area,Ready To Move,Jigani,3 BHK,,1691,3.0,1.0,105.25
Built-up  Area,Ready To Move,Malleshwaram,3 BHK,Society_139,1273 - 1373,2.0,1.0,198.95
Carpet  Area,Ready To Move,MG Road,3 BHK,,1390 - 1490,3.0,2.0,283.52
Built-up  Area,Ready To Move,RT Nagar,3 BHK,Society_89,1720,3.0,2.0,116.9
Super built-up  Area,Ready To Move,Bagalur,3 BHK,Society_142,1313,4.0,0.0,74.08
Built-up  Area,19-Dec,Richmond Town,4 BHK,Society_131,2424,4.0,1.0,432.0
Built-up  Area,22-Jan,Nayandahalli,3 BHK,,1687,3.0,1.0,94.15
Carpet  Area,Ready To Move,Thanisandra Main Road,4 BHK,Society_88,2143 - 2243,4.0,2.0,128.6
Built-up  Area,22-Jan,Devanahalli,5 BHK,,3561,4.0,1.0,199.32
Super built-up  Area,Ready To Move,Cunningham Road,5 BHK,Society_71,3413,5.0,3.0,661.37
Super built-up  Area,Ready To Move,Kadugodi,3 BHK,Society_40,1299,3.0,2.0,81.84
Super built-up  Area,Ready To Move,Varthur,4 BHK,,2159,3.0,3.0,129.94
Plot  Area,22-Jan,Jayanagar,2 BHK,,900,2.0,2.0,140.06
Plot  Area,Ready To Move,Hosa Road,3 BHK,,1361,4.0,3.0,115.05
Super built-up  Area,19-Dec,Ulsoor,3 BHK,Society_143,1430,3.0,0.0,172.16
Carpet  Area,Ready To Move,Jigani,3 BHK,,1774,3.0,0.0,73.88
Super built-up  Area,19-Dec,Bommasandra,3 BHK,,1677,3.0,2.0,96.5
Built-up  Area,Ready To Move,Jayanagar,4 BHK,Society_54,2278,4.0,2.0,316.6
Super built-up  Area,Ready To Move,Gottigere,4 BHK,Society_96,2186 - 2286,5.0,2.0,121.93
Super built-up  Area,Ready To Move,Jakkur,3 BHK,,1434,3.0,1.0,79.08
Super built-up  Area,19-Dec,Kumaraswamy Layout,4 BHK,,2307 - 2407,4.0,0.0,194.02
Built-up  Area,22-Jan,Domlur,3 BHK,,1586,4.0,0.0,255.04
Plot  Area,Ready To Move,Rajarajeshwari Nagara,1 BHK,Society_145,727,1.0,1.0,55.75
Built-up  Area,22-Jan,Jayanagar,4 BHK,,2287,4.0,2.0,315.56
Plot  Area,Ready To Move,Rachenahalli,3 BHK,Society_137,1450,4.0,1.0,104.63
Built-up  Area,Ready To Move,Whitefield,4 BHK,Society_72,2097 - 2197,4.0,2.0,120.51
Super built-up  Area,Ready To Move,Banashankari,3 BHK,,1481,3.0,3.0,114.35
Super built-up  Area,Ready To Move,Kogilu,4 BHK,,2439,4.0,3.0,165.31
Built-up  Area,Ready To Move,Adugodi,3 BHK,Society_184,1398,3.0,1.0,82.42
Built-up  Area,Ready To Move,Lingarajapuram,3 BHK,Society_164,1492 - 1592,3.0,2.0,95.5
Carpet  Area,Ready To Move,Vasanth Nagar,3 BHK,Society_170,1354,4.0,2.0,147.29
Super built-up  Area,Ready To Move,Hulimavu,3 BHK,,1709,3.0,2.0,82.86
Carpet  Area,Ready To Move,Chikkaballapur Road,2 BHK,Society_5,1174,1.0,0.0,56.56
Plot  Area,19-Dec,Hennur Road,2 BHK,,1070,2.0,2.0,83.29
Super built-up  Area,22-Jan,Girinagar,3 BHK,,1389,4.0,0.0,85.18
Built-up  Area,Ready To Move,Dasarahalli,2 BHK,,1280,3.0,2.0,77.69
Super built-up  Area,Ready To Move,Old Madras Road,3 BHK,,1269 - 1369,3.0,1.0,89.26
Carpet  Area,Ready To Move,Varthur,3 BHK,Society_5,1491,3.0,0.0,106.25
Built-up  Area,Ready To Move,Cunningham Road,3 BHK,Society_188,1305,3.0,2.0,218.9
Super built-up  Area,Ready To Move,Peenya,3 BHK,,1694,2.0,3.0,98.24
Built-up  Area,Ready To Move,Brigade Road,2 BHK,,1046,3.0,0.0,137.26
Built-up  Area,22-Jan,Lavelle Road,4 BHK,Society_190,2384,4.0,3.0,460.07
Carpet  Area,22-Jan,BTM Layout,3 BHK,,1415,3.0,3.0,91.3
Super built-up  Area,Ready To Move,Jayanagar,3 BHK,Society_162,1494,3.0,2.0,186.46
Carpet  Area,22-Jan,Thanisandra,2 BHK,,1189,2.0,1.0,82.3
Super built-up  Area,Ready To Move,Koramangala,3 BHK,,1740,4.0,1.0,261.84
Plot  Area,19-Dec,Basaveshwara Nagar,1 BHK,,716,1.0,0.0,48.93
Super built-up  Area,19-Dec,JP Nagar,2 BHK,,1262,3.0,1.0,115.8
Super built-up  Area,22-Jan,Lingarajapuram,3 BHK,Society_30,1385,3.0,0.0,54.98
Plot  Area,22-Jan,Indira Nagar,1 BHK,Society_94,822,2.0,1.0,127.69
Super built-up  Area,Ready To Move,Bannerghatta Road,4 BHK,,2055,4.0,1.0,99.07
Super built-up  Area,Ready To Move,Kalyan Nagar,2 BHK,,1200,3.0,2.0,75.91
Plot  Area,Ready To Move,Jalahalli,3 BHK,,1442,4.0,3.0,100.59
Super built-up  Area,Ready To Move,Devanahalli,2 BHK,,882,1.0,2.0,37.69
Super built-up  Area,Ready To Move,Haralur Road,4 BHK,,2539,4.0,3.0,176.3
Plot  Area,19-Dec,Kogilu,4 BHK,,2502 - 2602,4.0,3.0,219.81
Built-up  Area,Ready To Move,Budigere Cross,3 BHK,,1779,3.0,2.0,89.14
Super built-up  Area,Ready To Move,Sarjapur Road,2 BHK,Society_120,1082,3.0,2.0,57.01
Super built-up  Area,22-Jan,KR Puram,4 BHK,Society_125,2224,5.0,2.0,147.0
Super built-up  Area,22-Jan,Banaswadi,3 BHK,Society_27,1630 - 1730,4.0,1.0,89.08
Super built-up  Area,22-Jan,Yeshwanthpur,2 BHK,,963,2.0,2.0,61.13
Super built-up  Area,19-Dec,Hormavu,3 BHK,,1470,4.0,3.0,83.07
Built-up  Area,19-Dec,Begur Road,2 BHK,Society_75,1038,2.0,2.0,58.77
Carpet  Area,Ready To Move,Cox Town,1 BHK,,699,1.0,1.0,49.38
Plot  Area,Ready To Move,Padmanabhanagar,3 BHK,,1412,3.0,2.0,93.33
Super built-up  Area,Ready To Move,Lingarajapuram,2 BHK,,943,1.0,1.0,41.08
Super built-up  Area,Ready To Move,Kanakapura Road,3 BHK,Society_4,1474,3.0,2.0,104.06
Super built-up  Area,Ready To Move,Kanakapura Road,2 BHK,Society_113,920 - 1020,2.0,2.0,63.76
Super built-up  Area,Ready To Move,Domlur,3 BHK,,1565,4.0,3.0,187.02
Super built-up  Area,Ready To Move,Kudlu Gate,2 BHK,,1045,1.0,2.0,59.21
Built-up  Area,19-Dec,Kadugodi,2 BHK,Society_155,1121,3.0,0.0,56.46
Built-up  Area,22-Jan,Ulsoor,5 BHK,,3634,6.0,2.0,514.35
Super built-up  Area,22-Jan,Anekal,4 BHK,Society_96,2177,4.0,2.0,86.27
Super built-up  Area,Ready To Move,Akshaya Nagar,3 BHK,Society_149,1543,3.0,2.0,102.33
Plot  Area,22-Jan,Anekal,3 BHK,,1645,3.0,2.0,65.38
Built-up  Area,22-Jan,Anekal,2 BHK,Society_35,994 - 1094,2.0,0.0,19.07
Carpet  Area,Ready To Move,Yeshwanthpur,2 BHK,,1208,2.0,2.0,66.61
Super built-up  Area,Ready To Move,Budigere Cross,4 BHK,Society_195,2393,4.0,2.0,114.59
Built-up  Area,Ready To Move,Cox Town,3 BHK,,1378,3.0,1.0,68.38
Super built-up  Area,19-Dec,New BEL Road,3 BHK,,1403 - 1503,4.0,2.0,102.05
Super built-up  Area,Ready To Move,Rajarajeshwari Nagara,3 BHK,,1437,3.0,3.0,104.9
Built-up  Area,19-Dec,Kudlu Gate,3 BHK,Society_39,1225 - 1325,3.0,2.0,76.06
Super built-up  Area,19-Dec,Jigani,3 BHK,,1291,3.0,1.0,100.36
Built-up  Area,Ready To Move,HRBR Layout,5 BHK,Society_68,3677,5.0,2.0,219.98
Carpet  Area,19-Dec,Kanakapura Road,4 BHK,Society_75,2420 - 2520,3.0,0.0,136.75
Built-up  Area,22-Jan,Hebbal,3 BHK,,1772,4.0,3.0,180.32
Super built-up  Area,19-Dec,Ulsoor,3 BHK,,1303,2.0,1.0,122.3
Built-up  Area,Ready To Move,Mysore Road,3 BHK,Society_22,1756,2.0,3.0,105.33
Super built-up  Area,22-Jan,Arekere,2 BHK,Society_4,1240,1.0,1.0,65.1
Super built-up  Area,22-Jan,Hormavu,3 BHK,,1509,3.0,3.0,85.63
Super built-up  Area,Ready To Move,Rachenahalli,2 BHK,,1082,2.0,1.0,66.45
Super built-up  Area,Ready To Move,BTM Layout,3 BHK,Society_12,1288,3.0,2.0,118.8
Super built-up  Area,Ready To Move,Indira Nagar,2 BHK,,1054,1.0,0.0,194.66
Plot  Area,Ready To Move,Nagarbhavi,3 BHK,,1232 - 1332,3.0,2.0,67.5
Super built-up  Area,19-Dec,Chikkaballapur Road,4 BHK,,2210,4.0,3.0,126.69
Super built-up  Area,Ready To Move,Hormavu,3 BHK,,1671,2.0,1.0,101.3
Super built-up  Area,Ready To Move,Horamavu Agara,2 BHK,,897,1.0,2.0,53.36
Built-up  Area,Ready To Move,Girinagar,3 BHK,,1661,4.0,1.0,110.63
Built-up  Area,Ready To Move,New BEL Road,3 BHK,,1302,3.0,1.0,94.91
Built-up  Area,Ready To Move,Kengeri,2 BHK,Society_8,834,3.0,2.0,39.21
Carpet  Area,22-Jan,Thanisandra Main Road,3 BHK,,1700,2.0,2.0,92.09
Built-up  Area,Ready To Move,Wilson Garden,2 BHK,Society_110,1207,2.0,2.0,100.94
Super built-up  Area,Ready To Move,Mysore Road,4 BHK,,2394,4.0,2.0,108.36
Built-up  Area,Ready To Move,New BEL Road,4 BHK,Society_63,2579,3.0,1.0,157.52
Built-up  Area,22-Jan,Sadashiva Nagar,2 BHK,,910,2.0,2.0,157.15
Built-up  Area,19-Dec,Horamavu Agara,4 BHK,,2115,4.0,2.0,127.98
Plot  Area,Ready To Move,MG Road,4 BHK,Society_171,2034 - 2134,3.0,1.0,399.29
Built-up  Area,19-Dec,Varthur,1 BHK,Society_33,674,1.0,1.0,44.05
Plot  Area,22-Jan,Vasanth Nagar,4 BHK,Society_54,2226,3.0,1.0,305.3
Super built-up  Area,22-Jan,Old Airport Road,3 BHK,,1693,2.0,3.0,222.06
Super built-up  Area,Ready To Move,HRBR Layout,3 BHK,Society_103,1313,3.0,1.0,92.28
Super built-up  Area,Ready To Move,Mahadevapura,2 BHK,,887,2.0,1.0,39.39
Built-up  Area,19-Dec,Rajarajeshwari Nagara,3 BHK,,1358,3.0,2.0,78.28
Super built-up  Area,Ready To Move,BTM Layout,3 BHK,,1786,3.0,1.0,195.21
Built-up  Area,Ready To Move,Mahadevapura,2 BHK,,967,2.0,2.0,60.05
Plot  Area,Ready To Move,Hoodi,4 BHK,,2202,3.0,0.0,134.69
Built-up  Area,19-Dec,Kumaraswamy Layout,4 BHK,Society_146,2074,4.0,0.0,113.76
Super built-up  Area,Ready To Move,Mahadevapura,3 BHK,Society_18,1319,3.0,1.0,69.76
Plot  Area,Ready To Move,Devanahalli,3 BHK,Society_93,1715 - 1815,3.0,2.0,122.9
Super built-up  Area,Ready To Move,Kudlu Gate,3 BHK,,1438,3.0,1.0,67.13
Super built-up  Area,19-Dec,Kudlu Gate,4 BHK,,2375 - 2475,3.0,2.0,189.41
Plot  Area,Ready To Move,Kogilu,4 BHK,,2255,4.0,1.0,158.77
Super built-up  Area,Ready To Move,MG Road,2 BHK,,929,2.0,2.0,202.06
Plot  Area,19-Dec,Thanisandra Main Road,3 BHK,Society_183,1716,3.0,2.0,132.81
Super built-up  Area,Ready To Move,Rachenahalli,5 BHK,,3868,5.0,0.0,197.62
Plot  Area,19-Dec,Kudlu Gate,3 BHK,,1422,2.0,1.0,97.6
Built-up  Area,Ready To Move,Laggere,4 BHK,,2175,4.0,0.0,115.76
Carpet  Area,Ready To Move,RT Nagar,2 BHK,Society_109,820,2.0,1.0,43.38
Super built-up  Area,Ready To Move,Kalyan Nagar,2 BHK,,834,2.0,1.0,50.59
Super built-up  Area,19-Dec,Laggere,2 BHK,,1097,1.0,0.0,64.34
Carpet  Area,22-Jan,Narayanapura,3 BHK,Society_95,1588 - 1688,3.0,2.0,87.0
Super built-up  Area,Ready To Move,Hosa Road,2 BHK,Society_8,849,2.0,2.0,32.62
Super built-up  Area,Ready To Move,HBR Layout,4 BHK,,2410,4.0,2.0,145.12
Built-up  Area,22-Jan,Anekal,2 BHK,,897,2.0,2.0,30.15
Plot  Area,22-Jan,Rajarajeshwari Nagara,2 BHK,Society_35,958 - 1058,1.0,2.0,45.83
Carpet  Area,Ready To Move,Richmond Town,3 BHK,Society_81,1472 - 1572,3.0,1.0,281.32
Built-up  Area,Ready To Move,New BEL Road,2 BHK,,1197 - 1297,2.0,0.0,87.52
Built-up  Area,Ready To Move,Kammanahalli,2 BHK,Society_193,1238,1.0,2.0,73.54
Super built-up  Area,Ready To Move,Whitefield,2 BHK,,1059,1.0,1.0,77.78
Super built-up  Area,22-Jan,Jalahalli,2 BHK,Society_171,1271,2.0,2.0,87.72
Plot  Area,Ready To Move,Kudlu Gate,4 BHK,Society_40,2231,4.0,3.0,160.34
Super built-up  Area,Ready To Move,HRBR Layout,4 BHK,,2101,4.0,1.0,125.64
Super built-up  Area,Ready To Move,Chikkaballapur Road,5 BHK,,3547,6.0,1.0,178.86
Carpet  Area,22-Jan,Benson Town,3 BHK,Society_42,1535,2.0,3.0,81.19
Super built-up  Area,Ready To Move,Uttarahalli,2 BHK,Society_147,1201,2.0,0.0,81.88
Carpet  Area,Ready To Move,Wilson Garden,4 BHK,Society_16,2526,3.0,0.0,256.51
Plot  Area,Ready To Move,RT Nagar,3 BHK,Society_172,1787,4.0,0.0,116.99
Super built-up  Area,22-Jan,Jigani,4 BHK,,2501,4.0,1.0,150.1
Super built-up  Area,22-Jan,Bellandur,3 BHK,,1539 - 1639,3.0,3.0,142.67
Built-up  Area,19-Dec,Attibele,5 BHK,,3393,5.0,1.0,190.09
Built-up  Area,22-Jan,Ulsoor,3 BHK,,1379,3.0,0.0,141.86
Plot  Area,Ready To Move,Laggere,3 BHK,Society_105,1418,3.0,1.0,132.09
Built-up  Area,Ready To Move,JP Nagar,3 BHK,,1717 - 1817,3.0,1.0,140.21
Plot  Area,Ready To Move,Kudlu Gate,3 BHK,,1305,3.0,3.0,106.01
Super built-up  Area,Ready To Move,Cox Town,2 BHK,Society_176,1091,2.0,2.0,54.56
Super built-up  Area,Ready To Move,Begur Road,2 BHK,,1143,2.0,0.0,80.38
Built-up  Area,22-Jan,HBR Layout,4 BHK,,2336 - 2436,4.0,2.0,178.57
Carpet  Area,Ready To Move,Hosa Road,2 BHK,,1023 - 1123,2.0,2.0,70.43
Built-up  Area,22-Jan,Yeshwanthpur,2 BHK,,1137,2.0,2.0,61.85
Super built-up  Area,19-Dec,Malleshwaram,2 BHK,Society_181,1337,2.0,1.0,176.69
Super built-up  Area,Ready To Move,Chamrajpet,4 BHK,Society_99,2272 - 2372,5.0,0.0,162.77
Built-up  Area,Ready To Move,Ejipura,4 BHK,,2095,5.0,2.0,153.07
Built-up  Area,Ready To Move,Bommasandra,3 BHK,,1449,2.0,2.0,114.36
Carpet  Area,22-Jan,Ramamurthy Nagar,3 BHK,,1550,4.0,1.0,89.43
Super built-up  Area,Ready To Move,Nagarbhavi,2 BHK,Society_124,1081,1.0,2.0,51.41
Plot  Area,Ready To Move,Rajaji Nagar,3 BHK,,1432,4.0,1.0,149.06
Plot  Area,Ready To Move,Yelahanka,3 BHK,,1555 - 1655,3.0,2.0,84.74
Super built-up  Area,22-Jan,Basaveshwara Nagar,3 BHK,,1318,3.0,1.0,91.25
Plot  Area,22-Jan,Kumaraswamy Layout,2 BHK,,903 - 1003,1.0,2.0,69.81
Plot  Area,Ready To Move,JP Nagar,3 BHK,,1613,3.0,0.0,162.3
Built-up  Area,Ready To Move,Whitefield,3 BHK,Society_130,1765,3.0,2.0,124.47
Built-up  Area,Ready To Move,Bagalur,3 BHK,Society_73,1641,2.0,1.0,102.91
Super built-up  Area,22-Jan,Peenya,2 BHK,Society_182,1321,1.0,2.0,72.66
Super built-up  Area,22-Jan,Dasarahalli,3 BHK,,1555,4.0,0.0,111.92
Built-up  Area,Ready To Move,HBR Layout,1 BHK,,450,1.0,1.0,36.68
Built-up  Area,19-Dec,Ulsoor,3 BHK,,1497 - 1597,3.0,1.0,179.8
Super built-up  Area,Ready To Move,Haralur Road,2 BHK,Society_18,856,3.0,2.0,54.29
Built-up  Area,22-Jan,Wilson Garden,3 BHK,Society_53,1684,3.0,2.0,201.99
Plot  Area,19-Dec,Vasanth Nagar,5 BHK,Society_94,3543,5.0,1.0,656.69
Super built-up  Area,Ready To Move,Varthur,2 BHK,Society_5,939,2.0,2.0,63.12
Super built-up  Area,19-Dec,Lavelle Road,2 BHK,Society_77,1008 - 1108,2.0,1.0,223.07
Super built-up  Area,19-Dec,Chikkaballapur Road,2 BHK,Society_15,1031 - 1131,2.0,2.0,67.04
Super built-up  Area,19-Dec,Thanisandra,2 BHK,Society_65,968,1.0,2.0,59.34
Super built-up  Area,Ready To Move,Kanakapura Road,4 BHK,Society_151,2220 - 2320,3.0,2.0,159.23
Super built-up  Area,Ready To Move,Padmanabhanagar,4 BHK,,2117,3.0,1.0,152.0
Carpet  Area,Ready To Move,Lavelle Road,3 BHK,Society_106,1533,3.0,2.0,296.28
Super built-up  Area,Ready To Move,Cox Town,3 BHK,,1291,4.0,2.0,89.28
Super built-up  Area,19-Dec,Begur Road,2 BHK,Society_95,1020,2.0,2.0,68.27
Built-up  Area,Ready To Move,Akshaya Nagar,5 BHK,,3769,4.0,1.0,241.6
Built-up  Area,Ready To Move,Bannerghatta Road,3 BHK,Society_116,1504,2.0,1.0,107.48
Plot  Area,Ready To Move,Whitefield,2 BHK,,1167,2.0,1.0,110.74
Built-up  Area,Ready To Move,Bellandur,2 BHK,Society_126,858,2.0,2.0,72.04
Plot  Area,Ready To Move,Uttarahalli,4 BHK,Society_143,2100,4.0,1.0,97.72
Built-up  Area,Ready To Move,Bommasandra,3 BHK,Society_124,1669,3.0,3.0,92.44
Built-up  Area,Ready To Move,MG Road,1 BHK,Society_147,443,1.0,1.0,57.47
Plot  Area,22-Jan,Indira Nagar,2 BHK,,1219,3.0,2.0,213.82
Super built-up  Area,Ready To Move,CV Raman Nagar,3 BHK,Society_188,1574,3.0,1.0,93.43
Super built-up  Area,Ready To Move,Bommanahalli,2 BHK,,877,1.0,2.0,47.54
Plot  Area,Ready To Move,HBR Layout,3 BHK,Society_108,1694,3.0,1.0,114.08
Built-up  Area,19-Dec,Yelahanka,4 BHK,,2120,4.0,1.0,145.07
Plot  Area,Ready To Move,Old Airport Road,2 BHK,,1329,2.0,2.0,168.61
Super built-up  Area,22-Jan,Banaswadi,3 BHK,Society_184,1436 - 1536,2.0,2.0,111.1
Carpet  Area,Ready To Move,Laggere,3 BHK,,1622,2.0,0.0,92.64
Built-up  Area,Ready To Move,BTM Layout,2 BHK,Society_168,1265,1.0,2.0,101.58
Super built-up  Area,Ready To Move,Haralur Road,4 BHK,,2253,5.0,2.0,173.07
Super built-up  Area,Ready To Move,Horamavu Agara,3 BHK,,1593,3.0,1.0,101.6
Super built-up  Area,22-Jan,Koramangala,1 BHK,,818,1.0,1.0,99.05
Super built-up  Area,Ready To Move,Fraser Town,2 BHK,Society_167,852 - 952,3.0,2.0,58.93
Super built-up  Area,Ready To Move,Horamavu Agara,4 BHK,Society_179,2478 - 2578,4.0,2.0,100.23
Super built-up  Area,19-Dec,Thanisandra,3 BHK,,1407,4.0,2.0,66.91
Super built-up  Area,Ready To Move,Bellandur,2 BHK,,1153 - 1253,1.0,2.0,86.53
Plot  Area,19-Dec,Richmond Town,1 BHK,Society_196,779,2.0,1.0,129.99
Super built-up  Area,Ready To Move,Arekere,3 BHK,Society_78,1501,3.0,1.0,110.45
Super built-up  Area,19-Dec,Sahakara Nagar,2 BHK,,1013,2.0,1.0,66.3
Super built-up  Area,Ready To Move,Jayanagar,3 BHK,,1253,3.0,0.0,168.39
Plot  Area,Ready To Move,Hosa Road,4 BHK,,2201,4.0,1.0,173.18
Built-up  Area,Ready To Move,Hoodi,2 BHK,Society_77,1272,1.0,2.0,69.94
Super built-up  Area,Ready To Move,Vasanth Nagar,2 BHK,Society_69,1273,2.0,1.0,149.11
Carpet  Area,22-Jan,Gottigere,2 BHK,,1292,3.0,2.0,83.02
Built-up  Area,Ready To Move,Nayandahalli,3 BHK,,1366,3.0,1.0,74.02
Super built-up  Area,Ready To Move,Vidyaranyapura,2 BHK,,869,2.0,2.0,50.19
Built-up  Area,19-Dec,Varthur,2 BHK,,869,2.0,2.0,39.06
Built-up  Area,Ready To Move,Domlur,3 BHK,,1488,2.0,1.0,175.21
Plot  Area,22-Jan,Kasturi Nagar,4 BHK,,2274,4.0,1.0,137.96
Super built-up  Area,22-Jan,Kengeri,4 BHK,,2350,5.0,2.0,128.15
Built-up  Area,22-Jan,Kengeri,3 BHK,Society_179,1473,3.0,1.0,83.02
Super built-up  Area,22-Jan,Electronic City,4 BHK,,2078,5.0,1.0,120.73
Built-up  Area,Ready To Move,Lingarajapuram,2 BHK,,910,2.0,1.0,62.32
Super built-up  Area,Ready To Move,Whitefield,4 BHK,,2535,5.0,1.0,194.52
Built-up  Area,Ready To Move,RT Nagar,4 BHK,,2113 - 2213,5.0,2.0,136.46
Built-up  Area,22-Jan,Electronic City,3 BHK,,1467,2.0,2.0,62.44
Super built-up  Area,Ready To Move,Whitefield,1 BHK,,658,2.0,1.0,48.68
Super built-up  Area,22-Jan,Begur Road,3 BHK,,1607,3.0,1.0,124.32
Super built-up  Area,Ready To Move,Kogilu,4 BHK,,2313,4.0,3.0,126.18
Super built-up  Area,Ready To Move,Padmanabhanagar,4 BHK,Society_80,2551,5.0,2.0,166.25
Built-up  Area,Ready To Move,Basaveshwara Nagar,3 BHK,,1263,2.0,0.0,74.34
Plot  Area,Ready To Move,Nayandahalli,3 BHK,,1469,2.0,2.0,84.34
Super built-up  Area,Ready To Move,Hennur Road,5 BHK,Society_58,3775,6.0,0.0,259.82
Built-up  Area,19-Dec,Lingarajapuram,2 BHK,Society_129,881,2.0,2.0,57.99
Built-up  Area,22-Jan,Padmanabhanagar,2 BHK,Society_193,845,2.0,2.0,50.67
Built-up  Area,Ready To Move,Bagalur,4 BHK,,2589,5.0,1.0,141.61
Super built-up  Area,Ready To Move,Nayandahalli,2 BHK,,1098,1.0,1.0,61.35
Super built-up  Area,19-Dec,Richmond Town,3 BHK,,1564,3.0,2.0,241.64
Super built-up  Area,19-Dec,Sahakara Nagar,3 BHK,,1250,4.0,1.0,77.99
Built-up  Area,19-Dec,Cox Town,3 BHK,,1524 - 1624,3.0,3.0,104.68
Built-up  Area,22-Jan,Cunningham Road,2 BHK,,1263,2.0,1.0,217.13
Plot  Area,Ready To Move,Vijayanagar,2 BHK,Society_186,1135,3.0,1.0,91.13
Carpet  Area,19-Dec,Sadashiva Nagar,4 BHK,Society_135,2346,4.0,1.0,442.92
Super built-up  Area,19-Dec,Banashankari,2 BHK,,1136,2.0,1.0,74.67
Built-up  Area,22-Jan,Ulsoor,1 BHK,Society_4,513,1.0,1.0,45.1
Carpet  Area,22-Jan,Ulsoor,2 BHK,,980 - 1080,2.0,2.0,110.45
Super built-up  Area,Ready To Move,Rajaji Nagar,4 BHK,Society_37,2362,3.0,2.0,267.2
Carpet  Area,Ready To Move,Wilson Garden,4 BHK,,2423,3.0,2.0,212.69
Built-up  Area,Ready To Move,Ulsoor,2 BHK,,1135 - 1235,2.0,2.0,113.74
Super built-up  Area,Ready To Move,MG Road,2 BHK,,1244,2.0,2.0,248.29
Built-up  Area,Ready To Move,Kasturi Nagar,3 BHK,Society_26,1632,3.0,1.0,99.93
Plot  Area,Ready To Move,Hosa Road,3 BHK,,1437,3.0,0.0,124.88
Super built-up  Area,Ready To Move,Vasanth Nagar,1 BHK,Society_124,677,1.0,1.0,68.51
Built-up  Area,Ready To Move,Wilson Garden,2 BHK,,1128,2.0,2.0,87.45
Plot  Area,19-Dec,Kanakapura Road,3 BHK,Society_97,1332,3.0,1.0,109.64
Built-up  Area,22-Jan,Varthur,3 BHK,,1773,2.0,1.0,101.48
Carpet  Area,Ready To Move,Chamrajpet,3 BHK,,1366,3.0,2.0,96.72
Built-up  Area,22-Jan,Sarjapur Road,4 BHK,,2099,4.0,1.0,99.63
Carpet  Area,22-Jan,Yelahanka,3 BHK,,1348,3.0,1.0,80.46
Super built-up  Area,Ready To Move,Marathahalli,2 BHK,Society_176,1025,2.0,1.0,62.54
Built-up  Area,Ready To Move,Malleshwaram,2 BHK,,1128,3.0,2.0,147.42
Super built-up  Area,Ready To Move,Whitefield,3 BHK,,1228 - 1328,3.0,2.0,68.44
Carpet  Area,Ready To Move,Cox Town,2 BHK,,1295,3.0,1.0,68.51
Carpet  Area,Ready To Move,Sarjapur Road,2 BHK,,965,2.0,1.0,68.97
Super built-up  Area,Ready To Move,Indira Nagar,3 BHK,,1398,3.0,0.0,234.58
Super built-up  Area,22-Jan,Kasturi Nagar,3 BHK,,1628 - 1728,3.0,1.0,91.49
Carpet  Area,Ready To Move,Adugodi,3 BHK,,1672,2.0,1.0,109.24
Super built-up  Area,22-Jan,Hennur Road,4 BHK,,2150,3.0,1.0,89.66
Plot  Area,Ready To Move,Sarjapur Road,4 BHK,,2025 - 2125,4.0,0.0,188.54
Plot  Area,Ready To Move,Banashankari,3 BHK,Society_131,1620,3.0,2.0,85.44
Built-up  Area,Ready To Move,Thanisandra Main Road,3 BHK,,1721,3.0,1.0,112.1
Super built-up  Area,19-Dec,Gottigere,5 BHK,,3605,6.0,0.0,217.3
Plot  Area,Ready To Move,Akshaya Nagar,2 BHK,,1124,2.0,1.0,76.06
Built-up  Area,Ready To Move,New BEL Road,2 BHK,,1327,2.0,1.0,74.79
Built-up  Area,22-Jan,Varthur,3 BHK,,1435,2.0,2.0,89.53
Super built-up  Area,Ready To Move,Varthur,2 BHK,Society_120,1287,2.0,0.0,109.13
Super built-up  Area,Ready To Move,Thanisandra Main Road,3 BHK,,1451,2.0,1.0,83.07
Super built-up  Area,Ready To Move,Bommasandra,3 BHK,,1265,4.0,1.0,74.77
Built-up  Area,Ready To Move,Hennur Road,4 BHK,,2115,4.0,2.0,134.07
Built-up  Area,Ready To Move,MG Road,3 BHK,Society_46,1447,2.0,1.0,312.21
Super built-up  Area,22-Jan,Uttarahalli,2 BHK,,1072,3.0,1.0,62.82
Built-up  Area,Ready To Move,Fraser Town,4 BHK,,2387,4.0,2.0,161.88
Super built-up  Area,19-Dec,Kalyan Nagar,4 BHK,,2482,5.0,3.0,122.42
Super built-up  Area,Ready To Move,Chandapura,4 BHK,Society_75,2413,4.0,2.0,101.12
Plot  Area,Ready To Move,Lingarajapuram,2 BHK,,1212,2.0,2.0,81.85
Built-up  Area,Ready To Move,Marathahalli,4 BHK,Society_171,2459 - 2559,4.0,2.0,228.86
Built-up  Area,22-Jan,Basaveshwara Nagar,4 BHK,,2421,5.0,1.0,146.57
Super built-up  Area,Ready To Move,Marathahalli,2 BHK,Society_6,1218,1.0,2.0,87.14
Super built-up  Area,22-Jan,Banaswadi,4 BHK,,2061,3.0,1.0,113.97
Super built-up  Area,22-Jan,Old Airport Road,3 BHK,,1407,3.0,3.0,136.01
Plot  Area,Ready To Move,Hulimavu,4 BHK,Society_124,2263,4.0,1.0,147.37
Plot  Area,Ready To Move,Kogilu,4 BHK,Society_136,2519,4.0,1.0,173.02
Super built-up  Area,Ready To Move,Cunningham Road,3 BHK,,1724,4.0,2.0,308.7
Plot  Area,22-Jan,Vijayanagar,1 BHK,,642 - 742,1.0,1.0,44.22
Built-up  Area,Ready To Move,Horamavu Agara,3 BHK,Society_83,1658,4.0,2.0,97.52
Super built-up  Area,Ready To Move,Peenya,3 BHK,Society_48,1720,2.0,3.0,103.23
Super built-up  Area,Ready To Move,Haralur Road,3 BHK,,1602 - 1702,3.0,1.0,125.38
Built-up  Area,Ready To Move,Anekal,2 BHK,,1143 - 1243,2.0,2.0,40.71
Built-up  Area,22-Jan,Hulimavu,4 BHK,,2428,4.0,0.0,115.86
Super built-up  Area,Ready To Move,MG Road,4 BHK,,2493,4.0,3.0,464.91
Super built-up  Area,Ready To Move,Hulimavu,2 BHK,Society_181,1047 - 1147,2.0,0.0,78.19
Super built-up  Area,22-Jan,Haralur Road,2 BHK,,951,2.0,2.0,47.96
Built-up  Area,22-Jan,Basavanagudi,3 BHK,,1472 - 1572,3.0,3.0,177.83
Built-up  Area,Ready To Move,Kumaraswamy Layout,3 BHK,,1446,3.0,3.0,125.99
Plot  Area,Ready To Move,Devanahalli,5 BHK,,3544,5.0,2.0,200.64
Built-up  Area,22-Jan,Akshaya Nagar,3 BHK,Society_102,1467,3.0,3.0,75.07
Built-up  Area,Ready To Move,CV Raman Nagar,4 BHK,Society_103,2071,3.0,1.0,108.78
Built-up  Area,19-Dec,MG Road,4 BHK,Society_172,2289,4.0,0.0,421.62
Built-up  Area,Ready To Move,Jayanagar,3 BHK,Society_140,1533,4.0,1.0,194.95
Super built-up  Area,Ready To Move,Varthur,4 BHK,Society_133,2319,4.0,0.0,154.4
Built-up  Area,22-Jan,Hormavu,1 BHK,Society_86,498,1.0,1.0,32.29
Super built-up  Area,19-Dec,Narayanapura,3 BHK,Society_113,1538,3.0,1.0,108.27
Built-up  Area,22-Jan,Kumaraswamy Layout,3 BHK,,1777,3.0,1.0,109.87
Super built-up  Area,Ready To Move,Uttarahalli,3 BHK,Society_6,1531 - 1631,3.0,0.0,98.69
Built-up  Area,Ready To Move,Hormavu,2 BHK,,1025,2.0,2.0,64.98
Super built-up  Area,Ready To Move,Dasarahalli,3 BHK,Society_182,1643,3.0,2.0,121.44
Carpet  Area,Ready To Move,Kammanahalli,2 BHK,,1133,1.0,1.0,79.18
Super built-up  Area,19-Dec,Kadugodi,1 BHK,Society_158,462 - 562,1.0,1.0,30.19
Built-up  Area,Ready To Move,Raja Rajeshwari Nagar,3 BHK,,1711 - 1811,3.0,2.0,100.18
Built-up  Area,19-Dec,Kalyan Nagar,3 BHK,,1516,3.0,0.0,91.4
Super built-up  Area,Ready To Move,Horamavu Agara,3 BHK,,1569,3.0,3.0,105.52
Carpet  Area,Ready To Move,Domlur,2 BHK,,937,2.0,0.0,106.96
Super built-up  Area,Ready To Move,Kumaraswamy Layout,2 BHK,Society_185,1024,2.0,1.0,52.8
Super built-up  Area,Ready To Move,Rachenahalli,3 BHK,,1593,3.0,2.0,114.91
Carpet  Area,19-Dec,Budigere Cross,3 BHK,Society_199,1265,2.0,2.0,84.01
Super built-up  Area,Ready To Move,Attibele,4 BHK,Society_103,2346,4.0,3.0,138.14
Built-up  Area,Ready To Move,CV Raman Nagar,2 BHK,,964,1.0,2.0,56.01
Super built-up  Area,Ready To Move,Yelahanka,2 BHK,Society_31,891,2.0,0.0,38.41
Built-up  Area,22-Jan,MG Road,1 BHK,,908,1.0,1.0,159.79
Built-up  Area,19-Dec,Bommanahalli,3 BHK,,1684 - 1784,3.0,1.0,111.22
Super built-up  Area,Ready To Move,Electronic City,4 BHK,,2402,4.0,3.0,124.18
Super built-up  Area,Ready To Move,Jayanagar,1 BHK,,810,1.0,1.0,112.21
Built-up  Area,19-Dec,Old Airport Road,4 BHK,,2450,4.0,2.0,232.62
Plot  Area,Ready To Move,Wilson Garden,2 BHK,Society_37,1162,3.0,2.0,114.89
Super built-up  Area,22-Jan,Yelahanka,3 BHK,Society_106,1374,3.0,1.0,89.69
Built-up  Area,Ready To Move,Old Madras Road,2 BHK,Society_169,1067,2.0,1.0,53.88
Super built-up  Area,Ready To Move,Hosa Road,3 BHK,Society_3,1536,2.0,0.0,88.61
Built-up  Area,Ready To Move,Jalahalli,4 BHK,,2252,3.0,2.0,107.78
Built-up  Area,Ready To Move,Thanisandra Main Road,3 BHK,Society_148,1382,3.0,0.0,79.08
Plot  Area,19-Dec,Bommanahalli,4 BHK,,2445,5.0,1.0,190.99
Built-up  Area,Ready To Move,Girinagar,3 BHK,,1407 - 1507,2.0,3.0,70.0
Built-up  Area,Ready To Move,Hormavu,3 BHK,,1544,3.0,2.0,101.05
Super built-up  Area,22-Jan,Padmanabhanagar,2 BHK,Society_130,1225,2.0,1.0,66.98
Plot  Area,19-Dec,Vidyaranyapura,3 BHK,,1642,3.0,3.0,114.65
Super built-up  Area,Ready To Move,Marathahalli,2 BHK,,949,2.0,2.0,73.99
Built-up  Area,22-Jan,Hebbal,3 BHK,,1570 - 1670,2.0,1.0,147.51
Super built-up  Area,19-Dec,Rajaji Nagar,1 BHK,Society_77,712 - 812,1.0,1.0,77.74
Super built-up  Area,22-Jan,Indira Nagar,4 BHK,Society_42,2225,4.0,1.0,388.03
Super built-up  Area,Ready To Move,Benson Town,3 BHK,,1690,2.0,0.0,104.6
Super built-up  Area,22-Jan,Haralur Road,2 BHK,,961,2.0,2.0,71.65
Plot  Area,Ready To Move,Kumaraswamy Layout,3 BHK,,1413,4.0,2.0,120.31
Super built-up  Area,Ready To Move,CV Raman Nagar,3 BHK,,1719,4.0,1.0,98.04
Built-up  Area,Ready To Move,Whitefield,3 BHK,Society_34,1314,4.0,2.0,106.87
Super built-up  Area,Ready To Move,Basaveshwara Nagar,3 BHK,,1516 - 1616,3.0,3.0,98.46
Plot  Area,Ready To Move,BTM Layout,3 BHK,Society_10,1348,2.0,1.0,111.62
Plot  Area,19-Dec,Attibele,2 BHK,,1291 - 1391,2.0,1.0,77.31
Carpet  Area,Ready To Move,Electronic City,3 BHK,Society_70,1464,4.0,1.0,72.45
Super built-up  Area,22-Jan,Padmanabhanagar,2 BHK,,905,3.0,0.0,61.16
Built-up  Area,Ready To Move,Peenya,2 BHK,,1075,3.0,2.0,64.72
Super built-up  Area,Ready To Move,Devanahalli,2 BHK,Society_179,867,1.0,2.0,37.76
Built-up  Area,Ready To Move,Kalyan Nagar,3 BHK,,1613 - 1713,3.0,1.0,116.52
Super built-up  Area,Ready To Move,Uttarahalli,2 BHK,,822,1.0,0.0,53.27
Built-up  Area,Ready To Move,Sahakara Nagar,2 BHK,,1255,2.0,0.0,76.33
Carpet  Area,Ready To Move,Bagalur,2 BHK,Society_18,1181,2.0,1.0,93.4
Plot  Area,Ready To Move,JP Nagar,3 BHK,,1559,3.0,1.0,147.18
Plot  Area,Ready To Move,Malleshwaram,4 BHK,,2135 - 2235,4.0,1.0,261.32
Built-up  Area,Ready To Move,Chikkaballapur Road,5 BHK,Society_4,3438 - 3538,6.0,1.0,182.65
Super built-up  Area,22-Jan,Hulimavu,2 BHK,Society_4,893,3.0,1.0,69.65
Built-up  Area,Ready To Move,Attibele,3 BHK,,1609 - 1709,3.0,2.0,116.56
Built-up  Area,Ready To Move,Attibele,1 BHK,,939,1.0,1.0,64.43
Plot  Area,Ready To Move,Koramangala,3 BHK,,1351 - 1451,2.0,3.0,205.84
Super built-up  Area,Ready To Move,Electronic City,3 BHK,Society_76,1265,3.0,2.0,64.84
Built-up  Area,Ready To Move,Kengeri,2 BHK,,1262,3.0,1.0,49.06
Super built-up  Area,Ready To Move,Girinagar,3 BHK,Society_87,1287 - 1387,3.0,1.0,89.07
Plot  Area,Ready To Move,RT Nagar,3 BHK,,1521,2.0,2.0,105.92
Carpet  Area,Ready To Move,JP Nagar,4 BHK,Society_113,2544,4.0,1.0,255.02
Super built-up  Area,19-Dec,Rachenahalli,3 BHK,,1598,3.0,2.0,74.03
Super built-up  Area,19-Dec,Arekere,2 BHK,Society_191,772 - 872,2.0,2.0,47.57
Super built-up  Area,Ready To Move,Jayanagar,3 BHK,Society_10,1549,4.0,0.0,195.43
Plot  Area,Ready To Move,Budigere Cross,4 BHK,Society_126,2401 - 2501,5.0,2.0,184.36
Super built-up  Area,Ready To Move,Mysore Road,3 BHK,,1601,3.0,3.0,73.76
Built-up  Area,Ready To Move,Adugodi,3 BHK,Society_90,1770,3.0,0.0,72.43
Super built-up  Area,Ready To Move,Bommasandra,4 BHK,,2201,4.0,1.0,156.51
Plot  Area,19-Dec,Kengeri,1 BHK,,846,1.0,1.0,60.08
Super built-up  Area,Ready To Move,Malleshwaram,1 BHK,Society_73,360 - 460,1.0,1.0,61.49
Built-up  Area,19-Dec,Old Airport Road,3 BHK,,1550 - 1650,4.0,1.0,169.83
Super built-up  Area,22-Jan,Bagalur,2 BHK,,1134,2.0,0.0,65.22
Plot  Area,Ready To Move,Banaswadi,3 BHK,Society_23,1662 - 1762,2.0,2.0,98.56
Built-up  Area,Ready To Move,RT Nagar,3 BHK,,1684,3.0,1.0,82.77
Plot  Area,22-Jan,Horamavu Agara,2 BHK,Society_35,829,2.0,1.0,69.97
Built-up  Area,22-Jan,Kammanahalli,3 BHK,,1729,3.0,1.0,121.04
Built-up  Area,Ready To Move,Rachenahalli,2 BHK,,917,2.0,2.0,64.48
Plot  Area,19-Dec,Kanakapura Road,4 BHK,,2072 - 2172,4.0,2.0,126.62
Super built-up  Area,Ready To Move,Hormavu,4 BHK,,2198,4.0,1.0,136.81
Super built-up  Area,Ready To Move,BTM Layout,5 BHK,,3472,4.0,2.0,277.25
Plot  Area,Ready To Move,Domlur,2 BHK,,898,2.0,0.0,137.21
Super built-up  Area,Ready To Move,Sadashiva Nagar,3 BHK,Society_102,1799,3.0,1.0,313.5
Plot  Area,22-Jan,Arekere,2 BHK,,1060,2.0,2.0,59.23
Carpet  Area,Ready To Move,Ejipura,2 BHK,,1074 - 1174,2.0,0.0,93.13
Super built-up  Area,Ready To Move,Jayanagar,2 BHK,Society_18,1164,2.0,2.0,142.74
Plot  Area,19-Dec,Ramamurthy Nagar,3 BHK,,1373,3.0,0.0,110.79
Carpet  Area,Ready To Move,MG Road,2 BHK,Society_91,1016,2.0,2.0,185.27
Carpet  Area,Ready To Move,Jigani,2 BHK,Society_139,1315,1.0,0.0,66.64
Plot  Area,22-Jan,HBR Layout,2 BHK,,1039,1.0,2.0,82.42
Super built-up  Area,Ready To Move,Chandapura,2 BHK,,1230,2.0,2.0,42.9
Carpet  Area,22-Jan,Bagalur,4 BHK,,2109,3.0,0.0,118.75
Super built-up  Area,Ready To Move,Arekere,3 BHK,,1682,3.0,0.0,103.12
Carpet  Area,19-Dec,Electronic City,2 BHK,,1115,2.0,2.0,60.05
Super built-up  Area,22-Jan,Benson Town,4 BHK,Society_15,2106,4.0,2.0,148.9
Built-up  Area,Ready To Move,Peenya,3 BHK,,1479,2.0,3.0,84.01
Built-up  Area,Ready To Move,Mysore Road,3 BHK,,1788,3.0,2.0,95.14
Super built-up  Area,Ready To Move,Sahakara Nagar,4 BHK,,2286,4.0,2.0,163.69
Built-up  Area,Ready To Move,Bellandur,3 BHK,,1364,3.0,2.0,102.85
Carpet  Area,19-Dec,Kanakapura Road,2 BHK,,946,2.0,0.0,59.27
Plot  Area,Ready To Move,Chandapura,2 BHK,,915 - 1015,1.0,2.0,40.66
Built-up  Area,Ready To Move,Sarjapur Road,3 BHK,Society_54,1321,3.0,3.0,50.31
Super built-up  Area,Ready To Move,Horamavu Agara,4 BHK,,2227,4.0,1.0,147.33
Super built-up  Area,Ready To Move,Uttarahalli,1 BHK,Society_12,525,2.0,1.0,26.29
Carpet  Area,Ready To Move,New BEL Road,3 BHK,,1308,4.0,1.0,88.14
Built-up  Area,22-Jan,MG Road,3 BHK,,1506,2.0,1.0,195.09
Super built-up  Area,Ready To Move,Kammanahalli,2 BHK,,867,2.0,2.0,55.26
Built-up  Area,19-Dec,Banaswadi,2 BHK,Society_67,983,2.0,0.0,53.97
Built-up  Area,19-Dec,Yeshwanthpur,1 BHK,,499,1.0,1.0,27.25
Super built-up  Area,22-Jan,Ramamurthy Nagar,2 BHK,Society_122,1186,1.0,0.0,62.43
Super built-up  Area,22-Jan,Magadi Road,3 BHK,,1740 - 1840,4.0,1.0,112.58
Super built-up  Area,Ready To Move,Bellandur,3 BHK,,1391,4.0,0.0,111.38
Plot  Area,Ready To Move,Uttarahalli,4 BHK,,2161,4.0,2.0,171.63
Built-up  Area,Ready To Move,Fraser Town,2 BHK,Society_120,1232,3.0,1.0,92.45
Super built-up  Area,19-Dec,Benson Town,4 BHK,Society_56,2519,3.0,2.0,130.7
Plot  Area,19-Dec,Chamrajpet,4 BHK,,2455 - 2555,5.0,2.0,189.55
Super built-up  Area,Ready To Move,Ramamurthy Nagar,4 BHK,Society_62,2577,3.0,2.0,156.52
Built-up  Area,Ready To Move,Kudlu Gate,2 BHK,,914,2.0,0.0,60.47
Super built-up  Area,Ready To Move,Vidyaranyapura,2 BHK,,820,2.0,0.0,55.74
Super built-up  Area,Ready To Move,Kogilu,4 BHK,Society_17,2517,4.0,2.0,154.11
Super built-up  Area,19-Dec,CV Raman Nagar,4 BHK,Society_165,2436,4.0,1.0,146.72
Built-up  Area,22-Jan,Chamrajpet,3 BHK,Society_88,1253,3.0,3.0,78.99
Carpet  Area,Ready To Move,Ulsoor,4 BHK,Society_192,2391,4.0,1.0,239.65
Built-up  Area,Ready To Move,CV Raman Nagar,3 BHK,,1676,3.0,2.0,121.92
Super built-up  Area,Ready To Move,Mahadevapura,3 BHK,Society_187,1322 - 1422,3.0,0.0,72.08
Super built-up  Area,Ready To Move,Domlur,2 BHK,,1138,1.0,1.0,118.17
Super built-up  Area,Ready To Move,Ramamurthy Nagar,4 BHK,Society_150,2280,4.0,3.0,158.94
Super built-up  Area,Ready To Move,Vasanth Nagar,3 BHK,,1594,2.0,2.0,180.65
Super built-up  Area,Ready To Move,Horamavu Agara,4 BHK,Society_197,2088,4.0,2.0,149.42
Super built-up  Area,Ready To Move,Varthur,4 BHK,,2286,3.0,1.0,96.72
Plot  Area,Ready To Move,Dasarahalli,3 BHK,,1450,4.0,1.0,91.24
Super built-up  Area,22-Jan,Attibele,4 BHK,,2514,5.0,2.0,133.75
Plot  Area,22-Jan,Yelahanka,2 BHK,,1007,1.0,1.0,74.55
Built-up  Area,Ready To Move,Vijayanagar,4 BHK,,2476,4.0,2.0,149.66
Built-up  Area,Ready To Move,Nagarbhavi,4 BHK,,2380,4.0,0.0,158.27
Built-up  Area,19-Dec,Girinagar,2 BHK,,1091,2.0,0.0,82.22
Super built-up  Area,19-Dec,Thanisandra,4 BHK,,2153,5.0,2.0,104.72
Super built-up  Area,Ready To Move,Marathahalli,1 BHK,,902,2.0,1.0,65.64
Carpet  Area,Ready To Move,Sahakara Nagar,3 BHK,Society_86,1699,3.0,0.0,101.32
Built-up  Area,19-Dec,Jakkur,3 BHK,,1585,2.0,2.0,103.2
Built-up  Area,Ready To Move,Sadashiva Nagar,3 BHK,Society_164,1699,3.0,2.0,337.64
Super built-up  Area,22-Jan,Marathahalli,4 BHK,Society_82,2304,5.0,3.0,140.81
Plot  Area,Ready To Move,Koramangala,2 BHK,,1068,2.0,2.0,194.73
Super built-up  Area,Ready To Move,Ulsoor,3 BHK,,1336,2.0,3.0,121.14
Super built-up  Area,Ready To Move,Hoodi,3 BHK,Society_175,1337 - 1437,3.0,3.0,67.73
Built-up  Area,Ready To Move,Old Madras Road,3 BHK,,1551,2.0,2.0,72.52
Super built-up  Area,Ready To Move,Vasanth Nagar,2 BHK,,869,2.0,2.0,101.58
Super built-up  Area,19-Dec,Arekere,3 BHK,Society_154,1424,4.0,2.0,94.73
Super built-up  Area,Ready To Move,Benson Town,3 BHK,Society_107,1466,2.0,1.0,93.88
Carpet  Area,19-Dec,Indira Nagar,3 BHK,,1494,3.0,3.0,215.36
Super built-up  Area,Ready To Move,Girinagar,2 BHK,,965,1.0,0.0,46.6
Built-up  Area,19-Dec,Hoodi,3 BHK,,1505,3.0,3.0,104.97
Super built-up  Area,Ready To Move,Lingarajapuram,3 BHK,,1481,3.0,1.0,74.51
Super built-up  Area,Ready To Move,Brigade Road,3 BHK,,1613,3.0,1.0,368.48
Built-up  Area,Ready To Move,Yelahanka,2 BHK,,1194,2.0,0.0,91.71
Super built-up  Area,19-Dec,HSR Layout,3 BHK,Society_35,1395,2.0,3.0,160.78
Built-up  Area,Ready To Move,Marathahalli,3 BHK,Society_77,1782,4.0,1.0,125.05
Built-up  Area,Ready To Move,HRBR Layout,5 BHK,Society_157,3758,6.0,1.0,209.35
Super built-up  Area,Ready To Move,Mahadevapura,2 BHK,,1280,3.0,2.0,95.64
Built-up  Area,Ready To Move,Hennur Road,3 BHK,,1730,4.0,3.0,102.82
Carpet  Area,Ready To Move,Jalahalli,4 BHK,,2279 - 2379,4.0,3.0,128.67
Super built-up  Area,Ready To Move,Mahadevapura,3 BHK,Society_194,1693 - 1793,3.0,1.0,95.16
Super built-up  Area,19-Dec,Vidyaranyapura,2 BHK,Society_44,989,3.0,2.0,60.58
Plot  Area,Ready To Move,Kumaraswamy Layout,3 BHK,,1790,3.0,1.0,101.11
Plot  Area,Ready To Move,Attibele,3 BHK,,1376,2.0,2.0,95.75
Built-up  Area,Ready To Move,Raja Rajeshwari Nagar,2 BHK,,860,1.0,0.0,53.16
Built-up  Area,Ready To Move,Bommasandra,2 BHK,Society_17,998 - 1098,2.0,2.0,70.11
Built-up  Area,Ready To Move,Varthur,3 BHK,,1525,2.0,1.0,119.96
Plot  Area,Ready To Move,Jakkur,3 BHK,,1792,3.0,2.0,109.06
Super built-up  Area,Ready To Move,Bagalur,3 BHK,,1557,3.0,3.0,71.58
Super built-up  Area,Ready To Move,Electronic City,2 BHK,,1321,2.0,2.0,80.11
Built-up  Area,Ready To Move,Koramangala,2 BHK,,1294 - 1394,1.0,1.0,173.95
Super built-up  Area,22-Jan,Banashankari,3 BHK,,1250,3.0,3.0,94.61
Carpet  Area,Ready To Move,Varthur,2 BHK,Society_84,1315,2.0,2.0,78.74
Built-up  Area,19-Dec,Wilson Garden,2 BHK,,1118,2.0,2.0,100.75
Super built-up  Area,Ready To Move,Kumaraswamy Layout,5 BHK,Society_95,3806 - 3906,5.0,2.0,242.27
Built-up  Area,Ready To Move,Bommasandra,4 BHK,,2076 - 2176,5.0,3.0,114.59
Plot  Area,Ready To Move,Vasanth Nagar,3 BHK,,1503,3.0,2.0,182.0
Built-up  Area,19-Dec,Richmond Town,3 BHK,,1777,3.0,1.0,265.15
Built-up  Area,Ready To Move,Malleshwaram,2 BHK,Society_61,1208,2.0,2.0,139.39
Super built-up  Area,22-Jan,Wilson Garden,4 BHK,,2307,3.0,3.0,209.0
Built-up  Area,Ready To Move,Kumaraswamy Layout,3 BHK,Society_198,1387,3.0,2.0,67.19
Built-up  Area,22-Jan,Brigade Road,4 BHK,,2366 - 2466,4.0,1.0,501.65
Super built-up  Area,22-Jan,Sahakara Nagar,4 BHK,,2148,4.0,1.0,155.03
Super built-up  Area,Ready To Move,Arekere,4 BHK,Society_28,2271,4.0,3.0,126.72
Super built-up  Area,19-Dec,Malleshwaram,2 BHK,,807,2.0,1.0,94.35
Super built-up  Area,22-Jan,RT Nagar,3 BHK,,1259,4.0,3.0,62.38
Super built-up  Area,Ready To Move,Bommasandra,4 BHK,,2465,4.0,3.0,179.16
Built-up  Area,Ready To Move,Kadugodi,4 BHK,,2129,3.0,2.0,118.4
Carpet  Area,22-Jan,Rachenahalli,2 BHK,Society_193,1067,1.0,1.0,59.59
Super built-up  Area,22-Jan,Haralur Road,3 BHK,,1500,3.0,3.0,95.62
Built-up  Area,Ready To Move,Basavanagudi,3 BHK,Society_66,1308,2.0,3.0,154.08
Super built-up  Area,Ready To Move,Lavelle Road,3 BHK,Society_124,1542,2.0,2.0,272.27
Carpet  Area,22-Jan,Padmanabhanagar,1 BHK,,643,2.0,0.0,36.38
Super built-up  Area,Ready To Move,Cox Town,4 BHK,Society_182,2260,4.0,2.0,118.99
Built-up  Area,Ready To Move,Budigere Cross,2 BHK,Society_162,892,2.0,2.0,31.82
Plot  Area,19-Dec,Marathahalli,1 BHK,Society_42,418,1.0,1.0,35.36
Plot  Area,Ready To Move,Kogilu,5 BHK,,3441,4.0,2.0,250.67
Built-up  Area,Ready To Move,Marathahalli,3 BHK,,1591,2.0,2.0,129.39
Super built-up  Area,Ready To Move,Banaswadi,3 BHK,Society_58,1578 - 1678,3.0,1.0,74.91
Built-up  Area,22-Jan,Rajarajeshwari Nagara,2 BHK,Society_80,1272,2.0,2.0,94.25
Super built-up  Area,19-Dec,Bommanahalli,4 BHK,Society_17,2408,3.0,3.0,101.28
Plot  Area,19-Dec,Ulsoor,3 BHK,Society_162,1713,3.0,2.0,258.97
Built-up  Area,Ready To Move,JP Nagar,5 BHK,Society_157,3465,5.0,1.0,267.64
Super built-up  Area,22-Jan,Mysore Road,5 BHK,,3373,5.0,2.0,171.78
Built-up  Area,Ready To Move,Begur Road,5 BHK,,3747,5.0,0.0,255.24
Super built-up  Area,Ready To Move,Kudlu Gate,2 BHK,,1026,2.0,1.0,76.19
Built-up  Area,Ready To Move,Uttarahalli,3 BHK,Society_115,1421,4.0,2.0,87.87
Super built-up  Area,22-Jan,Akshaya Nagar,3 BHK,Society_14,1470,2.0,2.0,77.75
Built-up  Area,Ready To Move,Yelahanka,1 BHK,,929,2.0,1.0,61.88
Super built-up  Area,Ready To Move,Bommasandra,3 BHK,Society_77,1275,3.0,1.0,85.28
Plot  Area,Ready To Move,Whitefield,1 BHK,Society_62,410,1.0,0.0,28.82
Built-up  Area,Ready To Move,Mahadevapura,3 BHK,Society_135,1433 - 1533,2.0,2.0,88.43
Super built-up  Area,22-Jan,Domlur,3 BHK,Society_40,1390,3.0,0.0,156.59
Built-up  Area,Ready To Move,JP Nagar,5 BHK,,3827,4.0,1.0,348.38
Built-up  Area,22-Jan,Indira Nagar,2 BHK,,1203,1.0,1.0,186.97
Super built-up  Area,22-Jan,Mahadevapura,2 BHK,,1320,3.0,2.0,71.29
Super built-up  Area,Ready To Move,Anekal,4 BHK,,2213,5.0,2.0,85.76
Plot  Area,Ready To Move,Magadi Road,3 BHK,,1640,3.0,0.0,112.29
Built-up  Area,22-Jan,Bagalur,3 BHK,Society_139,1436,2.0,0.0,83.09
Built-up  Area,Ready To Move,Kudlu Gate,1 BHK,,635,1.0,0.0,40.77
Super built-up  Area,Ready To Move,Sadashiva Nagar,3 BHK,,1368,2.0,2.0,205.31
Super built-up  Area,19-Dec,Bommanahalli,3 BHK,,1624 - 1724,2.0,0.0,100.93
Built-up  Area,19-Dec,Thanisandra Main Road,3 BHK,,1685 - 1785,3.0,2.0,96.31
Super built-up  Area,Ready To Move,Kumaraswamy Layout,2 BHK,Society_15,1181,2.0,2.0,83.58
Super built-up  Area,22-Jan,CV Raman Nagar,4 BHK,Society_197,2142,4.0,2.0,115.63
Super built-up  Area,Ready To Move,Kengeri,3 BHK,,1751,4.0,1.0,119.91
Super built-up  Area,Ready To Move,Horamavu Agara,3 BHK,Society_55,1592 - 1692,4.0,2.0,104.62
Super built-up  Area,19-Dec,New BEL Road,3 BHK,Society_45,1508,3.0,2.0,94.38
Super built-up  Area,Ready To Move,Budigere Cross,3 BHK,Society_10,1720 - 1820,3.0,3.0,106.19
Built-up  Area,Ready To Move,Mysore Road,3 BHK,Society_47,1648,3.0,0.0,97.34
Super built-up  Area,22-Jan,Cunningham Road,5 BHK,Society_107,3663,5.0,3.0,781.36
Plot  Area,Ready To Move,Electronic City,4 BHK,,2595,3.0,0.0,153.18
Plot  Area,Ready To Move,Kumaraswamy Layout,1 BHK,Society_111,527,1.0,1.0,39.86
Built-up  Area,Ready To Move,Hosa Road,3 BHK,,1350,4.0,2.0,81.97
Super built-up  Area,Ready To Move,Vidyaranyapura,3 BHK,,1499,4.0,2.0,70.73
Built-up  Area,Ready To Move,Kammanahalli,4 BHK,,2523,4.0,2.0,141.02
Super built-up  Area,Ready To Move,KR Puram,5 BHK,,3890,5.0,3.0,235.78
Super built-up  Area,19-Dec,Uttarahalli,2 BHK,Society_43,955,2.0,2.0,44.19
Super built-up  Area,Ready To Move,Koramangala,3 BHK,,1555,4.0,1.0,215.06
Built-up  Area,Ready To Move,Chamrajpet,2 BHK,,905 - 1005,2.0,2.0,56.26
Built-up  Area,19-Dec,Chikkaballapur Road,3 BHK,,1597,3.0,1.0,104.67
Built-up  Area,Ready To Move,Jigani,3 BHK,Society_117,1673,2.0,1.0,118.18
Super built-up  Area,19-Dec,Malleshwaram,4 BHK,,2544 - 2644,5.0,2.0,395.69
Super built-up  Area,Ready To Move,Banashankari,3 BHK,,1437,3.0,2.0,99.83
Super built-up  Area,Ready To Move,Jakkur,2 BHK,Society_64,929,2.0,1.0,69.89
Built-up  Area,Ready To Move,Akshaya Nagar,2 BHK,,924 - 1024,2.0,1.0,71.99
Built-up  Area,22-Jan,Bagalur,2 BHK,,1208,1.0,2.0,78.7
Super built-up  Area,22-Jan,Vijayanagar,2 BHK,,1286,2.0,2.0,84.06
Plot  Area,Ready To Move,Old Madras Road,4 BHK,,2496,4.0,3.0,199.83
Built-up  Area,Ready To Move,Hoodi,2 BHK,Society_180,985,1.0,0.0,47.7
Built-up  Area,19-Dec,Lingarajapuram,3 BHK,,1459,3.0,1.0,77.27
Super built-up  Area,19-Dec,Jakkur,4 BHK,Society_199,2063,3.0,0.0,139.62
Built-up  Area,Ready To Move,Hennur Road,1 BHK,,571,1.0,0.0,25.04
Super built-up  Area,22-Jan,Jalahalli,2 BHK,,903,2.0,1.0,62.98
Super built-up  Area,22-Jan,Sadashiva Nagar,3 BHK,,1276,3.0,2.0,285.83
Super built-up  Area,Ready To Move,Kadugodi,3 BHK,,1374,3.0,1.0,83.64
Built-up  Area,22-Jan,Sahakara Nagar,1 BHK,,436,1.0,1.0,26.64
Built-up  Area,22-Jan,Padmanabhanagar,3 BHK,,1295,4.0,3.0,77.53
Built-up  Area,22-Jan,Yeshwanthpur,3 BHK,Society_109,1760,2.0,2.0,87.76
Super built-up  Area,19-Dec,Ramamurthy Nagar,4 BHK,,2065,5.0,1.0,96.26
Super built-up  Area,Ready To Move,Kammanahalli,2 BHK,,1167 - 1267,2.0,2.0,68.47
Plot  Area,22-Jan,Ulsoor,2 BHK,Society_41,1233,2.0,1.0,136.33
Built-up  Area,Ready To Move,Richmond Town,3 BHK,Society_172,1609,3.0,3.0,268.86
Built-up  Area,Ready To Move,Girinagar,4 BHK,,2074,4.0,3.0,125.47
Super built-up  Area,Ready To Move,Varthur,3 BHK,Society_40,1740,4.0,2.0,112.24
Super built-up  Area,Ready To Move,KR Puram,3 BHK,,1795,4.0,2.0,91.83
Built-up  Area,Ready To Move,Mahadevapura,4 BHK,,2182,3.0,2.0,117.09
Plot  Area,19-Dec,CV Raman Nagar,1 BHK,,847,1.0,1.0,44.94
Built-up  Area,Ready To Move,Cunningham Road,3 BHK,Society_15,1374,3.0,2.0,209.72
Super built-up  Area,22-Jan,Nagarbhavi,2 BHK,Society_156,1088,2.0,2.0,52.64
Built-up  Area,22-Jan,Devanahalli,3 BHK,,1260,4.0,2.0,60.96
Carpet  Area,22-Jan,Sadashiva Nagar,3 BHK,Society_141,1381,4.0,2.0,250.54
Super built-up  Area,Ready To Move,Basavanagudi,4 BHK,,2509,3.0,0.0,215.53
Super built-up  Area,22-Jan,New BEL Road,3 BHK,,1394,3.0,1.0,98.59
Super built-up  Area,19-Dec,Yelahanka,4 BHK,,2109 - 2209,4.0,1.0,128.69
Super built-up  Area,Ready To Move,Wilson Garden,3 BHK,,1311,2.0,1.0,144.86
Built-up  Area,22-Jan,Rajaji Nagar,3 BHK,Society_194,1713,3.0,3.0,175.29
Super built-up  Area,Ready To Move,Marathahalli,1 BHK,,425,1.0,1.0,28.06
Plot  Area,Ready To Move,MG Road,2 BHK,Society_53,1261,2.0,2.0,233.02
Built-up  Area,Ready To Move,Kalyan Nagar,3 BHK,,1215 - 1315,3.0,3.0,68.0
Plot  Area,Ready To Move,Rajarajeshwari Nagara,3 BHK,Society_102,1676,3.0,1.0,129.3
Plot  Area,19-Dec,Adugodi,4 BHK,,2438,4.0,2.0,191.72
Built-up  Area,19-Dec,Indira Nagar,2 BHK,,1193,1.0,0.0,220.69
Plot  Area,22-Jan,Varthur,2 BHK,,1313,2.0,2.0,92.13
Super built-up  Area,Ready To Move,Richmond Town,3 BHK,,1570,3.0,3.0,243.64
Super built-up  Area,Ready To Move,Gottigere,4 BHK,Society_55,2165 - 2265,3.0,1.0,173.88
Plot  Area,Ready To Move,BTM Layout,3 BHK,Society_27,1679,4.0,1.0,200.35
Super built-up  Area,Ready To Move,Benson Town,3 BHK,,1619,2.0,3.0,106.5
Super built-up  Area,Ready To Move,Kudlu Gate,3 BHK,Society_37,1602,4.0,2.0,79.7
Built-up  Area,Ready To Move,Jalahalli,3 BHK,Society_107,1524,3.0,2.0,99.86
Super built-up  Area,Ready To Move,Cunningham Road,2 BHK,,773 - 873,3.0,2.0,114.82
Super built-up  Area,Ready To Move,Jayanagar,1 BHK,Society_137,592,1.0,0.0,64.19
Built-up  Area,Ready To Move,Jayanagar,1 BHK,Society_62,438 - 538,2.0,1.0,57.96
Plot  Area,Ready To Move,Banaswadi,3 BHK,,1600,4.0,3.0,130.65
Carpet  Area,Ready To Move,Banaswadi,3 BHK,,1709,2.0,1.0,100.28
Super built-up  Area,22-Jan,Rachenahalli,2 BHK,,1177 - 1277,2.0,1.0,66.37
Built-up  Area,19-Dec,Malleshwaram,3 BHK,,1260,4.0,1.0,137.89
Super built-up  Area,Ready To Move,Magadi Road,3 BHK,Society_114,1383,4.0,1.0,82.14
Carpet  Area,22-Jan,Hoodi,3 BHK,,1661,2.0,3.0,55.5
Plot  Area,Ready To Move,Benson Town,3 BHK,Society_38,1728,4.0,2.0,107.75
Built-up  Area,Ready To Move,Mysore Road,2 BHK,,1171,1.0,1.0,82.38
Plot  Area,22-Jan,Kammanahalli,2 BHK,Society_132,849,2.0,2.0,62.91
Plot  Area,19-Dec,BTM Layout,1 BHK,Society_42,748,2.0,1.0,73.22
Super built-up  Area,Ready To Move,Jayanagar,3 BHK,Society_70,1715,3.0,2.0,237.02
Plot  Area,Ready To Move,Basaveshwara Nagar,2 BHK,,1297 - 1397,2.0,2.0,116.28
Super built-up  Area,19-Dec,Hebbal,3 BHK,Society_184,1542,3.0,0.0,139.51
Built-up  Area,Ready To Move,KR Puram,3 BHK,,1738 - 1838,4.0,1.0,112.04
Built-up  Area,Ready To Move,Jalahalli,4 BHK,,2355,4.0,1.0,141.29
Built-up  Area,Ready To Move,Benson Town,5 BHK,,3369 - 3469,5.0,2.0,202.87
Plot  Area,Ready To Move,Ejipura,4 BHK,,2056 - 2156,3.0,3.0,237.32
Built-up  Area,Ready To Move,Whitefield,2 BHK,,1241,2.0,2.0,87.53
Built-up  Area,Ready To Move,Begur Road,3 BHK,Society_160,1785,4.0,2.0,94.68
Plot  Area,Ready To Move,Kengeri,4 BHK,,2167 - 2267,4.0,2.0,218.26
Built-up  Area,Ready To Move,Ejipura,1 BHK,Society_71,464 - 564,1.0,0.0,41.66
Built-up  Area,Ready To Move,Jakkur,4 BHK,Society_182,2542,4.0,1.0,170.41
Plot  Area,Ready To Move,Magadi Road,3 BHK,,1675,3.0,1.0,99.77
Built-up  Area,22-Jan,Padmanabhanagar,2 BHK,,1108,3.0,0.0,72.78
Carpet  Area,Ready To Move,Yelahanka,3 BHK,Society_59,1382,3.0,0.0,79.06
Super built-up  Area,Ready To Move,Cox Town,2 BHK,,1188,2.0,2.0,59.91
Super built-up  Area,19-Dec,Thanisandra Main Road,2 BHK,,1173,2.0,2.0,81.17
Super built-up  Area,Ready To Move,Sahakara Nagar,3 BHK,,1430,4.0,0.0,72.83
Carpet  Area,Ready To Move,Raja Rajeshwari Nagar,3 BHK,Society_149,1270,3.0,0.0,80.31
Built-up  Area,22-Jan,Bannerghatta Road,3 BHK,,1381,3.0,0.0,76.74
Built-up  Area,22-Jan,Jakkur,2 BHK,Society_51,1302,3.0,2.0,89.66
Built-up  Area,22-Jan,Horamavu Agara,2 BHK,,974,2.0,2.0,58.64
Super built-up  Area,22-Jan,New BEL Road,3 BHK,,1585 - 1685,3.0,3.0,64.59
Super built-up  Area,22-Jan,Banashankari,3 BHK,,1543,3.0,0.0,94.8
Built-up  Area,19-Dec,Narayanapura,3 BHK,,1771,2.0,1.0,86.83
Built-up  Area,Ready To Move,Kammanahalli,3 BHK,Society_157,1302,3.0,2.0,93.74
Super built-up  Area,19-Dec,Basaveshwara Nagar,1 BHK,,728,1.0,1.0,38.25
Built-up  Area,Ready To Move,Kasturi Nagar,2 BHK,Society_66,987,1.0,2.0,50.3
Plot  Area,Ready To Move,Chamrajpet,2 BHK,Society_8,893,2.0,2.0,73.3
Plot  Area,Ready To Move,Banashankari,3 BHK,Society_55,1723,3.0,1.0,142.32
Super built-up  Area,Ready To Move,Girinagar,3 BHK,,1701 - 1801,3.0,1.0,104.82
Carpet  Area,19-Dec,Bommasandra,3 BHK,,1420,2.0,2.0,78.64
Built-up  Area,Ready To Move,Bagalur,3 BHK,,1511,3.0,0.0,97.3
Super built-up  Area,Ready To Move,Jayanagar,4 BHK,,2245,3.0,3.0,317.46
Carpet  Area,Ready To Move,Gottigere,3 BHK,Society_162,1568 - 1668,2.0,2.0,106.8
Super built-up  Area,Ready To Move,HBR Layout,2 BHK,,1179,1.0,2.0,86.09
Carpet  Area,22-Jan,Basaveshwara Nagar,4 BHK,Society_66,2428,5.0,2.0,131.24
Super built-up  Area,Ready To Move,Laggere,2 BHK,Society_194,1252,2.0,2.0,70.89
Carpet  Area,22-Jan,Yelahanka,2 BHK,,1174,2.0,0.0,69.92
Super built-up  Area,Ready To Move,KR Puram,5 BHK,,3871,4.0,1.0,227.16
Super built-up  Area,Ready To Move,Magadi Road,2 BHK,Society_93,1005,2.0,2.0,62.79
Super built-up  Area,19-Dec,Jalahalli,3 BHK,,1582,3.0,1.0,79.42
Super built-up  Area,19-Dec,Richmond Town,2 BHK,,1146 - 1246,2.0,2.0,161.73
Plot  Area,22-Jan,Nayandahalli,2 BHK,,974,2.0,0.0,66.57
Built-up  Area,Ready To Move,Kanakapura Road,3 BHK,,1701,4.0,1.0,109.45
Plot  Area,Ready To Move,Peenya,4 BHK,Society_128,2191,5.0,0.0,125.09
Super built-up  Area,19-Dec,Jayanagar,3 BHK,Society_44,1255,2.0,1.0,150.6
Built-up  Area,Ready To Move,Yeshwanthpur,3 BHK,Society_192,1627,4.0,0.0,95.8
Built-up  Area,Ready To Move,Yelahanka,3 BHK,Society_72,1464,3.0,2.0,73.57
Super built-up  Area,Ready To Move,Chikkaballapur Road,4 BHK,Society_165,2266,3.0,1.0,159.54
Super built-up  Area,Ready To Move,Sarjapur Road,3 BHK,,1700,4.0,3.0,123.15
Carpet  Area,22-Jan,Marathahalli,3 BHK,Society_99,1450,3.0,0.0,110.29
Carpet  Area,22-Jan,Kadugodi,2 BHK,,946,2.0,2.0,46.3
Super built-up  Area,Ready To Move,Chandapura,3 BHK,,1358,3.0,2.0,61.23
Built-up  Area,19-Dec,Mahadevapura,3 BHK,Society_5,1793,2.0,0.0,129.24
Built-up  Area,Ready To Move,Akshaya Nagar,2 BHK,,1000,3.0,1.0,72.77
Super built-up  Area,22-Jan,Ulsoor,2 BHK,Society_153,941,2.0,1.0,108.06
Plot  Area,22-Jan,Bannerghatta Road,2 BHK,Society_18,878,1.0,1.0,67.59
Built-up  Area,22-Jan,HSR Layout,3 BHK,,1305,4.0,0.0,123.79
Super built-up  Area,19-Dec,HSR Layout,2 BHK,,885,2.0,1.0,90.81
Built-up  Area,19-Dec,MG Road,3 BHK,,1270 - 1370,3.0,3.0,271.69
Super built-up  Area,19-Dec,Begur Road,4 BHK,Society_103,2179,3.0,3.0,148.46
Super built-up  Area,Ready To Move,JP Nagar,2 BHK,Society_166,1132,1.0,1.0,66.99
Super built-up  Area,Ready To Move,Lingarajapuram,2 BHK,Society_102,1014,2.0,2.0,64.75
Super built-up  Area,22-Jan,New BEL Road,2 BHK,,890 - 990,2.0,2.0,70.98
Built-up  Area,22-Jan,Hennur Road,3 BHK,Society_9,1329,4.0,2.0,90.93
Carpet  Area,Ready To Move,Sadashiva Nagar,3 BHK,,1371,3.0,3.0,236.09
Built-up  Area,22-Jan,Thanisandra Main Road,3 BHK,,1522,3.0,3.0,68.3
Carpet  Area,Ready To Move,Ulsoor,3 BHK,Society_164,1476,4.0,1.0,150.19
Built-up  Area,22-Jan,Ramamurthy Nagar,5 BHK,Society_140,3500,6.0,1.0,234.7
Super built-up  Area,Ready To Move,Brigade Road,4 BHK,,2318,5.0,2.0,415.98
Plot  Area,Ready To Move,Padmanabhanagar,3 BHK,Society_165,1296,3.0,2.0,64.27
Built-up  Area,Ready To Move,Rachenahalli,3 BHK,,1315,4.0,2.0,71.91
Super built-up  Area,22-Jan,New BEL Road,2 BHK,,858,2.0,0.0,50.99
Carpet  Area,Ready To Move,Malleshwaram,3 BHK,Society_163,1672,4.0,3.0,172.95
Super built-up  Area,19-Dec,Vijayanagar,1 BHK,Society_14,452 - 552,1.0,1.0,36.13
Super built-up  Area,Ready To Move,Richmond Town,3 BHK,,1388 - 1488,4.0,1.0,197.68
Plot  Area,Ready To Move,Devanahalli,4 BHK,,2132,5.0,2.0,115.88
Built-up  Area,19-Dec,Brigade Road,2 BHK,,820,2.0,1.0,151.21
Carpet  Area,Ready To Move,HSR Layout,4 BHK,,2268,4.0,2.0,174.85
Super built-up  Area,Ready To Move,KR Puram,3 BHK,Society_43,1330,4.0,0.0,95.23
Carpet  Area,22-Jan,Jakkur,3 BHK,,1288,4.0,1.0,75.26
Super built-up  Area,Ready To Move,Akshaya Nagar,3 BHK,Society_183,1559,3.0,1.0,112.62
Plot  Area,Ready To Move,Jakkur,3 BHK,Society_122,1422,2.0,3.0,104.6
Super built-up  Area,Ready To Move,JP Nagar,2 BHK,,1188 - 1288,3.0,1.0,109.45
Super built-up  Area,19-Dec,Bommasandra,3 BHK,,1273,3.0,1.0,79.8
Super built-up  Area,19-Dec,Hennur Road,4 BHK,,2096 - 2196,4.0,0.0,113.69
Built-up  Area,Ready To Move,Wilson Garden,3 BHK,Society_34,1656,3.0,3.0,140.12
Super built-up  Area,Ready To Move,Narayanapura,3 BHK,,1471,3.0,0.0,77.05
Super built-up  Area,22-Jan,Sahakara Nagar,5 BHK,,3825,5.0,1.0,240.68
Super built-up  Area,Ready To Move,Brigade Road,3 BHK,,1277,3.0,0.0,236.0
Built-up  Area,22-Jan,Nagarbhavi,4 BHK,,2045 - 2145,4.0,2.0,122.45
Built-up  Area,22-Jan,Richmond Town,3 BHK,,1530,4.0,2.0,237.16
Plot  Area,19-Dec,Jakkur,3 BHK,,1796,3.0,0.0,163.35
Built-up  Area,Ready To Move,Domlur,3 BHK,,1634,3.0,3.0,224.84
Built-up  Area,Ready To Move,Padmanabhanagar,2 BHK,,1236,2.0,1.0,54.19
Super built-up  Area,Ready To Move,Gottigere,3 BHK,,1296,4.0,0.0,54.23
Built-up  Area,Ready To Move,KR Puram,2 BHK,,980,1.0,2.0,66.03
Built-up  Area,Ready To Move,New BEL Road,5 BHK,,3488,4.0,2.0,178.95
Built-up  Area,Ready To Move,Lingarajapuram,4 BHK,Society_173,2061 - 2161,3.0,3.0,136.49
Super built-up  Area,19-Dec,Yeshwanthpur,3 BHK,,1618,3.0,1.0,84.83
Carpet  Area,Ready To Move,Jakkur,4 BHK,,2172,4.0,3.0,125.64
Super built-up  Area,Ready To Move,Yeshwanthpur,3 BHK,,1356,4.0,1.0,73.42
Carpet  Area,Ready To Move,Jayanagar,4 BHK,,2547,3.0,0.0,252.39
Plot  Area,Ready To Move,Jayanagar,3 BHK,Society_101,1294,3.0,1.0,198.14
Plot  Area,19-Dec,Banashankari,3 BHK,,1469,3.0,1.0,100.95
Super built-up  Area,Ready To Move,Bommanahalli,3 BHK,Society_153,1597,3.0,1.0,121.93
Built-up  Area,Ready To Move,Mysore Road,3 BHK,,1272,4.0,3.0,78.3
Super built-up  Area,Ready To Move,Lingarajapuram,4 BHK,Society_195,2296,5.0,0.0,127.75
Super built-up  Area,19-Dec,Lingarajapuram,3 BHK,,1496 - 1596,3.0,1.0,88.96
Built-up  Area,22-Jan,Basaveshwara Nagar,2 BHK,Society_23,1239,2.0,1.0,80.86
Super built-up  Area,Ready To Move,Cunningham Road,2 BHK,,1085 - 1185,2.0,2.0,168.14
Super built-up  Area,Ready To Move,Padmanabhanagar,3 BHK,,1657,3.0,1.0,77.32
Carpet  Area,Ready To Move,Thanisandra Main Road,2 BHK,,1085,2.0,2.0,77.46
Super built-up  Area,19-Dec,Nayandahalli,1 BHK,,686,1.0,1.0,40.1
Super built-up  Area,Ready To Move,Haralur Road,2 BHK,Society_161,901,2.0,2.0,59.04
Plot  Area,22-Jan,Begur Road,3 BHK,,1739 - 1839,4.0,3.0,151.04
Super built-up  Area,Ready To Move,Arekere,2 BHK,,898,2.0,2.0,57.18
Built-up  Area,19-Dec,Kogilu,5 BHK,,3354,5.0,2.0,228.91
Super built-up  Area,Ready To Move,Arekere,3 BHK,,1401,3.0,3.0,79.04
Carpet  Area,Ready To Move,Dasarahalli,1 BHK,,389 - 489,1.0,1.0,24.58
Built-up  Area,19-Dec,Akshaya Nagar,3 BHK,Society_53,1789,3.0,2.0,103.79
Plot  Area,19-Dec,Begur Road,2 BHK,Society_80,842,2.0,2.0,46.48
Built-up  Area,Ready To Move,Peenya,5 BHK,Society_98,3563,5.0,1.0,255.6
Super built-up  Area,19-Dec,Padmanabhanagar,3 BHK,Society_109,1672 - 1772,3.0,0.0,87.09
Super built-up  Area,22-Jan,Raja Rajeshwari Nagar,4 BHK,,2543,3.0,3.0,153.04
Built-up  Area,Ready To Move,Jakkur,4 BHK,Society_46,2308,4.0,1.0,130.17
Super built-up  Area,19-Dec,Rachenahalli,2 BHK,Society_179,1109,2.0,1.0,66.36
Built-up  Area,Ready To Move,Hormavu,2 BHK,,985,2.0,2.0,53.36
Built-up  Area,Ready To Move,Thanisandra Main Road,3 BHK,Society_68,1252,3.0,1.0,56.53
Super built-up  Area,Ready To Move,Ulsoor,3 BHK,Society_117,1616,4.0,0.0,197.39
Super built-up  Area,Ready To Move,Brigade Road,2 BHK,,1337,2.0,2.0,224.28
Super built-up  Area,Ready To Move,Kanakapura Road,4 BHK,Society_190,2076,5.0,1.0,165.86
Super built-up  Area,Ready To Move,Nagarbhavi,1 BHK,,693,1.0,1.0,37.79
Plot  Area,Ready To Move,Chandapura,4 BHK,,2252,5.0,0.0,114.55
Super built-up  Area,19-Dec,Bommanahalli,4 BHK,,2388,3.0,3.0,182.13
Super built-up  Area,Ready To Move,Kadugodi,1 BHK,Society_173,572 - 672,1.0,1.0,46.51
Plot  Area,22-Jan,Marathahalli,3 BHK,,1793,3.0,1.0,123.33
Super built-up  Area,Ready To Move,Kengeri,4 BHK,,2097,5.0,0.0,100.29
Super built-up  Area,19-Dec,Chandapura,2 BHK,Society_163,1264,1.0,2.0,47.67
Built-up  Area,Ready To Move,Devanahalli,4 BHK,,2492,5.0,3.0,129.89
Super built-up  Area,Ready To Move,Marathahalli,3 BHK,,1582,3.0,1.0,128.48
Super built-up  Area,Ready To Move,Kengeri,3 BHK,,1277,4.0,2.0,62.31
Super built-up  Area,19-Dec,Nayandahalli,3 BHK,,1457,4.0,1.0,84.7
Built-up  Area,Ready To Move,Jigani,2 BHK,Society_164,1057,3.0,2.0,64.37
Super built-up  Area,Ready To Move,HRBR Layout,3 BHK,,1712 - 1812,3.0,1.0,112.75
Built-up  Area,Ready To Move,Vasanth Nagar,2 BHK,Society_17,983 - 1083,2.0,2.0,137.96
Super built-up  Area,Ready To Move,Sarjapur Road,3 BHK,,1788,3.0,1.0,97.98
Built-up  Area,Ready To Move,Thanisandra Main Road,2 BHK,,891,2.0,2.0,55.83
Super built-up  Area,19-Dec,Dasarahalli,4 BHK,Society_106,2391,4.0,3.0,133.42
Super built-up  Area,19-Dec,Rajarajeshwari Nagara,2 BHK,,1044,1.0,2.0,70.58
Built-up  Area,Ready To Move,Akshaya Nagar,3 BHK,,1266,2.0,1.0,99.22
Built-up  Area,Ready To Move,Richmond Town,4 BHK,Society_193,2319,4.0,2.0,348.0
Super built-up  Area,19-Dec,Rajaji Nagar,4 BHK,,2265,4.0,2.0,200.72
Super built-up  Area,Ready To Move,Wilson Garden,4 BHK,,2419,4.0,0.0,223.68
Plot  Area,19-Dec,Jayanagar,2 BHK,Society_112,1139,2.0,1.0,162.57
Built-up  Area,Ready To Move,Dasarahalli,3 BHK,Society_26,1451,3.0,2.0,79.03
Carpet  Area,19-Dec,Malleshwaram,2 BHK,Society_193,1072,1.0,2.0,121.04
Super built-up  Area,Ready To Move,Jalahalli,3 BHK,,1489,2.0,2.0,100.7
Super built-up  Area,Ready To Move,Koramangala,4 BHK,,2581,3.0,2.0,361.51
Built-up  Area,22-Jan,Dasarahalli,2 BHK,Society_61,872,3.0,1.0,56.91
Super built-up  Area,Ready To Move,Hulimavu,2 BHK,Society_181,905,2.0,1.0,64.27
Super built-up  Area,Ready To Move,Peenya,4 BHK,,2296,4.0,2.0,123.25
Super built-up  Area,Ready To Move,Haralur Road,2 BHK,,1238,2.0,1.0,85.02
Super built-up  Area,22-Jan,CV Raman Nagar,2 BHK,Society_117,903 - 1003,2.0,2.0,65.45
Super built-up  Area,Ready To Move,Bommanahalli,2 BHK,,1297,2.0,2.0,92.9
Carpet  Area,Ready To Move,Rajaji Nagar,2 BHK,,884 - 984,2.0,1.0,96.19
Built-up  Area,Ready To Move,Budigere Cross,4 BHK,Society_146,2162,5.0,1.0,126.9
Built-up  Area,Ready To Move,Anekal,4 BHK,Society_10,2355,4.0,1.0,87.44
Carpet  Area,Ready To Move,Electronic City,3 BHK,,1293,3.0,3.0,63.45
Plot  Area,Ready To Move,Magadi Road,3 BHK,Society_158,1780,4.0,0.0,107.97
Built-up  Area,Ready To Move,Sadashiva Nagar,3 BHK,Society_116,1282,3.0,0.0,223.48
Super built-up  Area,Ready To Move,Bannerghatta Road,3 BHK,,1609,2.0,2.0,121.32
Built-up  Area,Ready To Move,Haralur Road,4 BHK,,2515,4.0,2.0,139.04
Plot  Area,Ready To Move,Attibele,3 BHK,Society_189,1619,3.0,1.0,147.71
Carpet  Area,Ready To Move,Banaswadi,2 BHK,,1114,1.0,1.0,67.33
Carpet  Area,Ready To Move,Domlur,4 BHK,Society_92,2060,4.0,1.0,240.05
Carpet  Area,Ready To Move,Basavanagudi,2 BHK,,891,2.0,1.0,115.35
Built-up  Area,19-Dec,Rajaji Nagar,4 BHK,,2527,4.0,1.0,264.26
Carpet  Area,Ready To Move,Bellandur,3 BHK,,1669,3.0,1.0,119.55
Built-up  Area,Ready To Move,Bommanahalli,4 BHK,Society_5,2299,5.0,1.0,172.81
Plot  Area,22-Jan,KR Puram,4 BHK,,2533,4.0,0.0,196.01
Super built-up  Area,Ready To Move,Rachenahalli,4 BHK,Society_107,2336 - 2436,4.0,1.0,160.7
Super built-up  Area,Ready To Move,HBR Layout,3 BHK,Society_29,1352 - 1452,3.0,2.0,80.78
Carpet  Area,19-Dec,Raja Rajeshwari Nagar,1 BHK,Society_53,550,1.0,1.0,37.72
Super built-up  Area,19-Dec,HRBR Layout,3 BHK,,1346,3.0,2.0,91.04
Built-up  Area,22-Jan,Kasturi Nagar,4 BHK,Society_162,2215,4.0,1.0,145.82
Built-up  Area,Ready To Move,Chandapura,3 BHK,,1584,3.0,1.0,70.13
Super built-up  Area,22-Jan,Varthur,2 BHK,Society_101,833,2.0,0.0,50.87
Built-up  Area,Ready To Move,Haralur Road,2 BHK,,1302,2.0,1.0,81.71
Super built-up  Area,19-Dec,Rajaji Nagar,1 BHK,,738,1.0,1.0,80.04
Built-up  Area,22-Jan,Brigade Road,3 BHK,Society_142,1285,2.0,1.0,285.66
Super built-up  Area,19-Dec,Banaswadi,3 BHK,,1699 - 1799,2.0,3.0,94.02
Plot  Area,Ready To Move,Yelahanka,3 BHK,,1280,3.0,2.0,63.95
Plot  Area,19-Dec,Ramamurthy Nagar,1 BHK,,489 - 589,1.0,1.0,38.79
Super built-up  Area,Ready To Move,Ejipura,5 BHK,,3656,4.0,2.0,324.63
Carpet  Area,19-Dec,Yelahanka,3 BHK,,1539,3.0,1.0,103.66
Carpet  Area,22-Jan,Nayandahalli,3 BHK,Society_49,1259,3.0,3.0,83.24
Super built-up  Area,Ready To Move,Kasturi Nagar,1 BHK,,686,1.0,1.0,36.78
Super built-up  Area,Ready To Move,Basaveshwara Nagar,3 BHK,Society_168,1702,3.0,2.0,115.51
Built-up  Area,19-Dec,JP Nagar,2 BHK,Society_42,850,2.0,0.0,74.12
Built-up  Area,Ready To Move,Girinagar,2 BHK,,1000,2.0,0.0,42.31
Built-up  Area,Ready To Move,Dasarahalli,3 BHK,,1695,4.0,2.0,119.34
Built-up  Area,Ready To Move,Budigere Cross,4 BHK,Society_31,2073,4.0,2.0,134.72
Built-up  Area,Ready To Move,Brigade Road,2 BHK,,1211,1.0,2.0,226.8
Super built-up  Area,Ready To Move,Hennur Road,2 BHK,,975,1.0,1.0,52.19
Super built-up  Area,Ready To Move,Old Airport Road,3 BHK,,1691,2.0,1.0,166.63
Built-up  Area,Ready To Move,Yeshwanthpur,3 BHK,Society_38,1556,2.0,1.0,130.23
Built-up  Area,22-Jan,Bommanahalli,2 BHK,,845,2.0,1.0,51.16
Super built-up  Area,19-Dec,Nagarbhavi,3 BHK,Society_155,1466,3.0,0.0,61.46
Plot  Area,Ready To Move,Lavelle Road,4 BHK,,2088,3.0,1.0,521.23
Super built-up  Area,22-Jan,Jigani,2 BHK,Society_154,1318,2.0,2.0,86.82
Super built-up  Area,22-Jan,Rajaji Nagar,2 BHK,,1006,3.0,2.0,116.02
Super built-up  Area,19-Dec,Hormavu,4 BHK,,2369,4.0,0.0,118.29
Built-up  Area,Ready To Move,Kammanahalli,2 BHK,,990,1.0,2.0,65.13
Plot  Area,Ready To Move,Hoodi,3 BHK,,1302,3.0,0.0,102.23
Built-up  Area,Ready To Move,Old Madras Road,4 BHK,,2161,3.0,2.0,156.95
Carpet  Area,19-Dec,Kadugodi,2 BHK,Society_179,1100 - 1200,2.0,1.0,69.35
Plot  Area,Ready To Move,Banaswadi,3 BHK,,1208 - 1308,2.0,2.0,102.29
Super built-up  Area,Ready To Move,Jigani,3 BHK,,1705,4.0,2.0,99.93
Carpet  Area,22-Jan,Bellandur,4 BHK,,2087,4.0,3.0,155.11
Super built-up  Area,Ready To Move,Bommasandra,2 BHK,,1097,1.0,1.0,57.64
Super built-up  Area,Ready To Move,Kasturi Nagar,3 BHK,,1522,3.0,1.0,82.98
Built-up  Area,Ready To Move,Ejipura,3 BHK,Society_148,1536,3.0,1.0,170.9
Super built-up  Area,19-Dec,Hulimavu,2 BHK,Society_186,919,2.0,0.0,48.17
Super built-up  Area,22-Jan,Devanahalli,3 BHK,,1209 - 1309,3.0,2.0,61.16
Super built-up  Area,Ready To Move,Adugodi,4 BHK,,2390,4.0,2.0,164.38
Super built-up  Area,Ready To Move,Hulimavu,2 BHK,Society_113,1251,2.0,2.0,53.11
Plot  Area,Ready To Move,Kammanahalli,3 BHK,,1681,4.0,3.0,105.81
Super built-up  Area,Ready To Move,Gottigere,3 BHK,,1401,3.0,2.0,76.7
Super built-up  Area,19-Dec,Gottigere,3 BHK,Society_116,1493,4.0,2.0,108.53
Built-up  Area,Ready To Move,Kammanahalli,3 BHK,,1405,3.0,0.0,94.39
Built-up  Area,22-Jan,Arekere,3 BHK,Society_15,1621,2.0,0.0,78.2
Built-up  Area,19-Dec,Koramangala,3 BHK,,1530 - 1630,4.0,1.0,236.29
Super built-up  Area,22-Jan,Varthur,5 BHK,,3882,5.0,1.0,178.85
Built-up  Area,Ready To Move,Bellandur,5 BHK,Society_161,3846,5.0,2.0,312.5
Super built-up  Area,22-Jan,Gottigere,3 BHK,Society_124,1251,3.0,3.0,52.19
Built-up  Area,Ready To Move,Vidyaranyapura,2 BHK,,1220,2.0,1.0,74.51
Super built-up  Area,Ready To Move,Koramangala,5 BHK,Society_4,3881,4.0,1.0,483.92
Super built-up  Area,Ready To Move,Gottigere,3 BHK,,1465,3.0,0.0,86.8
Built-up  Area,Ready To Move,Thanisandra,4 BHK,Society_14,2311,4.0,0.0,153.36
Super built-up  Area,Ready To Move,Marathahalli,3 BHK,,1427,2.0,2.0,95.76
Built-up  Area,22-Jan,Yelahanka,4 BHK,Society_199,2091,4.0,0.0,146.49
Built-up  Area,Ready To Move,Rachenahalli,2 BHK,Society_95,1212,2.0,2.0,72.26
Built-up  Area,22-Jan,Vasanth Nagar,2 BHK,Society_150,1308,3.0,1.0,170.9
Super built-up  Area,22-Jan,New BEL Road,4 BHK,,2565,4.0,1.0,129.7
Super built-up  Area,Ready To Move,Kadugodi,3 BHK,,1733,3.0,0.0,117.52
Plot  Area,Ready To Move,Kengeri,2 BHK,Society_87,1016,2.0,2.0,68.3
Super built-up  Area,Ready To Move,Kalyan Nagar,2 BHK,,894,2.0,2.0,53.11
Built-up  Area,Ready To Move,HSR Layout,3 BHK,,1335 - 1435,3.0,1.0,152.09
Built-up  Area,Ready To Move,Hulimavu,3 BHK,Society_74,1323,3.0,2.0,88.35
Carpet  Area,22-Jan,Mahadevapura,2 BHK,Society_58,1300,2.0,2.0,87.04
Built-up  Area,22-Jan,Mahadevapura,1 BHK,,769 - 869,2.0,0.0,45.94
Super built-up  Area,Ready To Move,Rajarajeshwari Nagara,2 BHK,,944,2.0,1.0,64.62
Carpet  Area,Ready To Move,Kadugodi,2 BHK,,808,3.0,2.0,37.36
Super built-up  Area,19-Dec,Marathahalli,2 BHK,,1035,2.0,0.0,80.11
Super built-up  Area,19-Dec,Uttarahalli,2 BHK,,1220 - 1320,2.0,1.0,71.47
Carpet  Area,Ready To Move,Bagalur,2 BHK,,1198,2.0,2.0,83.29
Built-up  Area,22-Jan,Budigere Cross,2 BHK,Society_26,896,2.0,1.0,56.13
Super built-up  Area,Ready To Move,Kengeri,3 BHK,,1429,3.0,2.0,93.6
Plot  Area,22-Jan,Thanisandra Main Road,3 BHK,Society_157,1718,3.0,2.0,104.91
Super built-up  Area,22-Jan,Attibele,2 BHK,,1056,2.0,2.0,64.19
Built-up  Area,Ready To Move,Chamrajpet,3 BHK,,1559,3.0,0.0,79.4
Plot  Area,Ready To Move,Haralur Road,3 BHK,,1394,3.0,2.0,96.46
Plot  Area,19-Dec,KR Puram,4 BHK,,2566,5.0,2.0,193.15
Built-up  Area,Ready To Move,Rajaji Nagar,3 BHK,Society_145,1478,4.0,0.0,134.01
Plot  Area,Ready To Move,Malleshwaram,2 BHK,,994,2.0,2.0,163.96
Built-up  Area,19-Dec,CV Raman Nagar,4 BHK,Society_70,2349 - 2449,3.0,2.0,117.28
Built-up  Area,22-Jan,Old Madras Road,2 BHK,Society_176,1063,2.0,2.0,64.73
Super built-up  Area,Ready To Move,Vasanth Nagar,3 BHK,Society_106,1747 - 1847,2.0,2.0,251.46
Plot  Area,22-Jan,Bagalur,3 BHK,,1768,2.0,0.0,118.56
Carpet  Area,22-Jan,Sahakara Nagar,3 BHK,Society_82,1584,3.0,1.0,86.89
Plot  Area,Ready To Move,Hulimavu,3 BHK,Society_141,1319,3.0,2.0,104.2
Built-up  Area,Ready To Move,Brigade Road,2 BHK,,1059,1.0,1.0,169.97
Super built-up  Area,Ready To Move,Haralur Road,2 BHK,,1242,2.0,0.0,94.28
Super built-up  Area,Ready To Move,Arekere,2 BHK,,1306,2.0,0.0,84.61
Super built-up  Area,19-Dec,Adugodi,2 BHK,,948,3.0,2.0,41.69
Carpet  Area,19-Dec,Budigere Cross,2 BHK,Society_75,1094,2.0,1.0,56.91
Super built-up  Area,19-Dec,Basaveshwara Nagar,3 BHK,,1357,3.0,1.0,90.58
Built-up  Area,Ready To Move,Laggere,2 BHK,Society_160,1187,1.0,1.0,80.37
Built-up  Area,22-Jan,Hebbal,3 BHK,,1724,2.0,2.0,145.3
Plot  Area,Ready To Move,Dasarahalli,2 BHK,,1280,1.0,2.0,73.71
Plot  Area,19-Dec,Dasarahalli,5 BHK,,3776,5.0,2.0,243.39
Super built-up  Area,Ready To Move,Yeshwanthpur,3 BHK,,1315,4.0,1.0,81.95
Plot  Area,Ready To Move,Girinagar,3 BHK,Society_95,1465,3.0,2.0,85.18
Super built-up  Area,Ready To Move,Bannerghatta Road,4 BHK,Society_119,2194,5.0,1.0,141.22
Built-up  Area,Ready To Move,Rajaji Nagar,3 BHK,,1495,2.0,2.0,185.23
Super built-up  Area,Ready To Move,Bannerghatta Road,1 BHK,,474 - 574,1.0,1.0,34.22
Super built-up  Area,Ready To Move,Banaswadi,2 BHK,,1148 - 1248,2.0,1.0,75.1
Plot  Area,Ready To Move,New BEL Road,4 BHK,Society_151,2220,4.0,3.0,163.22
Carpet  Area,Ready To Move,Sarjapur Road,2 BHK,,1246,2.0,2.0,71.15
Built-up  Area,22-Jan,Lingarajapuram,3 BHK,Society_176,1708,3.0,1.0,120.88
Built-up  Area,Ready To Move,Banashankari,4 BHK,,2145,4.0,1.0,114.19
Super built-up  Area,Ready To Move,Sahakara Nagar,3 BHK,Society_138,1586,3.0,0.0,99.29
Super built-up  Area,Ready To Move,Old Madras Road,3 BHK,,1693,3.0,2.0,89.31
Built-up  Area,Ready To Move,Adugodi,3 BHK,Society_45,1300,3.0,1.0,92.96
Super built-up  Area,Ready To Move,Gottigere,5 BHK,,3576,6.0,2.0,148.6
Plot  Area,22-Jan,Lavelle Road,3 BHK,,1522,3.0,1.0,266.15
Plot  Area,19-Dec,Hoodi,3 BHK,,1446,3.0,1.0,94.03
Built-up  Area,Ready To Move,Indira Nagar,2 BHK,,1056,2.0,1.0,176.72
Super built-up  Area,Ready To Move,Thanisandra Main Road,4 BHK,,2149,4.0,1.0,119.95
Super built-up  Area,Ready To Move,Budigere Cross,3 BHK,Society_181,1439,3.0,1.0,66.3
Super built-up  Area,Ready To Move,HBR Layout,3 BHK,Society_123,1434,3.0,1.0,87.35
Built-up  Area,22-Jan,Raja Rajeshwari Nagar,4 BHK,,2116,4.0,2.0,155.65
Super built-up  Area,22-Jan,Kammanahalli,1 BHK,Society_111,928,1.0,1.0,53.49
Super built-up  Area,Ready To Move,Hennur Road,2 BHK,,993,2.0,2.0,72.69
Super built-up  Area,Ready To Move,Akshaya Nagar,3 BHK,,1332 - 1432,4.0,0.0,65.39
Super built-up  Area,19-Dec,Basaveshwara Nagar,4 BHK,Society_115,2108,3.0,2.0,119.75
Plot  Area,Ready To Move,Chandapura,2 BHK,,928,1.0,0.0,55.52
Plot  Area,Ready To Move,Yelahanka,4 BHK,,2290,3.0,2.0,177.16
Built-up  Area,Ready To Move,Kumaraswamy Layout,3 BHK,,1330,2.0,0.0,79.33
Super built-up  Area,Ready To Move,Nagarbhavi,3 BHK,,1322,3.0,2.0,56.02
Super built-up  Area,Ready To Move,Brigade Road,4 BHK,,2432,5.0,0.0,449.3
Super built-up  Area,22-Jan,Mysore Road,2 BHK,,1187 - 1287,2.0,2.0,92.09
Super built-up  Area,Ready To Move,Bagalur,4 BHK,,2065,4.0,0.0,150.23
Built-up  Area,19-Dec,Kalyan Nagar,3 BHK,,1314,3.0,2.0,83.81
Super built-up  Area,19-Dec,Banashankari,3 BHK,,1712,3.0,1.0,122.83
Carpet  Area,Ready To Move,Raja Rajeshwari Nagar,3 BHK,Society_75,1521 - 1621,3.0,3.0,80.09
Super built-up  Area,19-Dec,Sadashiva Nagar,2 BHK,Society_6,1218,3.0,2.0,230.53
Carpet  Area,Ready To Move,Adugodi,4 BHK,Society_18,2251,4.0,2.0,101.14
Super built-up  Area,Ready To Move,Chikkaballapur Road,3 BHK,,1351 - 1451,3.0,3.0,81.44
Built-up  Area,22-Jan,Hennur Road,3 BHK,,1290,4.0,2.0,95.49
Carpet  Area,22-Jan,Varthur,2 BHK,,804,2.0,0.0,55.42
Built-up  Area,Ready To Move,Basavanagudi,2 BHK,,1119,2.0,1.0,133.2
Carpet  Area,Ready To Move,Gottigere,2 BHK,,823,1.0,1.0,42.46
Carpet  Area,Ready To Move,Fraser Town,4 BHK,,2218,5.0,0.0,130.25
Built-up  Area,Ready To Move,Vasanth Nagar,3 BHK,Society_105,1537,3.0,0.0,206.15
Super built-up  Area,22-Jan,Rajaji Nagar,2 BHK,Society_163,814,2.0,0.0,99.93
Built-up  Area,22-Jan,Basaveshwara Nagar,4 BHK,Society_39,2523,5.0,1.0,140.12
Plot  Area,Ready To Move,Koramangala,3 BHK,Society_153,1378,3.0,2.0,236.42
Super built-up  Area,Ready To Move,Arekere,4 BHK,,2238,5.0,0.0,173.31
Super built-up  Area,19-Dec,HRBR Layout,2 BHK,,835,3.0,1.0,48.08
Built-up  Area,22-Jan,Hormavu,4 BHK,,2098,4.0,2.0,132.61
Built-up  Area,Ready To Move,Kumaraswamy Layout,2 BHK,Society_199,1093,2.0,1.0,50.42
Super built-up  Area,Ready To Move,Rajaji Nagar,3 BHK,,1680,4.0,2.0,201.99
Built-up  Area,19-Dec,Chikkaballapur Road,3 BHK,Society_150,1458,3.0,1.0,72.44
Super built-up  Area,Ready To Move,Richmond Town,2 BHK,Society_93,819,3.0,2.0,74.03
Super built-up  Area,19-Dec,Thanisandra,4 BHK,Society_87,2391,4.0,3.0,97.58
Built-up  Area,19-Dec,Fraser Town,2 BHK,,894,2.0,0.0,62.31
Super built-up  Area,Ready To Move,Lavelle Road,2 BHK,,1198,2.0,2.0,238.55
Built-up  Area,Ready To Move,Adugodi,4 BHK,,2246,4.0,1.0,128.0
Plot  Area,19-Dec,Rajaji Nagar,5 BHK,,3689,5.0,2.0,593.92
Super built-up  Area,Ready To Move,Lavelle Road,4 BHK,,2399,4.0,2.0,486.89
Plot  Area,22-Jan,Chandapura,2 BHK,Society_83,930 - 1030,2.0,2.0,48.15
Super built-up  Area,19-Dec,Ejipura,1 BHK,Society_173,518,1.0,1.0,45.9
Built-up  Area,19-Dec,Bommasandra,3 BHK,,1334,2.0,2.0,83.88
Built-up  Area,19-Dec,Chandapura,4 BHK,Society_188,2246,4.0,2.0,94.99
Built-up  Area,Ready To Move,RT Nagar,5 BHK,Society_189,3375,5.0,1.0,181.4
Built-up  Area,22-Jan,HRBR Layout,4 BHK,Society_166,2447,5.0,3.0,167.98
Super built-up  Area,Ready To Move,Ulsoor,3 BHK,,1769,3.0,2.0,195.95
Super built-up  Area,Ready To Move,Marathahalli,3 BHK,Society_171,1429,3.0,1.0,92.21
Super built-up  Area,19-Dec,Sadashiva Nagar,3 BHK,Society_115,1758,3.0,1.0,354.98
Built-up  Area,Ready To Move,Bannerghatta Road,3 BHK,Society_22,1241 - 1341,3.0,1.0,57.99
Carpet  Area,19-Dec,Hormavu,2 BHK,,1269 - 1369,2.0,2.0,71.44
Super built-up  Area,19-Dec,Benson Town,3 BHK,,1514,4.0,1.0,93.99
Super built-up  Area,19-Dec,Whitefield,3 BHK,,1479,3.0,1.0,97.05
Built-up  Area,Ready To Move,Haralur Road,4 BHK,Society_136,2280,3.0,0.0,121.85
Super built-up  Area,19-Dec,JP Nagar,2 BHK,,1076,2.0,1.0,94.96
Built-up  Area,22-Jan,Ramamurthy Nagar,4 BHK,,2195,4.0,2.0,153.3
Super built-up  Area,Ready To Move,Kadugodi,2 BHK,,966,1.0,1.0,66.67
Plot  Area,Ready To Move,Uttarahalli,2 BHK,Society_198,927,2.0,2.0,59.57
Built-up  Area,Ready To Move,Jakkur,3 BHK,Society_124,1412,2.0,3.0,87.48
Super built-up  Area,22-Jan,Dasarahalli,3 BHK,Society_58,1498,3.0,1.0,98.71
Built-up  Area,Ready To Move,Malleshwaram,3 BHK,Society_64,1324,3.0,0.0,185.14
Carpet  Area,Ready To Move,JP Nagar,3 BHK,,1456,2.0,1.0,113.71
Super built-up  Area,Ready To Move,Koramangala,2 BHK,,1003,2.0,2.0,149.92
Carpet  Area,Ready To Move,Bagalur,2 BHK,,1335,2.0,1.0,82.62
Built-up  Area,Ready To Move,Kogilu,4 BHK,,2284,4.0,3.0,123.54
Super built-up  Area,22-Jan,Vidyaranyapura,2 BHK,Society_145,1134,2.0,0.0,81.29
Super built-up  Area,22-Jan,JP Nagar,4 BHK,,2441,4.0,0.0,169.12
Plot  Area,Ready To Move,Rachenahalli,3 BHK,Society_29,1378,3.0,1.0,121.53
Built-up  Area,Ready To Move,Lavelle Road,3 BHK,,1747,3.0,3.0,283.0
Super built-up  Area,Ready To Move,Varthur,2 BHK,,820,2.0,0.0,52.83
Carpet  Area,Ready To Move,Yelahanka,5 BHK,,3867,4.0,3.0,251.61
Built-up  Area,Ready To Move,Electronic City,2 BHK,Society_29,896,2.0,2.0,44.08
Super built-up  Area,Ready To Move,Lavelle Road,3 BHK,,1366,2.0,1.0,280.38
Super built-up  Area,Ready To Move,Jigani,3 BHK,,1205 - 1305,3.0,1.0,47.03
Built-up  Area,19-Dec,Koramangala,2 BHK,,1105,3.0,2.0,159.42
Plot  Area,Ready To Move,Anekal,3 BHK,,1758,4.0,3.0,63.5
Built-up  Area,19-Dec,Basaveshwara Nagar,3 BHK,,1408,3.0,2.0,78.69
Built-up  Area,Ready To Move,Yelahanka,2 BHK,,948 - 1048,2.0,2.0,47.23
Built-up  Area,Ready To Move,Cunningham Road,4 BHK,Society_73,2524,5.0,2.0,481.56
Built-up  Area,19-Dec,Ramamurthy Nagar,2 BHK,Society_34,1099,2.0,2.0,67.15
Carpet  Area,Ready To Move,Bannerghatta Road,3 BHK,,1565 - 1665,3.0,2.0,102.52
Carpet  Area,19-Dec,Malleshwaram,2 BHK,,1257,2.0,2.0,156.35
Super built-up  Area,Ready To Move,HRBR Layout,4 BHK,Society_44,2256,5.0,1.0,142.91
Built-up  Area,Ready To Move,Haralur Road,3 BHK,Society_10,1569,4.0,0.0,89.72
Super built-up  Area,22-Jan,Nayandahalli,3 BHK,,1259 - 1359,3.0,1.0,91.41
Plot  Area,Ready To Move,Varthur,3 BHK,Society_119,1296,3.0,2.0,89.68
Super built-up  Area,19-Dec,Richmond Town,2 BHK,Society_121,1141,2.0,2.0,146.97
Super built-up  Area,22-Jan,Kasturi Nagar,2 BHK,,850,1.0,1.0,44.73
Super built-up  Area,Ready To Move,Jalahalli,4 BHK,,2532 - 2632,5.0,2.0,166.78
Super built-up  Area,Ready To Move,HSR Layout,4 BHK,Society_111,2145 - 2245,5.0,3.0,260.26
Carpet  Area,Ready To Move,Bellandur,4 BHK,,2545,5.0,2.0,181.78
Super built-up  Area,19-Dec,Uttarahalli,2 BHK,Society_57,819,2.0,2.0,50.26
Super built-up  Area,19-Dec,Hoodi,4 BHK,Society_58,2295,4.0,0.0,140.99
Super built-up  Area,Ready To Move,Bommasandra,1 BHK,Society_195,465 - 565,2.0,1.0,32.59
Built-up  Area,19-Dec,Basaveshwara Nagar,2 BHK,Society_31,892 - 992,1.0,1.0,65.01
Super built-up  Area,Ready To Move,Rajaji Nagar,3 BHK,,1331,3.0,1.0,155.21
Built-up  Area,Ready To Move,Marathahalli,1 BHK,Society_64,754,1.0,1.0,69.37
Super built-up  Area,22-Jan,Thanisandra,4 BHK,Society_123,2178,4.0,1.0,84.77
Plot  Area,22-Jan,Bellandur,1 BHK,,713 - 813,2.0,1.0,74.38
Built-up  Area,22-Jan,Nayandahalli,2 BHK,,1020 - 1120,2.0,2.0,57.88
Built-up  Area,19-Dec,Magadi Road,4 BHK,,2483,5.0,2.0,160.51
Super built-up  Area,Ready To Move,Nayandahalli,3 BHK,Society_54,1648,2.0,1.0,114.68
Plot  Area,Ready To Move,Varthur,2 BHK,,1133,3.0,2.0,74.94
Super built-up  Area,Ready To Move,Hosa Road,2 BHK,Society_170,1169,2.0,2.0,72.56
Super built-up  Area,Ready To Move,Hoodi,4 BHK,,2126,4.0,0.0,114.82
Built-up  Area,19-Dec,Devanahalli,2 BHK,,1154,2.0,0.0,49.97
Super built-up  Area,19-Dec,Varthur,4 BHK,Society_147,2020 - 2120,4.0,3.0,140.92
Built-up  Area,Ready To Move,Jakkur,5 BHK,Society_87,3483,5.0,2.0,177.3
Super built-up  Area,19-Dec,Magadi Road,2 BHK,Society_185,971,1.0,0.0,56.76
Carpet  Area,Ready To Move,Brigade Road,4 BHK,,2294,3.0,1.0,381.4
Super built-up  Area,Ready To Move,Padmanabhanagar,3 BHK,,1314 - 1414,2.0,0.0,92.77
Plot  Area,22-Jan,Anekal,2 BHK,,1333,2.0,0.0,60.17
Super built-up  Area,Ready To Move,Dasarahalli,3 BHK,Society_15,1469,3.0,1.0,89.74
Built-up  Area,Ready To Move,Electronic City,3 BHK,,1630,3.0,2.0,72.33
Built-up  Area,19-Dec,Malleshwaram,3 BHK,,1612,2.0,2.0,195.99
Built-up  Area,22-Jan,Vasanth Nagar,2 BHK,Society_138,1267 - 1367,2.0,0.0,159.42
Super built-up  Area,22-Jan,Devanahalli,3 BHK,,1474,4.0,1.0,74.71
Built-up  Area,Ready To Move,Marathahalli,2 BHK,Society_177,1089,2.0,0.0,71.04
Built-up  Area,Ready To Move,Rachenahalli,1 BHK,,416,1.0,1.0,21.26
Plot  Area,19-Dec,KR Puram,3 BHK,,1566 - 1666,3.0,3.0,103.29
Built-up  Area,Ready To Move,Girinagar,2 BHK,Society_43,1063,2.0,1.0,69.66
Super built-up  Area,Ready To Move,Banashankari,5 BHK,,3699,6.0,1.0,276.65
Plot  Area,22-Jan,Electronic City,2 BHK,Society_109,1018 - 1118,1.0,2.0,62.98
Super built-up  Area,Ready To Move,Basaveshwara Nagar,1 BHK,Society_3,478,1.0,0.0,26.04
Super built-up  Area,Ready To Move,Nayandahalli,2 BHK,,1288,1.0,0.0,71.59
Super built-up  Area,22-Jan,Dasarahalli,4 BHK,Society_124,2161,5.0,2.0,146.95
Super built-up  Area,Ready To Move,Kogilu,3 BHK,,1567,3.0,1.0,108.2
Built-up  Area,Ready To Move,Nayandahalli,3 BHK,,1477,3.0,1.0,87.92
Plot  Area,22-Jan,Dasarahalli,3 BHK,Society_6,1550,3.0,1.0,131.67
Built-up  Area,Ready To Move,Budigere Cross,3 BHK,Society_13,1417,3.0,0.0,78.31
Carpet  Area,19-Dec,Basavanagudi,2 BHK,,1155,2.0,2.0,138.6
Built-up  Area,22-Jan,Rajaji Nagar,2 BHK,,895,2.0,1.0,92.63
Super built-up  Area,Ready To Move,CV Raman Nagar,4 BHK,,2073,3.0,3.0,147.26
Super built-up  Area,22-Jan,Indira Nagar,4 BHK,Society_49,2235,4.0,0.0,424.64
Super built-up  Area,Ready To Move,Indira Nagar,3 BHK,,1579,3.0,2.0,272.68
Built-up  Area,Ready To Move,Kammanahalli,4 BHK,,2542,5.0,1.0,182.27
Built-up  Area,Ready To Move,Raja Rajeshwari Nagar,3 BHK,Society_39,1214 - 1314,4.0,2.0,102.26
Plot  Area,Ready To Move,Sadashiva Nagar,4 BHK,,2468 - 2568,4.0,3.0,363.01
Plot  Area,19-Dec,Sarjapur Road,3 BHK,Society_117,1500,3.0,2.0,112.22
Super built-up  Area,22-Jan,Sarjapur Road,2 BHK,,1240,2.0,2.0,69.19
Super built-up  Area,22-Jan,Chamrajpet,3 BHK,Society_143,1663,3.0,2.0,104.76
Super built-up  Area,Ready To Move,Cunningham Road,3 BHK,Society_119,1277,4.0,1.0,210.44
Super built-up  Area,Ready To Move,Rajaji Nagar,2 BHK,,1346,1.0,2.0,164.97
Carpet  Area,Ready To Move,Bannerghatta Road,2 BHK,,973,2.0,2.0,74.82
Plot  Area,Ready To Move,Haralur Road,4 BHK,Society_63,2131,4.0,1.0,152.11
Super built-up  Area,22-Jan,Kammanahalli,3 BHK,Society_4,1320,2.0,1.0,91.72
Super built-up  Area,Ready To Move,Chikkaballapur Road,4 BHK,,2582,4.0,1.0,142.91
Built-up  Area,Ready To Move,Hennur Road,3 BHK,,1672,4.0,3.0,100.41
Super built-up  Area,Ready To Move,Varthur,1 BHK,Society_176,447 - 547,1.0,0.0,27.12
Super built-up  Area,22-Jan,Devanahalli,3 BHK,,1652,4.0,1.0,56.85
Super built-up  Area,Ready To Move,Kudlu Gate,5 BHK,,3688 - 3788,5.0,1.0,176.37
Plot  Area,Ready To Move,Lingarajapuram,4 BHK,,2229,3.0,0.0,137.38
Super built-up  Area,19-Dec,Kengeri,4 BHK,,2128,4.0,1.0,138.94
Super built-up  Area,Ready To Move,Haralur Road,3 BHK,,1366,3.0,2.0,73.27
Super built-up  Area,19-Dec,Rajaji Nagar,4 BHK,,2321,4.0,1.0,304.89
Plot  Area,Ready To Move,Basaveshwara Nagar,3 BHK,,1744,3.0,2.0,143.4
Super built-up  Area,Ready To Move,Arekere,2 BHK,Society_93,1274,3.0,1.0,50.17
Built-up  Area,Ready To Move,Sadashiva Nagar,3 BHK,,1641,3.0,3.0,218.9
Built-up  Area,22-Jan,Electronic City,2 BHK,Society_140,1090,2.0,1.0,51.82
Super built-up  Area,19-Dec,Domlur,3 BHK,Society_71,1687,3.0,0.0,224.67
Built-up  Area,22-Jan,HBR Layout,3 BHK,Society_107,1289,4.0,3.0,78.48
Built-up  Area,19-Dec,Thanisandra,3 BHK,,1742,3.0,2.0,108.92
Super built-up  Area,19-Dec,Malleshwaram,3 BHK,,1327,4.0,2.0,225.83
Super built-up  Area,19-Dec,Cox Town,2 BHK,Society_170,1082,2.0,0.0,78.19
Built-up  Area,Ready To Move,Kasturi Nagar,3 BHK,,1606 - 1706,3.0,2.0,106.56
Plot  Area,Ready To Move,Marathahalli,4 BHK,,2179,4.0,0.0,208.21
Plot  Area,Ready To Move,Richmond Town,2 BHK,,1175,1.0,1.0,130.23
Built-up  Area,Ready To Move,Domlur,2 BHK,,1092,3.0,1.0,115.64
Super built-up  Area,22-Jan,Hulimavu,2 BHK,,1262,2.0,2.0,80.36
Super built-up  Area,Ready To Move,Kammanahalli,3 BHK,,1635 - 1735,3.0,1.0,93.52
Super built-up  Area,Ready To Move,Mahadevapura,2 BHK,,899,1.0,2.0,59.74
Carpet  Area,Ready To Move,Sadashiva Nagar,2 BHK,Society_23,969,1.0,2.0,133.83
Carpet  Area,Ready To Move,Chandapura,3 BHK,,1512,3.0,3.0,67.47
Super built-up  Area,Ready To Move,Whitefield,2 BHK,,894,2.0,2.0,65.97
Super built-up  Area,22-Jan,Ramamurthy Nagar,3 BHK,Society_13,1738,3.0,0.0,115.35
Carpet  Area,Ready To Move,Richmond Town,4 BHK,,2114,4.0,1.0,277.0
Super built-up  Area,Ready To Move,BTM Layout,3 BHK,Society_155,1732,3.0,3.0,130.27
Built-up  Area,Ready To Move,Fraser Town,2 BHK,,1022,3.0,0.0,74.92
Built-up  Area,Ready To Move,Jayanagar,5 BHK,,3723,5.0,1.0,453.17
Super built-up  Area,Ready To Move,Cunningham Road,3 BHK,,1705,3.0,1.0,254.05
Super built-up  Area,22-Jan,Old Airport Road,2 BHK,,1036,2.0,2.0,111.7
Super built-up  Area,Ready To Move,Fraser Town,2 BHK,,917,3.0,2.0,56.36
Plot  Area,22-Jan,Old Madras Road,3 BHK,Society_112,1656,3.0,0.0,109.52
Super built-up  Area,Ready To Move,Ulsoor,4 BHK,,2214,4.0,1.0,240.94
Super built-up  Area,22-Jan,Hulimavu,4 BHK,,2476,3.0,2.0,156.2
Built-up  Area,Ready To Move,Fraser Town,3 BHK,,1335,2.0,0.0,87.18
Super built-up  Area,22-Jan,Peenya,2 BHK,Society_112,1013,2.0,2.0,79.95
Plot  Area,Ready To Move,Begur Road,1 BHK,Society_164,611,1.0,1.0,42.75
Super built-up  Area,22-Jan,Ramamurthy Nagar,1 BHK,Society_124,511,1.0,1.0,34.12
Super built-up  Area,Ready To Move,Banaswadi,4 BHK,,2305,4.0,1.0,126.1
Super built-up  Area,Ready To Move,Domlur,3 BHK,Society_181,1637,3.0,3.0,187.78
Super built-up  Area,Ready To Move,Chandapura,2 BHK,Society_115,813,2.0,0.0,27.45
Plot  Area,Ready To Move,Kammanahalli,4 BHK,Society_32,2143 - 2243,4.0,1.0,182.24
Super built-up  Area,Ready To Move,Richmond Town,3 BHK,Society_161,1279 - 1379,3.0,1.0,150.29
Plot  Area,Ready To Move,Malleshwaram,3 BHK,,1291,3.0,0.0,194.94
Built-up  Area,Ready To Move,Yelahanka,4 BHK,Society_146,2515,5.0,1.0,159.39
Super built-up  Area,22-Jan,Kanakapura Road,3 BHK,,1616,3.0,2.0,93.59
Built-up  Area,22-Jan,Kadugodi,3 BHK,,1384,3.0,3.0,80.8
Carpet  Area,19-Dec,Sadashiva Nagar,2 BHK,Society_59,1300,2.0,2.0,129.14
Plot  Area,Ready To Move,Richmond Town,3 BHK,Society_111,1346,2.0,0.0,215.03
Super built-up  Area,22-Jan,Begur Road,2 BHK,,1133,2.0,1.0,62.15
Super built-up  Area,Ready To Move,Kanakapura Road,2 BHK,,1078,2.0,2.0,72.59
Built-up  Area,Ready To Move,Rachenahalli,4 BHK,,2106,4.0,3.0,124.8
Super built-up  Area,19-Dec,Yeshwanthpur,3 BHK,,1687,3.0,0.0,102.56
Super built-up  Area,22-Jan,Varthur,3 BHK,,1385,3.0,2.0,65.76
Built-up  Area,19-Dec,Mysore Road,3 BHK,,1577 - 1677,3.0,2.0,100.92
Plot  Area,Ready To Move,Magadi Road,2 BHK,,1248,1.0,2.0,78.6
Built-up  Area,19-Dec,Thanisandra Main Road,3 BHK,,1273,3.0,3.0,88.37
Super built-up  Area,Ready To Move,CV Raman Nagar,2 BHK,,1261 - 1361,2.0,1.0,78.12
Super built-up  Area,Ready To Move,HRBR Layout,3 BHK,Society_134,1489,3.0,2.0,74.91
Built-up  Area,Ready To Move,Electronic City,3 BHK,,1519,2.0,2.0,65.49
Built-up  Area,Ready To Move,Bagalur,2 BHK,Society_100,860,2.0,0.0,50.19
Built-up  Area,Ready To Move,Hulimavu,2 BHK,,888,2.0,2.0,54.35
Super built-up  Area,Ready To Move,Padmanabhanagar,3 BHK,,1287,4.0,1.0,96.06
Super built-up  Area,Ready To Move,Arekere,3 BHK,Society_152,1759,3.0,1.0,103.83
Built-up  Area,Ready To Move,Laggere,4 BHK,Society_116,2122,4.0,1.0,125.16
Carpet  Area,Ready To Move,Kadugodi,3 BHK,,1330,3.0,1.0,74.21
Super built-up  Area,Ready To Move,Ulsoor,5 BHK,,3865,5.0,3.0,401.65
Built-up  Area,Ready To Move,Hoodi,2 BHK,,1219,1.0,2.0,65.85
Super built-up  Area,22-Jan,Hormavu,2 BHK,,1088,3.0,2.0,64.09
Built-up  Area,22-Jan,BTM Layout,3 BHK,Society_55,1477 - 1577,3.0,3.0,142.4
Super built-up  Area,Ready To Move,Old Airport Road,2 BHK,Society_75,910,2.0,2.0,89.26
Built-up  Area,Ready To Move,Narayanapura,3 BHK,,1372,3.0,1.0,85.5
Plot  Area,Ready To Move,Hennur Road,3 BHK,Society_164,1536,3.0,2.0,121.53
Plot  Area,19-Dec,Hulimavu,4 BHK,,2440,5.0,2.0,207.09
Built-up  Area,19-Dec,Vidyaranyapura,3 BHK,Society_168,1476,3.0,0.0,83.31
Super built-up  Area,19-Dec,Jalahalli,4 BHK,Society_115,2371,3.0,0.0,140.04
Built-up  Area,22-Jan,Hebbal,2 BHK,,978,2.0,1.0,105.02
Plot  Area,Ready To Move,Ramamurthy Nagar,3 BHK,,1647,3.0,1.0,129.58
Plot  Area,19-Dec,Magadi Road,3 BHK,Society_151,1759,3.0,2.0,124.36
Built-up  Area,Ready To Move,Gottigere,3 BHK,,1314,2.0,1.0,69.28
Super built-up  Area,Ready To Move,Jayanagar,3 BHK,Society_137,1705,3.0,3.0,219.34
Super built-up  Area,19-Dec,Basaveshwara Nagar,3 BHK,Society_126,1737,3.0,3.0,105.05
Built-up  Area,19-Dec,Attibele,3 BHK,,1624,3.0,1.0,94.55
Super built-up  Area,19-Dec,Jigani,4 BHK,Society_184,2549 - 2649,4.0,2.0,110.03
Super built-up  Area,19-Dec,Magadi Road,3 BHK,Society_18,1683,3.0,2.0,93.8
Carpet  Area,Ready To Move,Dasarahalli,2 BHK,,1138,2.0,1.0,76.41
Super built-up  Area,Ready To Move,Domlur,3 BHK,Society_124,1797,3.0,3.0,203.97
Built-up  Area,19-Dec,Sahakara Nagar,4 BHK,,2145,4.0,2.0,137.57
Plot  Area,Ready To Move,Malleshwaram,3 BHK,Society_177,1512,2.0,1.0,257.02
Built-up  Area,22-Jan,Electronic City,2 BHK,Society_39,1106,3.0,2.0,83.32
Super built-up  Area,Ready To Move,Chikkaballapur Road,2 BHK,,1264,2.0,2.0,81.71
Built-up  Area,Ready To Move,Mysore Road,2 BHK,,1037,3.0,0.0,67.33
Built-up  Area,22-Jan,Bellandur,3 BHK,,1384,3.0,0.0,83.05
Built-up  Area,Ready To Move,Laggere,4 BHK,Society_153,2110,4.0,3.0,151.86
Super built-up  Area,Ready To Move,Sadashiva Nagar,3 BHK,Society_184,1696,3.0,2.0,235.24
Built-up  Area,22-Jan,Old Madras Road,2 BHK,,976,1.0,0.0,57.85
Super built-up  Area,22-Jan,Rajaji Nagar,3 BHK,Society_16,1577,3.0,0.0,181.21
Carpet  Area,Ready To Move,Yeshwanthpur,4 BHK,Society_165,2431,4.0,1.0,157.35
Super built-up  Area,22-Jan,Basavanagudi,4 BHK,Society_25,2584,4.0,2.0,182.4
Built-up  Area,Ready To Move,Hulimavu,2 BHK,,987,2.0,1.0,69.45
Built-up  Area,Ready To Move,HSR Layout,4 BHK,Society_193,2017 - 2117,3.0,0.0,161.64
Plot  Area,Ready To Move,Hebbal,1 BHK,Society_92,766,1.0,0.0,76.52
Plot  Area,22-Jan,Banaswadi,4 BHK,,2561,5.0,2.0,167.64
Plot  Area,Ready To Move,Cunningham Road,3 BHK,,1316,2.0,2.0,290.35
Super built-up  Area,22-Jan,Chamrajpet,3 BHK,,1648 - 1748,3.0,0.0,60.91
Built-up  Area,Ready To Move,Vijayanagar,3 BHK,,1503,3.0,1.0,108.16
Super built-up  Area,Ready To Move,Marathahalli,4 BHK,,2315,4.0,1.0,210.33
Carpet  Area,Ready To Move,Girinagar,3 BHK,,1560 - 1660,3.0,1.0,100.39
Super built-up  Area,Ready To Move,CV Raman Nagar,3 BHK,,1725,3.0,2.0,109.33
Super built-up  Area,Ready To Move,Peenya,3 BHK,Society_139,1316 - 1416,4.0,0.0,95.3
Super built-up  Area,Ready To Move,Bagalur,4 BHK,,2206 - 2306,5.0,1.0,130.64
Plot  Area,Ready To Move,Adugodi,2 BHK,Society_98,1240,2.0,0.0,90.74
Super built-up  Area,22-Jan,Vasanth Nagar,4 BHK,Society_60,2460,4.0,2.0,344.28
Super built-up  Area,19-Dec,Attibele,4 BHK,Society_88,2366,4.0,0.0,113.88
Built-up  Area,Ready To Move,Lavelle Road,3 BHK,,1518,3.0,3.0,353.1
Super built-up  Area,22-Jan,Kadugodi,3 BHK,,1463,3.0,3.0,91.41
Super built-up  Area,Ready To Move,Bellandur,2 BHK,Society_15,1177 - 1277,1.0,2.0,104.64
Built-up  Area,Ready To Move,Nayandahalli,2 BHK,,843,3.0,2.0,41.64
Super built-up  Area,Ready To Move,Uttarahalli,2 BHK,,983 - 1083,3.0,2.0,58.82
Plot  Area,Ready To Move,Mahadevapura,2 BHK,,979,3.0,0.0,63.3
Carpet  Area,Ready To Move,Anekal,2 BHK,Society_110,970,3.0,2.0,34.06
Super built-up  Area,Ready To Move,Vidyaranyapura,4 BHK,,2182,3.0,2.0,142.01
Built-up  Area,Ready To Move,Devanahalli,3 BHK,,1314,3.0,0.0,48.83
Built-up  Area,Ready To Move,Jalahalli,3 BHK,Society_98,1550,3.0,2.0,92.56
Super built-up  Area,22-Jan,Thanisandra,3 BHK,,1297,3.0,1.0,74.04
Super built-up  Area,22-Jan,Haralur Road,3 BHK,,1569 - 1669,2.0,1.0,104.1
Built-up  Area,Ready To Move,Indira Nagar,2 BHK,,976,2.0,2.0,126.26
Super built-up  Area,Ready To Move,KR Puram,4 BHK,,2175,4.0,1.0,151.72
Built-up  Area,Ready To Move,RT Nagar,3 BHK,,1626,2.0,2.0,97.21
Super built-up  Area,Ready To Move,Bellandur,4 BHK,Society_28,2190,3.0,1.0,201.44
Carpet  Area,22-Jan,BTM Layout,3 BHK,Society_24,1637,2.0,1.0,72.68
Super built-up  Area,22-Jan,Sarjapur Road,4 BHK,Society_52,2510,4.0,0.0,148.76
Super built-up  Area,Ready To Move,Hormavu,3 BHK,Society_121,1782,3.0,0.0,119.46
Super built-up  Area,19-Dec,HRBR Layout,4 BHK,,2195,3.0,0.0,141.75
Super built-up  Area,Ready To Move,Laggere,2 BHK,,903,1.0,2.0,62.06
Plot  Area,Ready To Move,Kengeri,4 BHK,Society_73,2577,3.0,3.0,175.38
Built-up  Area,Ready To Move,Domlur,3 BHK,Society_195,1558,4.0,2.0,145.52
Plot  Area,22-Jan,Electronic City,2 BHK,,1072,3.0,2.0,56.31
Super built-up  Area,Ready To Move,Basaveshwara Nagar,4 BHK,Society_145,2548,4.0,2.0,180.87
Super built-up  Area,Ready To Move,Arekere,4 BHK,,2258,4.0,3.0,125.98
Super built-up  Area,Ready To Move,Vidyaranyapura,2 BHK,,804 - 904,3.0,0.0,45.28
Built-up  Area,Ready To Move,Hulimavu,3 BHK,Society_26,1731 - 1831,4.0,1.0,112.52
Carpet  Area,Ready To Move,Kengeri,4 BHK,,2125,4.0,2.0,101.93
Super built-up  Area,19-Dec,Kasturi Nagar,4 BHK,,2388,5.0,1.0,159.88
Built-up  Area,19-Dec,Ejipura,2 BHK,,1110,2.0,1.0,96.6
Super built-up  Area,Ready To Move,Thanisandra Main Road,4 BHK,,2376,4.0,2.0,127.52
Built-up  Area,22-Jan,Attibele,3 BHK,Society_94,1495,2.0,3.0,100.21
Super built-up  Area,19-Dec,Bommasandra,3 BHK,,1391,3.0,3.0,78.3
Super built-up  Area,22-Jan,Kammanahalli,2 BHK,,1038,3.0,0.0,72.07
Plot  Area,19-Dec,Akshaya Nagar,1 BHK,,467,1.0,1.0,28.15
Super built-up  Area,Ready To Move,Brigade Road,3 BHK,,1588,4.0,0.0,254.42
Built-up  Area,Ready To Move,Bommanahalli,2 BHK,,910,2.0,2.0,61.09
Carpet  Area,Ready To Move,Begur Road,2 BHK,,989,1.0,2.0,56.55
Carpet  Area,Ready To Move,Devanahalli,4 BHK,Society_102,2278,4.0,0.0,79.73
Built-up  Area,22-Jan,Chikkaballapur Road,4 BHK,Society_62,2531,5.0,3.0,162.14
Super built-up  Area,19-Dec,Anekal,3 BHK,,1463,3.0,0.0,51.03
Built-up  Area,22-Jan,Domlur,3 BHK,,1734 - 1834,3.0,0.0,225.11
Built-up  Area,22-Jan,Horamavu Agara,2 BHK,Society_99,1038,2.0,2.0,63.76
Plot  Area,Ready To Move,Bagalur,3 BHK,,1351,3.0,0.0,91.79
Super built-up  Area,Ready To Move,BTM Layout,1 BHK,,435 - 535,1.0,1.0,50.81
Super built-up  Area,Ready To Move,Bommanahalli,2 BHK,Society_2,1063,2.0,2.0,59.96
Super built-up  Area,Ready To Move,Whitefield,2 BHK,,996,1.0,2.0,54.98
Super built-up  Area,Ready To Move,Cunningham Road,3 BHK,,1743,3.0,3.0,292.65
Super built-up  Area,Ready To Move,Chandapura,4 BHK,,2175,5.0,3.0,85.98
Built-up  Area,Ready To Move,Kanakapura Road,3 BHK,Society_45,1596,4.0,2.0,80.99
Super built-up  Area,Ready To Move,Kanakapura Road,4 BHK,Society_162,2523,4.0,2.0,190.7
Built-up  Area,Ready To Move,Old Madras Road,2 BHK,,1084,3.0,2.0,48.57
Super built-up  Area,19-Dec,Kogilu,3 BHK,Society_35,1607,3.0,2.0,78.91
Plot  Area,22-Jan,Ramamurthy Nagar,2 BHK,Society_111,935,2.0,1.0,58.33
Super built-up  Area,19-Dec,JP Nagar,4 BHK,Society_146,2531,3.0,2.0,181.12
Super built-up  Area,19-Dec,Chandapura,3 BHK,,1419,3.0,2.0,59.8
Built-up  Area,Ready To Move,BTM Layout,3 BHK,,1302,2.0,3.0,97.87
Carpet  Area,19-Dec,CV Raman Nagar,4 BHK,Society_63,2330,4.0,0.0,77.02
Built-up  Area,19-Dec,Cox Town,2 BHK,,1103,1.0,2.0,61.01
Built-up  Area,22-Jan,Bommasandra,3 BHK,,1374,3.0,0.0,72.62
Built-up  Area,22-Jan,Bellandur,4 BHK,,2207,3.0,2.0,164.32
Super built-up  Area,Ready To Move,Devanahalli,5 BHK,,3494 - 3594,5.0,0.0,153.39
Super built-up  Area,22-Jan,Kanakapura Road,3 BHK,,1280,4.0,1.0,72.12
Carpet  Area,Ready To Move,Hormavu,3 BHK,Society_77,1302,4.0,1.0,67.02
Super built-up  Area,19-Dec,HSR Layout,1 BHK,,778,1.0,1.0,72.4
Plot  Area,Ready To Move,Laggere,2 BHK,Society_26,980,2.0,1.0,72.18
Super built-up  Area,Ready To Move,Vijayanagar,3 BHK,,1643,3.0,2.0,100.8
Built-up  Area,Ready To Move,Dasarahalli,3 BHK,Society_183,1347,3.0,3.0,77.56
Super built-up  Area,Ready To Move,Bommanahalli,4 BHK,,2526,4.0,1.0,189.55
Built-up  Area,19-Dec,Devanahalli,2 BHK,Society_180,1076,3.0,0.0,50.25
Super built-up  Area,22-Jan,Yeshwanthpur,2 BHK,,1274,2.0,2.0,94.14
Built-up  Area,Ready To Move,Cox Town,4 BHK,,2435,3.0,0.0,120.12
Built-up  Area,19-Dec,CV Raman Nagar,1 BHK,Society_18,683 - 783,1.0,0.0,36.55
Carpet  Area,Ready To Move,Kengeri,3 BHK,Society_6,1747,3.0,0.0,127.8
Super built-up  Area,19-Dec,Marathahalli,1 BHK,,872,1.0,1.0,59.54
Built-up  Area,Ready To Move,Vijayanagar,3 BHK,,1291,3.0,1.0,76.8
Carpet  Area,19-Dec,Kasturi Nagar,3 BHK,,1575,3.0,2.0,71.32
Super built-up  Area,Ready To Move,Whitefield,4 BHK,,2514,4.0,3.0,140.89
Plot  Area,19-Dec,Horamavu Agara,4 BHK,Society_161,2166,4.0,0.0,167.39
Built-up  Area,22-Jan,Bommasandra,3 BHK,Society_184,1628,3.0,1.0,105.51
Super built-up  Area,Ready To Move,Hulimavu,4 BHK,Society_183,2224,5.0,2.0,160.16
Super built-up  Area,Ready To Move,Sarjapur Road,4 BHK,,2379,5.0,0.0,132.62
Super built-up  Area,Ready To Move,Hebbal,3 BHK,,1270,3.0,1.0,106.91
Super built-up  Area,19-Dec,Richmond Town,3 BHK,Society_48,1475,3.0,2.0,129.27
Super built-up  Area,19-Dec,Domlur,5 BHK,Society_127,3682,5.0,2.0,445.23
Super built-up  Area,Ready To Move,Fraser Town,2 BHK,,1129,3.0,1.0,55.26
Carpet  Area,19-Dec,Chamrajpet,2 BHK,,1256,2.0,1.0,86.71
Super built-up  Area,Ready To Move,HSR Layout,5 BHK,,3542,5.0,2.0,374.76
Super built-up  Area,19-Dec,Bagalur,3 BHK,Society_57,1475,3.0,2.0,109.44
Super built-up  Area,Ready To Move,Ulsoor,2 BHK,,905,2.0,2.0,84.17
Super built-up  Area,Ready To Move,Girinagar,3 BHK,,1318 - 1418,2.0,2.0,82.72
Plot  Area,Ready To Move,Kumaraswamy Layout,3 BHK,,1272,3.0,0.0,89.44
Super built-up  Area,Ready To Move,Banashankari,3 BHK,Society_67,1415,4.0,1.0,114.21
Carpet  Area,19-Dec,Adugodi,4 BHK,Society_20,2461,4.0,1.0,130.76
Built-up  Area,Ready To Move,Sarjapur Road,2 BHK,,1138 - 1238,2.0,2.0,68.19
Super built-up  Area,Ready To Move,Bellandur,2 BHK,,1249,2.0,2.0,129.35
Carpet  Area,Ready To Move,HRBR Layout,4 BHK,Society_174,2016 - 2116,5.0,2.0,125.07
Built-up  Area,22-Jan,Kengeri,2 BHK,,994,2.0,1.0,67.66
Super built-up  Area,Ready To Move,Magadi Road,3 BHK,,1513,3.0,0.0,67.96
Built-up  Area,19-Dec,Mysore Road,4 BHK,,2469,4.0,2.0,148.07
Super built-up  Area,Ready To Move,Sarjapur Road,3 BHK,,1744,2.0,0.0,93.64
Super built-up  Area,Ready To Move,Padmanabhanagar,4 BHK,,2324,4.0,2.0,131.18
Built-up  Area,22-Jan,Girinagar,3 BHK,Society_49,1672,4.0,2.0,113.0
Super built-up  Area,19-Dec,Rajarajeshwari Nagara,3 BHK,Society_165,1451,3.0,0.0,111.65
Plot  Area,22-Jan,Jayanagar,3 BHK,,1597,2.0,2.0,219.26
Plot  Area,Ready To Move,Ejipura,3 BHK,,1250,4.0,2.0,103.69
Super built-up  Area,Ready To Move,Gottigere,3 BHK,,1410 - 1510,2.0,2.0,82.03
Built-up  Area,Ready To Move,Kumaraswamy Layout,3 BHK,,1372 - 1472,3.0,1.0,91.4
Carpet  Area,Ready To Move,Uttarahalli,3 BHK,,1458,3.0,1.0,67.98
Super built-up  Area,Ready To Move,Gottigere,2 BHK,,952,2.0,1.0,42.95
Super built-up  Area,Ready To Move,Jalahalli,4 BHK,Society_34,2225,3.0,1.0,149.91
Built-up  Area,Ready To Move,Jalahalli,2 BHK,,1082,2.0,1.0,50.26
Super built-up  Area,19-Dec,Chamrajpet,4 BHK,Society_85,2225,4.0,1.0,147.8
Built-up  Area,19-Dec,Bannerghatta Road,1 BHK,,535,2.0,1.0,34.45
Built-up  Area,19-Dec,Raja Rajeshwari Nagar,3 BHK,Society_46,1620,3.0,0.0,90.82
Built-up  Area,22-Jan,Kanakapura Road,2 BHK,,1005,2.0,1.0,66.47
Carpet  Area,22-Jan,Girinagar,4 BHK,,2400,4.0,3.0,136.44
Super built-up  Area,Ready To Move,Adugodi,2 BHK,,1015,2.0,0.0,79.65
Plot  Area,Ready To Move,Banaswadi,5 BHK,,3513,5.0,1.0,204.84
Built-up  Area,19-Dec,Dasarahalli,4 BHK,,2060,5.0,3.0,148.22
Carpet  Area,22-Jan,Nayandahalli,2 BHK,,1341,2.0,1.0,76.88
Super built-up  Area,Ready To Move,Raja Rajeshwari Nagar,3 BHK,,1482 - 1582,4.0,0.0,93.17
Super built-up  Area,Ready To Move,Sarjapur Road,3 BHK,,1372,3.0,2.0,93.12
Super built-up  Area,19-Dec,BTM Layout,2 BHK,Society_144,1011 - 1111,2.0,1.0,80.96
Built-up  Area,Ready To Move,Rajarajeshwari Nagara,3 BHK,,1700 - 1800,3.0,2.0,91.67
Super built-up  Area,19-Dec,Rachenahalli,2 BHK,,1217,3.0,2.0,88.72
Super built-up  Area,22-Jan,Akshaya Nagar,4 BHK,Society_159,2227 - 2327,3.0,2.0,114.85
Super built-up  Area,22-Jan,Laggere,4 BHK,,2460,4.0,2.0,144.59
Built-up  Area,Ready To Move,Electronic City,3 BHK,Society_68,1298,4.0,1.0,39.49
Built-up  Area,Ready To Move,Chandapura,2 BHK,,1260,3.0,2.0,46.64
Carpet  Area,Ready To Move,Hulimavu,2 BHK,,1139,3.0,2.0,62.1
Carpet  Area,19-Dec,Banashankari,2 BHK,,853,2.0,2.0,51.24
Super built-up  Area,22-Jan,Kumaraswamy Layout,4 BHK,,2450,5.0,0.0,129.97
Built-up  Area,22-Jan,Ramamurthy Nagar,4 BHK,Society_53,2152,4.0,3.0,141.77
Super built-up  Area,Ready To Move,Girinagar,4 BHK,,2305,4.0,1.0,122.32
Super built-up  Area,19-Dec,Kumaraswamy Layout,4 BHK,,2515,4.0,2.0,131.08
Built-up  Area,Ready To Move,Akshaya Nagar,2 BHK,,1061,1.0,2.0,59.69
Super built-up  Area,Ready To Move,Kalyan Nagar,2 BHK,,1164,2.0,1.0,70.97
Super built-up  Area,Ready To Move,Banashankari,3 BHK,Society_16,1726,3.0,1.0,95.24
Super built-up  Area,19-Dec,Adugodi,2 BHK,Society_103,1087,2.0,2.0,58.29
Super built-up  Area,Ready To Move,Banashankari,2 BHK,,920,2.0,1.0,50.47
Built-up  Area,Ready To Move,Kasturi Nagar,3 BHK,,1629,3.0,1.0,122.26
Super built-up  Area,Ready To Move,Jalahalli,3 BHK,Society_37,1784,3.0,2.0,99.5
Built-up  Area,Ready To Move,RT Nagar,3 BHK,,1665,2.0,3.0,97.03
Built-up  Area,19-Dec,Padmanabhanagar,3 BHK,,1675,3.0,1.0,104.95
Super built-up  Area,Ready To Move,Uttarahalli,3 BHK,,1350,2.0,1.0,86.57
Built-up  Area,Ready To Move,Chamrajpet,3 BHK,Society_45,1338,3.0,2.0,62.79
Built-up  Area,Ready To Move,Gottigere,2 BHK,,807 - 907,2.0,1.0,47.7
Plot  Area,Ready To Move,Lavelle Road,5 BHK,,3644,6.0,2.0,642.77
Super built-up  Area,19-Dec,CV Raman Nagar,4 BHK,Society_82,2138,4.0,1.0,110.57
Built-up  Area,Ready To Move,Begur Road,2 BHK,Society_178,1009,2.0,0.0,56.53
Super built-up  Area,Ready To Move,Ulsoor,3 BHK,,1603,4.0,3.0,206.55
Carpet  Area,Ready To Move,Peenya,4 BHK,,2314 - 2414,4.0,1.0,122.89
Plot  Area,22-Jan,Bommasandra,2 BHK,Society_124,1284,1.0,1.0,84.26
Built-up  Area,19-Dec,Uttarahalli,4 BHK,,2572,4.0,2.0,114.09
Plot  Area,Ready To Move,Kumaraswamy Layout,1 BHK,,823,1.0,0.0,52.54
Built-up  Area,Ready To Move,Akshaya Nagar,3 BHK,,1541,4.0,0.0,101.5
Built-up  Area,19-Dec,Benson Town,4 BHK,,2119,4.0,2.0,123.63
Super built-up  Area,Ready To Move,Whitefield,4 BHK,,2484,4.0,2.0,158.71
Carpet  Area,Ready To Move,Chamrajpet,2 BHK,Society_9,1200,1.0,1.0,56.37
Super built-up  Area,Ready To Move,Peenya,4 BHK,,2231,4.0,2.0,104.6
Super built-up  Area,Ready To Move,Brigade Road,3 BHK,Society_11,1317,4.0,2.0,292.41
Built-up  Area,Ready To Move,Hennur Road,3 BHK,,1633,2.0,2.0,76.92
Built-up  Area,22-Jan,Vasanth Nagar,1 BHK,,851 - 951,2.0,0.0,155.64
Carpet  Area,19-Dec,Vijayanagar,4 BHK,,2174,4.0,3.0,165.99
Built-up  Area,Ready To Move,Budigere Cross,4 BHK,Society_42,2440,4.0,3.0,153.49
Super built-up  Area,Ready To Move,Arekere,5 BHK,Society_120,3406,5.0,2.0,174.93
Carpet  Area,Ready To Move,Narayanapura,2 BHK,Society_3,1335,1.0,0.0,83.25
Super built-up  Area,Ready To Move,Sarjapur Road,5 BHK,Society_156,3353,5.0,3.0,214.73
Plot  Area,19-Dec,Bagalur,4 BHK,,2508 - 2608,4.0,2.0,222.78
Super built-up  Area,19-Dec,Mahadevapura,1 BHK,Society_89,811,1.0,1.0,42.8
Built-up  Area,Ready To Move,Hulimavu,1 BHK,Society_30,578,1.0,1.0,41.68
Super built-up  Area,Ready To Move,Sadashiva Nagar,3 BHK,,1723,3.0,3.0,305.58
Plot  Area,22-Jan,Peenya,2 BHK,,1164,3.0,1.0,81.66
Super built-up  Area,22-Jan,Domlur,5 BHK,Society_140,3680,6.0,1.0,374.37
Built-up  Area,Ready To Move,Narayanapura,2 BHK,Society_125,832,2.0,1.0,45.43
Super built-up  Area,Ready To Move,Varthur,2 BHK,Society_156,1180,2.0,2.0,64.36
Super built-up  Area,Ready To Move,Rachenahalli,2 BHK,,893,1.0,2.0,68.55
Plot  Area,Ready To Move,Akshaya Nagar,4 BHK,,2428,5.0,2.0,162.74
Carpet  Area,Ready To Move,Bellandur,1 BHK,Society_68,809,1.0,1.0,63.33
Built-up  Area,Ready To Move,HSR Layout,4 BHK,,2553,4.0,0.0,181.7
Built-up  Area,22-Jan,Vasanth Nagar,2 BHK,Society_76,1257,2.0,1.0,142.64
Super built-up  Area,19-Dec,Nagarbhavi,2 BHK,,1126,2.0,1.0,73.04
Super built-up  Area,Ready To Move,Hormavu,3 BHK,,1602,3.0,1.0,103.16
Super built-up  Area,Ready To Move,Jakkur,3 BHK,,1474,2.0,1.0,86.53
Built-up  Area,Ready To Move,New BEL Road,3 BHK,Society_73,1739,4.0,1.0,107.91
Super built-up  Area,19-Dec,Yelahanka,2 BHK,,1292 - 1392,1.0,2.0,74.24
Super built-up  Area,19-Dec,MG Road,5 BHK,,3473 - 3573,6.0,3.0,388.89
Super built-up  Area,Ready To Move,Attibele,2 BHK,Society_97,983,2.0,2.0,51.71
Built-up  Area,Ready To Move,Begur Road,5 BHK,,3376,6.0,0.0,171.85
Built-up  Area,Ready To Move,Uttarahalli,4 BHK,Society_114,2351,4.0,0.0,185.87
Built-up  Area,19-Dec,Kengeri,3 BHK,Society_165,1742,3.0,1.0,85.32
Carpet  Area,19-Dec,Thanisandra Main Road,3 BHK,,1338,2.0,2.0,83.46
Super built-up  Area,Ready To Move,Chamrajpet,2 BHK,Society_116,1070,3.0,2.0,66.52
Super built-up  Area,22-Jan,Nagarbhavi,3 BHK,,1478,3.0,2.0,100.49
Plot  Area,19-Dec,Basaveshwara Nagar,2 BHK,Society_177,827,2.0,2.0,53.49
Plot  Area,Ready To Move,Fraser Town,3 BHK,,1639,3.0,2.0,111.77
Super built-up  Area,Ready To Move,JP Nagar,3 BHK,,1773,4.0,1.0,138.78
Super built-up  Area,Ready To Move,BTM Layout,5 BHK,Society_117,3672,4.0,0.0,192.54
Super built-up  Area,19-Dec,Mahadevapura,4 BHK,,2528,5.0,1.0,148.77
Super built-up  Area,Ready To Move,Ejipura,3 BHK,,1408,3.0,3.0,92.94
Carpet  Area,19-Dec,Kogilu,2 BHK,,1137 - 1237,3.0,2.0,76.24
Super built-up  Area,19-Dec,Cox Town,4 BHK,Society_18,2534,4.0,1.0,191.67
Super built-up  Area,22-Jan,Dasarahalli,3 BHK,Society_87,1498,4.0,3.0,76.73
Built-up  Area,Ready To Move,Arekere,3 BHK,Society_11,1562,3.0,0.0,96.78
Built-up  Area,Ready To Move,Bellandur,2 BHK,Society_88,1144 - 1244,3.0,1.0,94.95
Super built-up  Area,Ready To Move,Bellandur,5 BHK,Society_41,3410,5.0,3.0,235.1
Plot  Area,Ready To Move,Old Madras Road,3 BHK,,1425,3.0,2.0,91.92
Carpet  Area,Ready To Move,Hennur Road,2 BHK,,906,3.0,2.0,56.87
Built-up  Area,Ready To Move,Malleshwaram,3 BHK,,1371,3.0,3.0,235.51
Built-up  Area,Ready To Move,Haralur Road,3 BHK,,1597,3.0,1.0,100.97
Carpet  Area,22-Jan,Bommasandra,2 BHK,Society_115,1032,2.0,1.0,42.15
Built-up  Area,Ready To Move,Hulimavu,3 BHK,,1722,3.0,3.0,92.57
Super built-up  Area,Ready To Move,RT Nagar,3 BHK,Society_119,1303,3.0,0.0,72.94
Plot  Area,22-Jan,Bellandur,3 BHK,,1586,3.0,0.0,124.93
Plot  Area,Ready To Move,Girinagar,3 BHK,,1545,3.0,2.0,98.5
Super built-up  Area,Ready To Move,Hormavu,2 BHK,,1026,2.0,1.0,64.79
Super built-up  Area,Ready To Move,Sarjapur Road,4 BHK,Society_123,2200,5.0,1.0,149.84
Plot  Area,Ready To Move,Varthur,3 BHK,,1393,3.0,3.0,100.73
Built-up  Area,19-Dec,RT Nagar,2 BHK,Society_176,1262,2.0,1.0,76.11
Super built-up  Area,19-Dec,Rajarajeshwari Nagara,3 BHK,,1626,3.0,3.0,83.96
Built-up  Area,22-Jan,Lavelle Road,3 BHK,Society_139,1709,3.0,1.0,307.79
Super built-up  Area,Ready To Move,Akshaya Nagar,2 BHK,,1256,2.0,1.0,66.74
Plot  Area,Ready To Move,Kalyan Nagar,3 BHK,Society_12,1437,2.0,2.0,84.16
Plot  Area,22-Jan,Thanisandra Main Road,2 BHK,,908,2.0,2.0,62.66
Super built-up  Area,Ready To Move,Richmond Town,3 BHK,,1495,3.0,1.0,236.05
Built-up  Area,22-Jan,Mahadevapura,4 BHK,Society_191,2292,4.0,1.0,159.32
Built-up  Area,Ready To Move,Sahakara Nagar,3 BHK,Society_117,1522,3.0,1.0,110.99
Carpet  Area,19-Dec,Wilson Garden,2 BHK,,1250,2.0,1.0,115.24
Built-up  Area,22-Jan,BTM Layout,2 BHK,Society_163,895 - 995,3.0,2.0,65.47
Super built-up  Area,19-Dec,Chikkaballapur Road,3 BHK,,1685,2.0,1.0,77.47
Plot  Area,Ready To Move,Narayanapura,3 BHK,,1565,3.0,2.0,119.45
Plot  Area,Ready To Move,Jalahalli,3 BHK,,1694,3.0,3.0,155.21
Super built-up  Area,Ready To Move,Sahakara Nagar,3 BHK,,1554,2.0,2.0,97.04
Carpet  Area,Ready To Move,KR Puram,2 BHK,Society_132,1065,3.0,2.0,69.08
Plot  Area,Ready To Move,Adugodi,3 BHK,,1556 - 1656,4.0,0.0,105.9
Built-up  Area,Ready To Move,Bagalur,3 BHK,,1775,2.0,3.0,89.22
Super built-up  Area,Ready To Move,Basaveshwara Nagar,5 BHK,,3363,5.0,1.0,156.31
Super built-up  Area,Ready To Move,Mysore Road,2 BHK,,957,2.0,1.0,67.25
Built-up  Area,19-Dec,Varthur,2 BHK,Society_185,846,2.0,1.0,54.46
Built-up  Area,22-Jan,HSR Layout,3 BHK,,1440,4.0,1.0,157.55
Plot  Area,Ready To Move,Nayandahalli,2 BHK,Society_136,873,1.0,2.0,81.33
Super built-up  Area,Ready To Move,Domlur,3 BHK,Society_150,1789,2.0,2.0,162.39
Super built-up  Area,Ready To Move,Adugodi,2 BHK,,820,1.0,2.0,53.96
Plot  Area,Ready To Move,Nayandahalli,3 BHK,Society_138,1608,2.0,1.0,94.77
Super built-up  Area,Ready To Move,KR Puram,2 BHK,,802,2.0,2.0,51.48
Super built-up  Area,Ready To Move,Dasarahalli,1 BHK,,565 - 665,2.0,0.0,40.04
Super built-up  Area,Ready To Move,JP Nagar,3 BHK,Society_183,1689 - 1789,3.0,0.0,139.74
Plot  Area,Ready To Move,Vidyaranyapura,4 BHK,,2355,5.0,0.0,219.61
Built-up  Area,19-Dec,Koramangala,3 BHK,,1323,3.0,2.0,174.74
Super built-up  Area,Ready To Move,Rachenahalli,5 BHK,,3814 - 3914,5.0,2.0,188.35
Built-up  Area,22-Jan,Thanisandra Main Road,3 BHK,,1435,3.0,0.0,95.52
Built-up  Area,19-Dec,Hebbal,2 BHK,Society_80,1040,1.0,0.0,81.17
Built-up  Area,Ready To Move,Varthur,2 BHK,,892 - 992,2.0,1.0,57.41
Plot  Area,19-Dec,Ejipura,3 BHK,,1418,3.0,2.0,120.41
Super built-up  Area,Ready To Move,Jigani,2 BHK,Society_96,1059,3.0,2.0,62.0
Plot  Area,Ready To Move,Lavelle Road,2 BHK,Society_94,1169,1.0,2.0,217.79
Super built-up  Area,Ready To Move,Hormavu,4 BHK,Society_105,2359,4.0,1.0,166.32
Super built-up  Area,Ready To Move,Vidyaranyapura,2 BHK,,1230,1.0,2.0,93.19
Built-up  Area,Ready To Move,KR Puram,2 BHK,,1101,3.0,0.0,84.04
Built-up  Area,Ready To Move,Mysore Road,5 BHK,Society_46,3475,4.0,2.0,216.65
Built-up  Area,19-Dec,Kadugodi,2 BHK,,1280,2.0,1.0,91.98
Built-up  Area,Ready To Move,Hoodi,3 BHK,,1693,3.0,3.0,123.52
Super built-up  Area,Ready To Move,Attibele,1 BHK,Society_87,948,1.0,1.0,59.89
Super built-up  Area,19-Dec,Devanahalli,2 BHK,Society_94,865,3.0,0.0,36.47
Super built-up  Area,Ready To Move,Sadashiva Nagar,1 BHK,,925,1.0,1.0,132.2
Super built-up  Area,Ready To Move,Malleshwaram,3 BHK,,1403,3.0,1.0,147.41
Built-up  Area,Ready To Move,Hebbal,2 BHK,,1068 - 1168,1.0,2.0,102.22
Built-up  Area,19-Dec,Thanisandra Main Road,3 BHK,Society_131,1270,2.0,3.0,77.4
Built-up  Area,Ready To Move,Nagarbhavi,3 BHK,,1536,4.0,1.0,99.05
Super built-up  Area,Ready To Move,Jigani,3 BHK,,1448,3.0,1.0,73.45
Super built-up  Area,22-Jan,Vidyaranyapura,3 BHK,Society_2,1259,3.0,1.0,79.82
Built-up  Area,19-Dec,RT Nagar,3 BHK,,1626,3.0,1.0,69.96
Super built-up  Area,22-Jan,Richmond Town,1 BHK,,898,1.0,0.0,118.69
Built-up  Area,19-Dec,Yelahanka,2 BHK,Society_86,1057,2.0,1.0,57.82
Plot  Area,Ready To Move,Chandapura,3 BHK,Society_7,1381,3.0,0.0,75.0
Built-up  Area,Ready To Move,Electronic City,1 BHK,,942,2.0,1.0,45.31
Plot  Area,Ready To Move,KR Puram,5 BHK,,3832,5.0,3.0,261.29
Super built-up  Area,Ready To Move,Jayanagar,3 BHK,,1776,3.0,1.0,226.86
Built-up  Area,Ready To Move,Ulsoor,2 BHK,Society_131,1204 - 1304,2.0,1.0,173.07
Super built-up  Area,Ready To Move,Dasarahalli,2 BHK,Society_65,991,2.0,1.0,64.66
Super built-up  Area,Ready To Move,CV Raman Nagar,4 BHK,,2177 - 2277,3.0,1.0,108.6
Super built-up  Area,Ready To Move,HSR Layout,3 BHK,,1458 - 1558,4.0,0.0,131.72
Super built-up  Area,19-Dec,Ulsoor,2 BHK,,1160,2.0,2.0,99.2
Plot  Area,22-Jan,Hennur Road,3 BHK,,1512,3.0,3.0,111.73
Super built-up  Area,Ready To Move,Varthur,4 BHK,,2258,3.0,0.0,129.05
Plot  Area,22-Jan,Kengeri,4 BHK,,2143,4.0,1.0,165.58
Built-up  Area,Ready To Move,Hebbal,3 BHK,Society_93,1250,3.0,1.0,107.4
Plot  Area,Ready To Move,Fraser Town,3 BHK,,1318,3.0,3.0,67.82
Built-up  Area,22-Jan,Varthur,2 BHK,,855,3.0,2.0,54.13
Super built-up  Area,Ready To Move,Old Madras Road,3 BHK,Society_186,1759,3.0,2.0,101.15
Super built-up  Area,Ready To Move,Adugodi,2 BHK,Society_6,1189,2.0,2.0,101.4
Carpet  Area,19-Dec,Chamrajpet,4 BHK,,2130,4.0,1.0,105.24
Super built-up  Area,22-Jan,Bannerghatta Road,3 BHK,Society_16,1615,3.0,1.0,114.88
Super built-up  Area,Ready To Move,Dasarahalli,2 BHK,,1016,2.0,1.0,66.36
Plot  Area,22-Jan,Chikkaballapur Road,4 BHK,,2435,3.0,2.0,201.05
Built-up  Area,Ready To Move,BTM Layout,3 BHK,Society_88,1337,4.0,3.0,106.26
Built-up  Area,22-Jan,Mysore Road,2 BHK,,1147,3.0,1.0,73.03
Super built-up  Area,Ready To Move,Arekere,2 BHK,Society_72,946,1.0,2.0,48.89
Carpet  Area,Ready To Move,MG Road,3 BHK,Society_39,1585 - 1685,3.0,2.0,310.57
Built-up  Area,Ready To Move,Kalyan Nagar,4 BHK,Society_184,2268,4.0,2.0,170.43
Super built-up  Area,22-Jan,Indira Nagar,3 BHK,,1331,4.0,3.0,155.11
Carpet  Area,Ready To Move,Girinagar,2 BHK,,1174,2.0,0.0,63.68
Super built-up  Area,Ready To Move,Devanahalli,2 BHK,Society_70,967,2.0,2.0,42.47
Super built-up  Area,Ready To Move,Raja Rajeshwari Nagar,2 BHK,Society_84,1127,3.0,1.0,50.06
Super built-up  Area,Ready To Move,Richmond Town,4 BHK,Society_40,2308,4.0,2.0,368.25
Super built-up  Area,Ready To Move,Horamavu Agara,1 BHK,,459,2.0,1.0,29.03
Built-up  Area,Ready To Move,BTM Layout,2 BHK,,934 - 1034,2.0,2.0,93.84
Built-up  Area,Ready To Move,Yeshwanthpur,2 BHK,Society_50,804,3.0,2.0,38.74
Built-up  Area,Ready To Move,Old Madras Road,3 BHK,Society_91,1283 - 1383,3.0,2.0,55.01
Built-up  Area,Ready To Move,Richmond Town,4 BHK,,2290,5.0,0.0,331.84
Built-up  Area,Ready To Move,Basavanagudi,3 BHK,,1409,2.0,3.0,157.32
Super built-up  Area,Ready To Move,Rajarajeshwari Nagara,3 BHK,,1681,3.0,3.0,96.48
Plot  Area,Ready To Move,Brigade Road,3 BHK,Society_48,1347 - 1447,3.0,0.0,271.91
Carpet  Area,19-Dec,Benson Town,4 BHK,,2186,4.0,2.0,131.69
Built-up  Area,Ready To Move,Indira Nagar,1 BHK,,601,1.0,0.0,92.34
Built-up  Area,22-Jan,Kogilu,3 BHK,,1588 - 1688,2.0,3.0,68.52
Super built-up  Area,22-Jan,Nayandahalli,2 BHK,Society_102,1344,3.0,2.0,91.11
Super built-up  Area,19-Dec,Hoodi,3 BHK,,1267,3.0,1.0,72.41
Super built-up  Area,Ready To Move,Mysore Road,3 BHK,Society_102,1490,3.0,2.0,111.85
Carpet  Area,19-Dec,Kudlu Gate,3 BHK,,1633,2.0,1.0,111.14
Built-up  Area,Ready To Move,Chandapura,2 BHK,,1276,1.0,0.0,40.82
Super built-up  Area,Ready To Move,Raja Rajeshwari Nagar,3 BHK,Society_83,1730 - 1830,2.0,1.0,94.31
Super built-up  Area,Ready To Move,Hennur Road,2 BHK,,1318,2.0,2.0,63.24
Super built-up  Area,22-Jan,Ramamurthy Nagar,3 BHK,,1530,4.0,2.0,95.45
Plot  Area,22-Jan,Attibele,4 BHK,,2202,4.0,2.0,146.55
Carpet  Area,Ready To Move,Kengeri,3 BHK,,1731,3.0,2.0,77.96
Super built-up  Area,Ready To Move,Thanisandra Main Road,5 BHK,,3540 - 3640,4.0,2.0,209.66
Built-up  Area,Ready To Move,Thanisandra Main Road,3 BHK,,1480,3.0,0.0,92.76
Super built-up  Area,Ready To Move,Uttarahalli,2 BHK,,1058,1.0,0.0,67.21
Super built-up  Area,Ready To Move,Mysore Road,4 BHK,,2171,5.0,2.0,138.3
Super built-up  Area,Ready To Move,Benson Town,2 BHK,,964,1.0,2.0,60.41
Super built-up  Area,19-Dec,Whitefield,3 BHK,Society_180,1723,3.0,3.0,143.33
Super built-up  Area,19-Dec,Old Airport Road,3 BHK,Society_176,1740,3.0,0.0,176.12
Super built-up  Area,Ready To Move,Benson Town,2 BHK,,1261,1.0,0.0,91.72
Built-up  Area,19-Dec,Jayanagar,4 BHK,Society_95,2265 - 2365,5.0,1.0,217.95
Built-up  Area,Ready To Move,Mahadevapura,3 BHK,,1642,2.0,1.0,103.16
Carpet  Area,Ready To Move,Haralur Road,2 BHK,,928,2.0,1.0,43.02
Built-up  Area,Ready To Move,Vijayanagar,2 BHK,,1062,1.0,2.0,84.27
Super built-up  Area,Ready To Move,Rajarajeshwari Nagara,4 BHK,,2411,4.0,1.0,122.86
Built-up  Area,19-Dec,Banashankari,4 BHK,Society_169,2098,3.0,1.0,124.38
Plot  Area,Ready To Move,Jayanagar,3 BHK,,1349,3.0,1.0,156.71
Super built-up  Area,Ready To Move,Kadugodi,3 BHK,,1609,3.0,2.0,59.7
Carpet  Area,Ready To Move,Attibele,3 BHK,Society_184,1534,3.0,3.0,78.08
Super built-up  Area,22-Jan,Chikkaballapur Road,3 BHK,,1592 - 1692,3.0,0.0,118.81
Carpet  Area,Ready To Move,Anekal,3 BHK,,1487,4.0,1.0,50.95
Built-up  Area,Ready To Move,Rachenahalli,3 BHK,,1411,2.0,2.0,106.29
Super built-up  Area,22-Jan,Kasturi Nagar,3 BHK,,1412,3.0,2.0,73.28
Carpet  Area,Ready To Move,Lavelle Road,3 BHK,,1499,4.0,3.0,268.24
Super built-up  Area,Ready To Move,Magadi Road,3 BHK,,1410,3.0,3.0,98.55
Carpet  Area,22-Jan,Mahadevapura,4 BHK,,2124,4.0,2.0,102.22
Super built-up  Area,19-Dec,Dasarahalli,1 BHK,Society_178,892,2.0,1.0,38.01
Built-up  Area,Ready To Move,Basavanagudi,4 BHK,,2105,4.0,1.0,189.75
Built-up  Area,Ready To Move,Vijayanagar,3 BHK,Society_153,1611,2.0,1.0,117.6
Super built-up  Area,Ready To Move,Thanisandra Main Road,5 BHK,,3674,5.0,0.0,260.62
Plot  Area,Ready To Move,BTM Layout,5 BHK,Society_196,3606,5.0,1.0,426.35
Super built-up  Area,Ready To Move,Ulsoor,3 BHK,,1462,4.0,2.0,139.61
Super built-up  Area,Ready To Move,Varthur,4 BHK,,2141,3.0,1.0,114.71
Plot  Area,22-Jan,Adugodi,3 BHK,,1656,3.0,0.0,118.27
Super built-up  Area,Ready To Move,Haralur Road,3 BHK,,1594 - 1694,2.0,2.0,89.41
Built-up  Area,Ready To Move,Peenya,3 BHK,,1347,4.0,2.0,90.5
Super built-up  Area,Ready To Move,Yeshwanthpur,3 BHK,,1794,3.0,2.0,122.53
Built-up  Area,Ready To Move,HBR Layout,3 BHK,Society_182,1709 - 1809,3.0,2.0,111.07
Carpet  Area,Ready To Move,Haralur Road,3 BHK,Society_90,1332,3.0,2.0,76.67
Super built-up  Area,19-Dec,Peenya,3 BHK,Society_126,1515 - 1615,4.0,2.0,117.08
Super built-up  Area,Ready To Move,Brigade Road,3 BHK,,1721,3.0,1.0,220.92
Carpet  Area,19-Dec,CV Raman Nagar,2 BHK,Society_166,971,3.0,2.0,51.98
Super built-up  Area,Ready To Move,KR Puram,3 BHK,Society_40,1593 - 1693,2.0,1.0,137.88
Carpet  Area,Ready To Move,Banashankari,4 BHK,Society_19,2140,5.0,0.0,114.71
Built-up  Area,Ready To Move,Bannerghatta Road,3 BHK,,1699,3.0,2.0,138.49
Super built-up  Area,22-Jan,Yelahanka,2 BHK,Society_176,1150,2.0,1.0,63.17
Built-up  Area,Ready To Move,Jayanagar,5 BHK,,3717,5.0,2.0,537.3
Super built-up  Area,Ready To Move,Hulimavu,3 BHK,,1616,4.0,2.0,84.39
Plot  Area,Ready To Move,Yeshwanthpur,4 BHK,Society_105,2323,4.0,2.0,166.86
Carpet  Area,Ready To Move,Brigade Road,5 BHK,Society_133,3518,6.0,1.0,640.25
Super built-up  Area,Ready To Move,Ramamurthy Nagar,3 BHK,Society_108,1694 - 1794,3.0,2.0,64.87
Super built-up  Area,19-Dec,Nagarbhavi,4 BHK,Society_147,2223,5.0,2.0,130.43
Built-up  Area,Ready To Move,Magadi Road,4 BHK,Society_13,2072,3.0,0.0,114.59
Built-up  Area,19-Dec,Bellandur,4 BHK,,2223,3.0,3.0,174.67
Super built-up  Area,19-Dec,Vasanth Nagar,3 BHK,Society_73,1616,4.0,3.0,208.83
Super built-up  Area,Ready To Move,Old Madras Road,2 BHK,,1073,3.0,2.0,65.53
Super built-up  Area,Ready To Move,Banaswadi,3 BHK,,1728,4.0,1.0,103.31
Super built-up  Area,Ready To Move,Jayanagar,2 BHK,,946,2.0,2.0,148.34
Plot  Area,Ready To Move,Kumaraswamy Layout,3 BHK,,1299,4.0,1.0,82.57
Super built-up  Area,19-Dec,Jalahalli,2 BHK,Society_155,1307,1.0,2.0,56.61
Carpet  Area,19-Dec,Richmond Town,3 BHK,,1414,2.0,3.0,235.79
Super built-up  Area,22-Jan,RT Nagar,2 BHK,,1195,1.0,1.0,52.97
Super built-up  Area,Ready To Move,Hebbal,3 BHK,,1513,4.0,1.0,159.46
Super built-up  Area,22-Jan,Narayanapura,4 BHK,,2291,3.0,1.0,121.74
Carpet  Area,Ready To Move,Kumaraswamy Layout,3 BHK,Society_21,1486,3.0,2.0,103.12
Super built-up  Area,Ready To Move,Jalahalli,3 BHK,,1495,3.0,1.0,114.97
Built-up  Area,Ready To Move,Bagalur,2 BHK,,1061,1.0,2.0,67.92
Carpet  Area,22-Jan,Jigani,3 BHK,Society_170,1740,4.0,3.0,71.17
Super built-up  Area,Ready To Move,Vidyaranyapura,2 BHK,,1217,3.0,1.0,64.07
Super built-up  Area,19-Dec,Raja Rajeshwari Nagar,4 BHK,Society_62,2213 - 2313,5.0,1.0,133.71
Super built-up  Area,22-Jan,Chikkaballapur Road,2 BHK,,1340,2.0,2.0,94.14
Super built-up  Area,Ready To Move,Fraser Town,4 BHK,,2349,4.0,2.0,115.42
Super built-up  Area,22-Jan,Hennur Road,5 BHK,Society_88,3388,5.0,1.0,247.47
Plot  Area,Ready To Move,Domlur,4 BHK,,2489,4.0,2.0,296.54
Carpet  Area,22-Jan,Kanakapura Road,2 BHK,,805,3.0,1.0,41.66
Super built-up  Area,Ready To Move,Hulimavu,3 BHK,,1778,3.0,2.0,88.35
Carpet  Area,Ready To Move,Kudlu Gate,3 BHK,,1677,3.0,1.0,81.87
Super built-up  Area,Ready To Move,Peenya,3 BHK,Society_160,1773,4.0,0.0,118.94
Carpet  Area,19-Dec,Sadashiva Nagar,3 BHK,Society_176,1308,3.0,0.0,269.24
Plot  Area,19-Dec,Rachenahalli,2 BHK,Society_24,1022,3.0,2.0,73.29
Built-up  Area,19-Dec,Adugodi,2 BHK,,970,3.0,1.0,58.54
Super built-up  Area,Ready To Move,Mysore Road,5 BHK,,3894,4.0,3.0,257.02
Super built-up  Area,19-Dec,Hosa Road,2 BHK,,927,2.0,2.0,49.52
Built-up  Area,Ready To Move,Benson Town,4 BHK,Society_124,2424,5.0,0.0,139.64
Built-up  Area,Ready To Move,Kammanahalli,3 BHK,,1270 - 1370,3.0,3.0,69.97
Super built-up  Area,22-Jan,Varthur,3 BHK,,1718,4.0,2.0,104.29
Super built-up  Area,19-Dec,Malleshwaram,4 BHK,,2049 - 2149,4.0,1.0,257.72
Super built-up  Area,19-Dec,Rachenahalli,3 BHK,Society_15,1203 - 1303,3.0,0.0,94.03
Super built-up  Area,Ready To Move,Budigere Cross,2 BHK,Society_122,851,2.0,2.0,60.65
Plot  Area,Ready To Move,Electronic City,1 BHK,,436,1.0,1.0,28.89
Carpet  Area,Ready To Move,Lavelle Road,3 BHK,Society_61,1491,4.0,1.0,292.71
Super built-up  Area,22-Jan,Marathahalli,2 BHK,,1054 - 1154,3.0,2.0,64.03
Built-up  Area,19-Dec,Hormavu,4 BHK,,2261,4.0,1.0,150.84
Plot  Area,Ready To Move,Chamrajpet,2 BHK,,1139,2.0,0.0,91.07
Super built-up  Area,Ready To Move,Ramamurthy Nagar,5 BHK,,3722,6.0,3.0,241.07
Super built-up  Area,22-Jan,MG Road,5 BHK,,3483 - 3583,6.0,0.0,597.32
Carpet  Area,19-Dec,Ulsoor,3 BHK,,1677 - 1777,3.0,0.0,246.1
Built-up  Area,19-Dec,Magadi Road,4 BHK,Society_104,2370 - 2470,5.0,2.0,154.33
Super built-up  Area,Ready To Move,Hormavu,2 BHK,Society_121,1275,1.0,2.0,81.0
Plot  Area,19-Dec,Jayanagar,2 BHK,,961,2.0,2.0,118.83
Super built-up  Area,Ready To Move,Peenya,2 BHK,,943,1.0,1.0,61.47
Super built-up  Area,22-Jan,Chikkaballapur Road,2 BHK,,1268,2.0,1.0,60.31
Built-up  Area,22-Jan,Varthur,4 BHK,,2445,4.0,1.0,171.52
Built-up  Area,Ready To Move,Cunningham Road,3 BHK,,1427 - 1527,3.0,1.0,275.22
Super built-up  Area,Ready To Move,Electronic City,4 BHK,,2337,4.0,1.0,97.59
Plot  Area,19-Dec,Akshaya Nagar,3 BHK,Society_178,1664,3.0,1.0,73.77
Built-up  Area,Ready To Move,Electronic City,2 BHK,Society_62,1120,1.0,2.0,53.99
Built-up  Area,Ready To Move,Bannerghatta Road,4 BHK,Society_163,2529,4.0,3.0,124.34
Plot  Area,Ready To Move,Cunningham Road,4 BHK,Society_141,2337,5.0,1.0,494.25
Carpet  Area,Ready To Move,Budigere Cross,3 BHK,Society_22,1462,3.0,3.0,91.53
Built-up  Area,Ready To Move,Ramamurthy Nagar,2 BHK,Society_92,843,2.0,1.0,51.83
Super built-up  Area,22-Jan,Kanakapura Road,2 BHK,,1160,2.0,0.0,67.93
Built-up  Area,Ready To Move,Kogilu,3 BHK,,1726,2.0,3.0,95.5
Plot  Area,19-Dec,Sadashiva Nagar,4 BHK,Society_118,2367,4.0,3.0,479.13
Built-up  Area,19-Dec,Thanisandra,3 BHK,,1678 - 1778,4.0,2.0,97.62
Super built-up  Area,Ready To Move,Banaswadi,3 BHK,,1447,3.0,0.0,75.79
Super built-up  Area,Ready To Move,Vijayanagar,2 BHK,Society_133,840,1.0,2.0,52.22
Built-up  Area,19-Dec,Yelahanka,2 BHK,Society_77,944,2.0,0.0,62.56
Built-up  Area,Ready To Move,Hennur Road,4 BHK,,2496,5.0,1.0,167.63
Carpet  Area,Ready To Move,Rajarajeshwari Nagara,4 BHK,,2177,4.0,2.0,169.39
Plot  Area,Ready To Move,Padmanabhanagar,2 BHK,,945,2.0,1.0,51.61
Super built-up  Area,22-Jan,Sadashiva Nagar,4 BHK,,2397 - 2497,4.0,3.0,417.72
Carpet  Area,19-Dec,Hormavu,3 BHK,Society_161,1695,2.0,2.0,119.56
Plot  Area,19-Dec,CV Raman Nagar,3 BHK,,1342,3.0,0.0,97.14
Super built-up  Area,Ready To Move,Kumaraswamy Layout,4 BHK,,2512 - 2612,4.0,2.0,173.67
Super built-up  Area,22-Jan,Brigade Road,2 BHK,Society_20,940,2.0,0.0,168.24
Super built-up  Area,Ready To Move,Hosa Road,2 BHK,,832,2.0,2.0,61.42
Super built-up  Area,Ready To Move,Ejipura,2 BHK,Society_152,1243,1.0,2.0,112.51
Super built-up  Area,Ready To Move,CV Raman Nagar,4 BHK,Society_179,2528 - 2628,4.0,3.0,152.6
Built-up  Area,22-Jan,Devanahalli,2 BHK,,815,2.0,1.0,39.25
Super built-up  Area,Ready To Move,Magadi Road,2 BHK,,1010 - 1110,2.0,2.0,50.5
Plot  Area,Ready To Move,Domlur,2 BHK,,1289 - 1389,2.0,1.0,199.48
Plot  Area,19-Dec,RT Nagar,2 BHK,Society_173,1081,2.0,0.0,85.69
Built-up  Area,Ready To Move,HRBR Layout,5 BHK,,3464 - 3564,5.0,1.0,206.03
Plot  Area,Ready To Move,Rajarajeshwari Nagara,3 BHK,,1262,3.0,1.0,74.86
Super built-up  Area,Ready To Move,Chandapura,1 BHK,Society_51,607,2.0,1.0,25.82
Super built-up  Area,19-Dec,Mysore Road,3 BHK,Society_126,1533,4.0,1.0,104.96
Built-up  Area,Ready To Move,Raja Rajeshwari Nagar,3 BHK,,1534 - 1634,2.0,2.0,101.28
Super built-up  Area,22-Jan,Fraser Town,4 BHK,,2153,3.0,3.0,124.09
Super built-up  Area,Ready To Move,Kogilu,3 BHK,,1508,4.0,1.0,79.47
Super built-up  Area,19-Dec,Kengeri,4 BHK,Society_109,2497,4.0,1.0,130.63
Super built-up  Area,19-Dec,Laggere,3 BHK,Society_40,1272,3.0,1.0,85.13
Super built-up  Area,19-Dec,Sarjapur Road,2 BHK,Society_71,922,2.0,1.0,58.71
Built-up  Area,22-Jan,Rajarajeshwari Nagara,4 BHK,,2561,4.0,1.0,157.29
Super built-up  Area,19-Dec,Bannerghatta Road,3 BHK,Society_195,1485,3.0,2.0,87.3
Super built-up  Area,19-Dec,HBR Layout,4 BHK,Society_44,2129,4.0,2.0,109.35
Built-up  Area,22-Jan,Kudlu Gate,4 BHK,Society_173,2402 - 2502,4.0,2.0,110.41
Built-up  Area,Ready To Move,Bellandur,1 BHK,,866 - 966,1.0,1.0,85.47
Built-up  Area,Ready To Move,Lavelle Road,4 BHK,,2121,5.0,2.0,453.73
Carpet  Area,Ready To Move,Adugodi,3 BHK,,1329,3.0,1.0,50.33
Plot  Area,Ready To Move,Jigani,3 BHK,Society_61,1364,3.0,3.0,89.89
Plot  Area,22-Jan,Old Madras Road,4 BHK,,2434,3.0,1.0,158.67
Carpet  Area,19-Dec,Jakkur,3 BHK,,1552,4.0,2.0,86.41
Super built-up  Area,Ready To Move,Budigere Cross,2 BHK,Society_171,1165,2.0,2.0,70.28
Super built-up  Area,19-Dec,Uttarahalli,3 BHK,,1339,2.0,1.0,82.0
Carpet  Area,Ready To Move,Yeshwanthpur,5 BHK,,3655,4.0,0.0,230.17
Built-up  Area,19-Dec,KR Puram,3 BHK,,1734,4.0,1.0,103.46
Built-up  Area,Ready To Move,Haralur Road,3 BHK,Society_116,1297,3.0,0.0,84.84
Built-up  Area,Ready To Move,Koramangala,3 BHK,,1686,3.0,0.0,301.96
Built-up  Area,Ready To Move,Koramangala,2 BHK,,1265,2.0,2.0,158.31
Plot  Area,19-Dec,Hosa Road,2 BHK,Society_176,1265,2.0,2.0,74.05
Super built-up  Area,Ready To Move,Akshaya Nagar,2 BHK,Society_5,1053,2.0,1.0,66.08
Super built-up  Area,Ready To Move,JP Nagar,3 BHK,Society_164,1390,2.0,1.0,141.12
Super built-up  Area,19-Dec,CV Raman Nagar,2 BHK,Society_160,995,3.0,2.0,53.69
Super built-up  Area,Ready To Move,Kalyan Nagar,2 BHK,,826,2.0,2.0,49.86
Super built-up  Area,19-Dec,Bagalur,3 BHK,,1383,3.0,2.0,66.75
Super built-up  Area,19-Dec,Lingarajapuram,3 BHK,,1457 - 1557,4.0,3.0,85.35
Built-up  Area,Ready To Move,Kasturi Nagar,3 BHK,Society_94,1759,3.0,1.0,107.53
Super built-up  Area,Ready To Move,Raja Rajeshwari Nagar,3 BHK,Society_73,1307,3.0,2.0,84.38
Plot  Area,Ready To Move,Haralur Road,3 BHK,Society_147,1729,4.0,0.0,140.73
Super built-up  Area,Ready To Move,Old Madras Road,3 BHK,,1447,2.0,2.0,95.87
Super built-up  Area,Ready To Move,Yelahanka,2 BHK,Society_2,859,2.0,0.0,46.43
Plot  Area,Ready To Move,Hennur Road,5 BHK,Society_165,3746,5.0,1.0,286.54
Built-up  Area,Ready To Move,Ramamurthy Nagar,5 BHK,,3676,5.0,3.0,191.3
Carpet  Area,Ready To Move,JP Nagar,3 BHK,Society_106,1546 - 1646,3.0,1.0,125.75
Super built-up  Area,22-Jan,Sahakara Nagar,3 BHK,,1743,4.0,1.0,105.03
Super built-up  Area,Ready To Move,Devanahalli,4 BHK,Society_133,2289,5.0,3.0,98.29
Super built-up  Area,22-Jan,Whitefield,3 BHK,Society_56,1471,3.0,2.0,103.19
Plot  Area,Ready To Move,Sarjapur Road,2 BHK,,1146,1.0,2.0,80.56
Super built-up  Area,Ready To Move,Jigani,3 BHK,,1542,2.0,1.0,98.83
Plot  Area,Ready To Move,Rajarajeshwari Nagara,5 BHK,,3854,6.0,2.0,293.64
Super built-up  Area,22-Jan,Akshaya Nagar,3 BHK,Society_86,1684,3.0,2.0,111.31
Carpet  Area,Ready To Move,MG Road,1 BHK,,801,1.0,1.0,127.32
Plot  Area,19-Dec,Rachenahalli,4 BHK,Society_194,2441,4.0,1.0,157.68
Built-up  Area,Ready To Move,Old Madras Road,3 BHK,,1307,2.0,2.0,79.19
Super built-up  Area,19-Dec,Jakkur,2 BHK,,759 - 859,2.0,2.0,48.47
Built-up  Area,Ready To Move,Cunningham Road,4 BHK,,2103,4.0,2.0,365.65
Super built-up  Area,Ready To Move,Koramangala,2 BHK,,1211,2.0,0.0,170.48
Super built-up  Area,Ready To Move,Old Airport Road,2 BHK,,974,3.0,1.0,112.32
Carpet  Area,Ready To Move,HRBR Layout,1 BHK,Society_183,820,2.0,0.0,42.58
Super built-up  Area,22-Jan,HRBR Layout,4 BHK,,2460 - 2560,4.0,1.0,178.55
Super built-up  Area,Ready To Move,Hormavu,1 BHK,,628,1.0,1.0,41.75
Carpet  Area,22-Jan,Basavanagudi,2 BHK,,1151,2.0,2.0,118.87
Super built-up  Area,Ready To Move,Bommasandra,4 BHK,,2586,4.0,0.0,121.47
Built-up  Area,Ready To Move,Nagarbhavi,3 BHK,Society_146,1605,3.0,1.0,88.47
Super built-up  Area,Ready To Move,Brigade Road,3 BHK,,1699,3.0,2.0,347.47
Super built-up  Area,22-Jan,Adugodi,1 BHK,,638,2.0,1.0,47.16
Super built-up  Area,Ready To Move,Attibele,2 BHK,,1047,2.0,2.0,70.77
Built-up  Area,Ready To Move,Gottigere,2 BHK,,1193,3.0,2.0,67.81
Plot  Area,22-Jan,Nayandahalli,2 BHK,Society_136,918,2.0,1.0,68.59
Carpet  Area,Ready To Move,Banashankari,3 BHK,,1687,3.0,1.0,123.3
Super built-up  Area,22-Jan,Kanakapura Road,4 BHK,,2472 - 2572,4.0,1.0,192.03
Super built-up  Area,Ready To Move,Whitefield,2 BHK,,1203,3.0,2.0,77.06
Super built-up  Area,19-Dec,Bagalur,3 BHK,,1622,3.0,3.0,92.57
Super built-up  Area,22-Jan,Chikkaballapur Road,2 BHK,Society_110,1074,1.0,1.0,71.75
Built-up  Area,Ready To Move,Hebbal,3 BHK,Society_93,1708,4.0,2.0,115.26
Built-up  Area,Ready To Move,Jigani,3 BHK,,1383 - 1483,3.0,2.0,86.51
Built-up  Area,19-Dec,Thanisandra,4 BHK,,2218,5.0,0.0,137.95
Super built-up  Area,Ready To Move,Nayandahalli,3 BHK,,1536,4.0,3.0,83.77
Plot  Area,22-Jan,Mysore Road,3 BHK,Society_87,1371,3.0,0.0,78.25
Built-up  Area,Ready To Move,Domlur,4 BHK,Society_175,2229,4.0,2.0,223.98
Built-up  Area,22-Jan,Vidyaranyapura,3 BHK,,1559,3.0,1.0,109.38
Built-up  Area,Ready To Move,Chandapura,3 BHK,Society_82,1513,3.0,2.0,53.62
Carpet  Area,Ready To Move,Chandapura,3 BHK,,1397 - 1497,3.0,2.0,51.05
Carpet  Area,19-Dec,Bellandur,3 BHK,,1706 - 1806,3.0,1.0,145.27
Built-up  Area,Ready To Move,Girinagar,3 BHK,,1773,3.0,2.0,96.57
Built-up  Area,19-Dec,Begur Road,5 BHK,,3790,6.0,3.0,214.17
Super built-up  Area,Ready To Move,Girinagar,5 BHK,Society_53,3641,4.0,1.0,160.87
Built-up  Area,Ready To Move,Arekere,2 BHK,,941,3.0,1.0,59.09
Built-up  Area,22-Jan,Basaveshwara Nagar,3 BHK,,1560,3.0,2.0,84.1
Plot  Area,22-Jan,Cunningham Road,4 BHK,Society_115,2121,5.0,1.0,360.98
Super built-up  Area,Ready To Move,CV Raman Nagar,3 BHK,,1699,2.0,0.0,103.63
Super built-up  Area,Ready To Move,Lingarajapuram,5 BHK,Society_167,3320 - 3420,5.0,1.0,157.38
Built-up  Area,Ready To Move,Gottigere,4 BHK,,2392,3.0,0.0,91.78
Super built-up  Area,Ready To Move,Domlur,3 BHK,Society_8,1214 - 1314,3.0,0.0,161.77
Built-up  Area,22-Jan,Gottigere,4 BHK,Society_163,2235,5.0,0.0,168.47
Super built-up  Area,22-Jan,Chandapura,2 BHK,Society_60,1344,2.0,1.0,60.6
Plot  Area,Ready To Move,Uttarahalli,3 BHK,,1299 - 1399,2.0,2.0,98.11
Built-up  Area,19-Dec,Yelahanka,3 BHK,,1506,4.0,0.0,65.7
Plot  Area,Ready To Move,Sarjapur Road,2 BHK,,1251,1.0,2.0,97.59
Built-up  Area,Ready To Move,Hebbal,3 BHK,Society_164,1696,3.0,1.0,167.28
Super built-up  Area,Ready To Move,Yeshwanthpur,3 BHK,,1487,3.0,2.0,70.43
Built-up  Area,19-Dec,Narayanapura,2 BHK,Society_28,1316,2.0,2.0,72.05
Built-up  Area,22-Jan,Attibele,4 BHK,,2475,4.0,0.0,175.1
Built-up  Area,22-Jan,BTM Layout,2 BHK,,815 - 915,3.0,1.0,85.05
Built-up  Area,22-Jan,Electronic City,2 BHK,Society_187,1237,2.0,1.0,72.29
Super built-up  Area,22-Jan,Thanisandra,4 BHK,,2093,4.0,2.0,119.31
Super built-up  Area,22-Jan,HRBR Layout,2 BHK,,998,2.0,2.0,43.43
Super built-up  Area,Ready To Move,Dasarahalli,3 BHK,,1660,2.0,1.0,89.22
Super built-up  Area,19-Dec,Sarjapur Road,3 BHK,,1651 - 1751,4.0,0.0,126.53
Plot  Area,19-Dec,RT Nagar,2 BHK,Society_81,1265,2.0,1.0,65.44
Carpet  Area,19-Dec,Kudlu Gate,3 BHK,,1660,4.0,3.0,95.84
Built-up  Area,Ready To Move,Bannerghatta Road,3 BHK,Society_17,1741,3.0,1.0,134.69
Super built-up  Area,19-Dec,Banashankari,3 BHK,,1422,3.0,2.0,78.68
Built-up  Area,Ready To Move,Kanakapura Road,2 BHK,,1141 - 1241,1.0,2.0,74.0
Carpet  Area,Ready To Move,Jakkur,4 BHK,,2268,4.0,1.0,121.51
Plot  Area,22-Jan,Wilson Garden,2 BHK,Society_81,936,3.0,2.0,94.93
Super built-up  Area,19-Dec,BTM Layout,2 BHK,Society_132,1204,2.0,2.0,96.61
Plot  Area,Ready To Move,MG Road,3 BHK,Society_136,1527,3.0,1.0,335.59
Super built-up  Area,Ready To Move,Raja Rajeshwari Nagar,3 BHK,,1583 - 1683,3.0,2.0,101.95
Super built-up  Area,19-Dec,Kumaraswamy Layout,2 BHK,,1261,2.0,1.0,80.73
Super built-up  Area,19-Dec,Fraser Town,2 BHK,,1030,2.0,2.0,48.12
Super built-up  Area,Ready To Move,Lingarajapuram,2 BHK,,910 - 1010,2.0,0.0,61.44
Built-up  Area,Ready To Move,Kogilu,3 BHK,,1596,3.0,0.0,85.75
Super built-up  Area,22-Jan,Old Airport Road,4 BHK,,2489,3.0,2.0,319.76
Super built-up  Area,22-Jan,Sahakara Nagar,2 BHK,,1060,2.0,2.0,57.7
Super built-up  Area,22-Jan,Chamrajpet,5 BHK,,3548,5.0,3.0,192.08
Built-up  Area,19-Dec,Bannerghatta Road,4 BHK,,2005 - 2105,4.0,1.0,111.34
Super built-up  Area,19-Dec,Ejipura,3 BHK,,1532,3.0,2.0,110.61
Super built-up  Area,22-Jan,Hoodi,4 BHK,,2092,4.0,2.0,120.96
Plot  Area,Ready To Move,Jakkur,3 BHK,,1228 - 1328,3.0,0.0,99.81
Carpet  Area,Ready To Move,Lavelle Road,2 BHK,Society_82,836 - 936,1.0,2.0,188.42
Super built-up  Area,Ready To Move,Jigani,2 BHK,,1266,2.0,2.0,86.68
Built-up  Area,Ready To Move,RT Nagar,1 BHK,Society_33,651,1.0,1.0,34.21
Carpet  Area,22-Jan,Sarjapur Road,3 BHK,,1676,2.0,1.0,84.81
Super built-up  Area,Ready To Move,Indira Nagar,3 BHK,,1296,3.0,1.0,166.17
Super built-up  Area,22-Jan,Rajaji Nagar,5 BHK,Society_173,3479,5.0,1.0,350.23
Built-up  Area,Ready To Move,Vidyaranyapura,3 BHK,Society_147,1704,3.0,1.0,104.29
Plot  Area,Ready To Move,Chikkaballapur Road,2 BHK,Society_83,927,2.0,0.0,62.26
Plot  Area,Ready To Move,Fraser Town,2 BHK,Society_117,902,2.0,1.0,74.54
Built-up  Area,Ready To Move,Banaswadi,3 BHK,,1609,4.0,2.0,86.53
Plot  Area,Ready To Move,Chikkaballapur Road,3 BHK,,1750,3.0,1.0,111.56
Super built-up  Area,22-Jan,Vidyaranyapura,4 BHK,,2145,3.0,2.0,144.8
Plot  Area,Ready To Move,KR Puram,4 BHK,,2539 - 2639,5.0,3.0,160.19
Built-up  Area,Ready To Move,Chikkaballapur Road,3 BHK,Society_110,1742 - 1842,3.0,1.0,76.59
Super built-up  Area,22-Jan,Yeshwanthpur,2 BHK,Society_74,1289,1.0,2.0,85.62
Super built-up  Area,22-Jan,Koramangala,2 BHK,Society_177,1266,1.0,1.0,208.53
Super built-up  Area,19-Dec,Whitefield,2 BHK,Society_139,859,2.0,0.0,65.8
Built-up  Area,19-Dec,Thanisandra Main Road,2 BHK,,888,1.0,2.0,51.02
Built-up  Area,19-Dec,Uttarahalli,2 BHK,,1127,3.0,2.0,70.38
Super built-up  Area,Ready To Move,Indira Nagar,2 BHK,Society_159,1302,3.0,2.0,195.0
Built-up  Area,19-Dec,Yelahanka,3 BHK,Society_49,1685,3.0,3.0,102.49
Built-up  Area,Ready To Move,Uttarahalli,4 BHK,,2496,4.0,2.0,118.74
Carpet  Area,Ready To Move,Rajarajeshwari Nagara,3 BHK,,1386,3.0,1.0,88.77
Super built-up  Area,22-Jan,Horamavu Agara,1 BHK,Society_73,463,2.0,1.0,24.82
Super built-up  Area,Ready To Move,Rajarajeshwari Nagara,3 BHK,,1386,3.0,2.0,81.44
Built-up  Area,19-Dec,Kammanahalli,1 BHK,,585,1.0,1.0,35.12
Super built-up  Area,Ready To Move,Yelahanka,3 BHK,Society_3,1549,3.0,2.0,99.86
Super built-up  Area,Ready To Move,Bellandur,3 BHK,Society_93,1461,4.0,2.0,92.09
Carpet  Area,Ready To Move,BTM Layout,5 BHK,,3837,5.0,2.0,385.19
Super built-up  Area,22-Jan,Mahadevapura,3 BHK,,1785,3.0,1.0,117.21
Super built-up  Area,Ready To Move,Horamavu Agara,3 BHK,,1303 - 1403,3.0,3.0,93.23
Built-up  Area,19-Dec,Cunningham Road,3 BHK,,1705,3.0,0.0,288.1
Plot  Area,19-Dec,Lingarajapuram,3 BHK,,1495 - 1595,3.0,1.0,95.5
Plot  Area,Ready To Move,Hosa Road,4 BHK,,2292,4.0,1.0,138.36
Super built-up  Area,19-Dec,Lingarajapuram,3 BHK,,1697,3.0,2.0,126.3
Plot  Area,Ready To Move,Old Airport Road,2 BHK,Society_138,1059,2.0,2.0,137.99
Super built-up  Area,19-Dec,Jakkur,4 BHK,,2595,5.0,2.0,124.36
Super built-up  Area,22-Jan,Chikkaballapur Road,4 BHK,Society_73,2367 - 2467,5.0,1.0,132.04
Super built-up  Area,Ready To Move,Kumaraswamy Layout,3 BHK,,1586,3.0,3.0,88.33
Super built-up  Area,Ready To Move,HSR Layout,3 BHK,,1656,3.0,2.0,91.63
Super built-up  Area,Ready To Move,Jayanagar,5 BHK,Society_94,3733,5.0,1.0,371.12
Super built-up  Area,Ready To Move,Magadi Road,4 BHK,,2505,5.0,1.0,159.08
Built-up  Area,22-Jan,Kadugodi,2 BHK,,874,2.0,2.0,57.35
Super built-up  Area,Ready To Move,Hulimavu,3 BHK,Society_94,1403,3.0,1.0,88.38
Super built-up  Area,Ready To Move,Hebbal,1 BHK,,913,1.0,1.0,89.47
Built-up  Area,22-Jan,Nagarbhavi,3 BHK,Society_187,1305,3.0,1.0,68.55
Carpet  Area,Ready To Move,Bannerghatta Road,3 BHK,,1522 - 1622,4.0,2.0,122.39
Built-up  Area,Ready To Move,JP Nagar,2 BHK,,1233,2.0,2.0,112.82
Built-up  Area,22-Jan,Chamrajpet,3 BHK,Society_89,1576,3.0,1.0,86.34
Built-up  Area,Ready To Move,Basaveshwara Nagar,5 BHK,Society_107,3725,5.0,0.0,232.01
Super built-up  Area,Ready To Move,Magadi Road,1 BHK,,528 - 628,1.0,1.0,33.29
Plot  Area,Ready To Move,Nagarbhavi,3 BHK,,1568,3.0,2.0,116.83
Super built-up  Area,Ready To Move,Attibele,2 BHK,Society_27,1123,2.0,1.0,61.74
Super built-up  Area,Ready To Move,Benson Town,5 BHK,,3391 - 3491,4.0,2.0,215.67
Built-up  Area,22-Jan,Bellandur,2 BHK,,1093,1.0,2.0,50.39
Super built-up  Area,Ready To Move,Devanahalli,3 BHK,Society_105,1286,2.0,1.0,63.71
Plot  Area,22-Jan,Kanakapura Road,2 BHK,,1336,2.0,2.0,90.68
Super built-up  Area,Ready To Move,Anekal,3 BHK,,1611,3.0,2.0,65.11
Built-up  Area,19-Dec,Vidyaranyapura,2 BHK,,871,2.0,0.0,38.67
Built-up  Area,19-Dec,Bellandur,4 BHK,Society_43,2199 - 2299,4.0,2.0,177.19
Built-up  Area,Ready To Move,Old Madras Road,2 BHK,,1053,1.0,0.0,59.9
Carpet  Area,22-Jan,Old Madras Road,5 BHK,,3564,5.0,3.0,238.6
Built-up  Area,Ready To Move,New BEL Road,5 BHK,,3805,5.0,2.0,190.95
Super built-up  Area,19-Dec,Attibele,3 BHK,,1701,3.0,3.0,134.97
Built-up  Area,Ready To Move,Uttarahalli,2 BHK,Society_113,964,1.0,1.0,54.53
Super built-up  Area,Ready To Move,Arekere,4 BHK,,2406,4.0,2.0,117.52
Super built-up  Area,22-Jan,Marathahalli,3 BHK,Society_97,1597,3.0,2.0,96.48
Super built-up  Area,Ready To Move,Banashankari,2 BHK,Society_72,1308,2.0,2.0,75.1
Super built-up  Area,Ready To Move,Kengeri,3 BHK,Society_105,1758,4.0,0.0,102.43
Super built-up  Area,Ready To Move,Hormavu,4 BHK,Society_102,2310 - 2410,3.0,2.0,159.3
Built-up  Area,22-Jan,Haralur Road,4 BHK,,2208,4.0,2.0,138.69
Super built-up  Area,19-Dec,Horamavu Agara,3 BHK,,1370 - 1470,3.0,2.0,62.47
Super built-up  Area,Ready To Move,Bannerghatta Road,3 BHK,,1575 - 1675,2.0,1.0,106.18
Built-up  Area,Ready To Move,Devanahalli,4 BHK,,2529,4.0,1.0,132.9
Plot  Area,22-Jan,Domlur,3 BHK,,1229 - 1329,2.0,2.0,163.44
Carpet  Area,19-Dec,Ejipura,4 BHK,Society_47,2474,4.0,0.0,213.13
Carpet  Area,19-Dec,Richmond Town,4 BHK,,2467 - 2567,4.0,0.0,414.61
Plot  Area,Ready To Move,JP Nagar,2 BHK,Society_165,878,2.0,1.0,76.27
Super built-up  Area,Ready To Move,MG Road,3 BHK,Society_58,1748 - 1848,3.0,2.0,372.96
Super built-up  Area,19-Dec,Bannerghatta Road,2 BHK,Society_81,926,2.0,2.0,46.94
Built-up  Area,Ready To Move,Kasturi Nagar,3 BHK,,1659,3.0,2.0,95.51
Super built-up  Area,Ready To Move,Anekal,4 BHK,Society_183,2504,5.0,1.0,90.96
Super built-up  Area,19-Dec,Vidyaranyapura,4 BHK,Society_108,2081,4.0,2.0,122.67
Super built-up  Area,22-Jan,Vidyaranyapura,4 BHK,Society_178,2149,4.0,2.0,137.95
Built-up  Area,Ready To Move,Mysore Road,1 BHK,Society_166,500 - 600,1.0,1.0,21.04
Built-up  Area,Ready To Move,Old Madras Road,2 BHK,Society_1,843,2.0,0.0,53.46
Super built-up  Area,Ready To Move,Ramamurthy Nagar,2 BHK,Society_135,902,3.0,2.0,54.21
Super built-up  Area,Ready To Move,Chikkaballapur Road,2 BHK,Society_70,1138,2.0,1.0,75.2
Super built-up  Area,Ready To Move,Kengeri,3 BHK,Society_166,1446,2.0,2.0,71.95
Built-up  Area,Ready To Move,Vasanth Nagar,3 BHK,,1795,2.0,0.0,193.51
Super built-up  Area,Ready To Move,Ejipura,3 BHK,,1734,3.0,0.0,171.1
Super built-up  Area,22-Jan,Cox Town,4 BHK,,2540,4.0,2.0,158.73
Super built-up  Area,Ready To Move,Magadi Road,4 BHK,Society_188,2575,4.0,2.0,188.74
Plot  Area,Ready To Move,Domlur,1 BHK,,422,2.0,0.0,67.07
Carpet  Area,19-Dec,Arekere,3 BHK,Society_185,1648,2.0,1.0,108.09
Super built-up  Area,Ready To Move,Dasarahalli,3 BHK,Society_42,1665,3.0,1.0,109.87
Super built-up  Area,22-Jan,Brigade Road,4 BHK,,2054 - 2154,4.0,3.0,436.04
Carpet  Area,19-Dec,Yelahanka,5 BHK,,3884,5.0,1.0,284.64
Built-up  Area,22-Jan,Dasarahalli,3 BHK,,1566,3.0,1.0,88.46
Carpet  Area,22-Jan,KR Puram,2 BHK,Society_24,1082 - 1182,2.0,2.0,62.01
Super built-up  Area,19-Dec,Peenya,2 BHK,,1072,3.0,2.0,53.7
Built-up  Area,19-Dec,MG Road,4 BHK,,2502 - 2602,5.0,1.0,476.39
Built-up  Area,Ready To Move,Sarjapur Road,3 BHK,,1241 - 1341,4.0,2.0,101.1
Super built-up  Area,19-Dec,Devanahalli,2 BHK,,1092,2.0,2.0,59.93
Plot  Area,22-Jan,Dasarahalli,3 BHK,,1431,3.0,1.0,103.03
Super built-up  Area,19-Dec,Benson Town,3 BHK,,1568,3.0,0.0,98.0
Plot  Area,Ready To Move,Indira Nagar,3 BHK,,1721,3.0,3.0,279.8
Built-up  Area,Ready To Move,Girinagar,5 BHK,Society_19,3758,4.0,2.0,211.15
Built-up  Area,Ready To Move,Narayanapura,5 BHK,Society_66,3787,5.0,1.0,208.99
Super built-up  Area,19-Dec,Marathahalli,4 BHK,,2488 - 2588,4.0,1.0,143.26
Super built-up  Area,Ready To Move,Anekal,1 BHK,Society_95,903,1.0,1.0,32.77
Carpet  Area,22-Jan,KR Puram,3 BHK,,1294,3.0,2.0,74.74
Built-up  Area,22-Jan,Old Airport Road,4 BHK,,2269 - 2369,4.0,2.0,237.63
Built-up  Area,Ready To Move,Kadugodi,3 BHK,,1620,3.0,1.0,90.71
Carpet  Area,Ready To Move,MG Road,3 BHK,Society_151,1465,2.0,2.0,212.73
Super built-up  Area,22-Jan,Bagalur,4 BHK,Society_90,2218,4.0,0.0,104.82
Super built-up  Area,22-Jan,Hosa Road,3 BHK,Society_41,1677,3.0,1.0,88.0
Super built-up  Area,Ready To Move,Narayanapura,4 BHK,Society_164,2071,4.0,0.0,94.25
Super built-up  Area,19-Dec,Kogilu,3 BHK,,1675,3.0,1.0,112.17
Built-up  Area,19-Dec,Wilson Garden,3 BHK,Society_147,1746 - 1846,2.0,0.0,187.73
Super built-up  Area,Ready To Move,Anekal,3 BHK,,1503,3.0,2.0,52.35
Plot  Area,22-Jan,Wilson Garden,1 BHK,Society_120,905,1.0,1.0,89.22
Super built-up  Area,Ready To Move,Rachenahalli,1 BHK,,877,1.0,0.0,59.93
Super built-up  Area,Ready To Move,Ulsoor,3 BHK,Society_75,1604,2.0,1.0,129.69
Built-up  Area,Ready To Move,Benson Town,2 BHK,Society_40,1244,2.0,2.0,74.33
Super built-up  Area,22-Jan,Old Madras Road,2 BHK,,1173,2.0,2.0,79.61
Built-up  Area,19-Dec,Yeshwanthpur,3 BHK,,1744,2.0,0.0,106.6
Super built-up  Area,Ready To Move,Yelahanka,1 BHK,Society_103,750,1.0,0.0,48.07
Built-up  Area,22-Jan,Benson Town,2 BHK,Society_160,963,3.0,1.0,62.92
Super built-up  Area,Ready To Move,Thanisandra,3 BHK,,1608,3.0,1.0,75.15
Super built-up  Area,Ready To Move,Kudlu Gate,4 BHK,,2357 - 2457,5.0,3.0,132.01
Super built-up  Area,19-Dec,Dasarahalli,2 BHK,,1143,3.0,1.0,52.25
Super built-up  Area,Ready To Move,Kumaraswamy Layout,2 BHK,Society_158,1000,2.0,1.0,67.81
Built-up  Area,22-Jan,Vidyaranyapura,3 BHK,Society_129,1401 - 1501,3.0,1.0,87.69
Super built-up  Area,Ready To Move,Kasturi Nagar,4 BHK,,2319,3.0,1.0,167.1
Built-up  Area,22-Jan,Arekere,2 BHK,,1256,2.0,2.0,78.97
Plot  Area,Ready To Move,Nayandahalli,2 BHK,,910,1.0,2.0,73.02
Built-up  Area,Ready To Move,Basaveshwara Nagar,3 BHK,,1203 - 1303,4.0,1.0,78.66
Super built-up  Area,22-Jan,HRBR Layout,3 BHK,,1519,3.0,1.0,69.52
Built-up  Area,22-Jan,Koramangala,3 BHK,,1252 - 1352,3.0,1.0,183.44
Super built-up  Area,Ready To Move,RT Nagar,3 BHK,Society_50,1522,2.0,2.0,95.67
Super built-up  Area,22-Jan,Kengeri,2 BHK,,1106,1.0,1.0,63.42
Built-up  Area,Ready To Move,Raja Rajeshwari Nagar,3 BHK,Society_126,1629,2.0,3.0,89.83
Built-up  Area,Ready To Move,Adugodi,3 BHK,Society_26,1293,2.0,0.0,79.24
Super built-up  Area,19-Dec,Uttarahalli,2 BHK,Society_163,1052,1.0,0.0,58.16
Built-up  Area,22-Jan,Mahadevapura,2 BHK,,1310,3.0,0.0,87.23
Carpet  Area,Ready To Move,Laggere,2 BHK,,1236,1.0,2.0,78.86
Plot  Area,22-Jan,Raja Rajeshwari Nagar,2 BHK,Society_186,1253,2.0,0.0,79.2
Built-up  Area,Ready To Move,Hosa Road,2 BHK,Society_35,1332,2.0,1.0,82.11
Built-up  Area,Ready To Move,Marathahalli,2 BHK,Society_25,1187,1.0,0.0,83.49
Carpet  Area,Ready To Move,Dasarahalli,2 BHK,Society_52,1194 - 1294,3.0,2.0,77.74
Built-up  Area,Ready To Move,Basaveshwara Nagar,2 BHK,,867 - 967,2.0,0.0,50.6
Built-up  Area,Ready To Move,Attibele,3 BHK,,1474 - 1574,2.0,2.0,101.04
Plot  Area,Ready To Move,Wilson Garden,3 BHK,Society_168,1549,3.0,3.0,187.61
Built-up  Area,Ready To Move,Banashankari,3 BHK,,1655,3.0,1.0,105.3
Super built-up  Area,22-Jan,Old Airport Road,3 BHK,Society_153,1393,4.0,0.0,152.87
Super built-up  Area,Ready To Move,Domlur,4 BHK,Society_105,2500,5.0,1.0,258.78
Plot  Area,Ready To Move,New BEL Road,2 BHK,Society_74,952,2.0,0.0,65.17
Built-up  Area,Ready To Move,Yeshwanthpur,3 BHK,Society_177,1529,3.0,3.0,75.56
Super built-up  Area,19-Dec,Chandapura,2 BHK,,852,2.0,2.0,34.63
Plot  Area,Ready To Move,Bellandur,3 BHK,,1485,3.0,2.0,127.65
Plot  Area,Ready To Move,Bannerghatta Road,4 BHK,Society_49,2311 - 2411,3.0,0.0,153.35
Built-up  Area,19-Dec,Benson Town,2 BHK,,893 - 993,2.0,0.0,70.44
Built-up  Area,19-Dec,Akshaya Nagar,2 BHK,,1117,3.0,2.0,77.21
Super built-up  Area,Ready To Move,Kanakapura Road,2 BHK,Society_172,838,2.0,2.0,44.38
Super built-up  Area,Ready To Move,Bommanahalli,2 BHK,,930,2.0,0.0,60.5
Plot  Area,22-Jan,Kudlu Gate,3 BHK,Society_146,1530,4.0,2.0,104.21
Built-up  Area,22-Jan,Arekere,1 BHK,,727,1.0,1.0,33.8
Super built-up  Area,19-Dec,Hulimavu,3 BHK,,1641,2.0,0.0,131.31
Carpet  Area,Ready To Move,Bellandur,4 BHK,,2404,5.0,0.0,182.73
Super built-up  Area,22-Jan,Kasturi Nagar,3 BHK,Society_1,1443 - 1543,3.0,1.0,79.02
Super built-up  Area,Ready To Move,Akshaya Nagar,3 BHK,Society_102,1256,4.0,0.0,57.67
Super built-up  Area,Ready To Move,Whitefield,2 BHK,,1229,1.0,0.0,91.01
Super built-up  Area,19-Dec,Hebbal,3 BHK,,1427,3.0,2.0,130.39
Built-up  Area,19-Dec,Whitefield,3 BHK,,1751,2.0,2.0,114.1
Built-up  Area,Ready To Move,Magadi Road,4 BHK,Society_94,2407,4.0,0.0,152.11
Plot  Area,19-Dec,Adugodi,2 BHK,,1150,2.0,1.0,71.99
Built-up  Area,Ready To Move,Yelahanka,3 BHK,,1468,2.0,2.0,57.3
Super built-up  Area,19-Dec,Bommanahalli,1 BHK,,435,1.0,0.0,25.57
Super built-up  Area,22-Jan,Lingarajapuram,3 BHK,Society_87,1389,4.0,1.0,82.73
Super built-up  Area,Ready To Move,Rachenahalli,3 BHK,,1538,4.0,0.0,102.88
Built-up  Area,Ready To Move,Hebbal,5 BHK,,3857,5.0,2.0,366.34
Plot  Area,19-Dec,Kumaraswamy Layout,4 BHK,,2151,3.0,1.0,142.91
Super built-up  Area,Ready To Move,Padmanabhanagar,2 BHK,Society_34,931,2.0,2.0,65.1
Carpet  Area,22-Jan,Bommanahalli,3 BHK,,1293,3.0,3.0,67.27
Super built-up  Area,19-Dec,Hosa Road,3 BHK,Society_110,1458 - 1558,2.0,1.0,65.07
Built-up  Area,Ready To Move,Bannerghatta Road,3 BHK,Society_157,1517,3.0,2.0,97.64
Plot  Area,22-Jan,Hoodi,1 BHK,,857,1.0,1.0,57.72
Built-up  Area,Ready To Move,Laggere,1 BHK,Society_146,696,2.0,1.0,39.8
Built-up  Area,22-Jan,HSR Layout,2 BHK,,1200,2.0,2.0,87.41
Plot  Area,22-Jan,BTM Layout,3 BHK,Society_175,1469,3.0,0.0,159.31
Carpet  Area,Ready To Move,Domlur,4 BHK,Society_60,2580,4.0,1.0,317.46
Super built-up  Area,22-Jan,Koramangala,3 BHK,,1420,2.0,0.0,270.92
Carpet  Area,Ready To Move,Vijayanagar,3 BHK,,1279 - 1379,4.0,0.0,78.54
Built-up  Area,Ready To Move,Sahakara Nagar,3 BHK,Society_14,1454,3.0,3.0,66.6
Carpet  Area,19-Dec,Domlur,3 BHK,Society_177,1635 - 1735,3.0,2.0,222.44
Super built-up  Area,Ready To Move,Magadi Road,2 BHK,Society_12,918,1.0,1.0,45.44
Super built-up  Area,19-Dec,Gottigere,3 BHK,Society_55,1263,4.0,0.0,97.1
Super built-up  Area,19-Dec,Magadi Road,3 BHK,Society_170,1412,3.0,1.0,69.23
Built-up  Area,19-Dec,Koramangala,3 BHK,Society_149,1792,2.0,1.0,224.54
Plot  Area,Ready To Move,Kalyan Nagar,3 BHK,Society_112,1725,4.0,2.0,110.0
Built-up  Area,Ready To Move,Varthur,3 BHK,,1657,3.0,0.0,100.62
Built-up  Area,22-Jan,Rajaji Nagar,4 BHK,,2154,5.0,2.0,241.1
Built-up  Area,19-Dec,Basaveshwara Nagar,2 BHK,Society_24,1330,2.0,2.0,82.72
Super built-up  Area,22-Jan,Whitefield,2 BHK,,1110 - 1210,2.0,2.0,82.25
Super built-up  Area,19-Dec,Chamrajpet,2 BHK,,1203 - 1303,3.0,0.0,65.52
Built-up  Area,Ready To Move,Bommanahalli,4 BHK,,2444 - 2544,5.0,1.0,144.58
Super built-up  Area,19-Dec,Chikkaballapur Road,3 BHK,,1270,3.0,1.0,81.63
Super built-up  Area,19-Dec,BTM Layout,2 BHK,,1024,1.0,1.0,80.95
Built-up  Area,Ready To Move,Jayanagar,4 BHK,,2389,5.0,2.0,292.87
Built-up  Area,19-Dec,Nagarbhavi,3 BHK,Society_162,1690 - 1790,3.0,0.0,116.65
Plot  Area,Ready To Move,Richmond Town,4 BHK,Society_198,2473 - 2573,5.0,0.0,499.4
Super built-up  Area,22-Jan,New BEL Road,1 BHK,Society_110,938,1.0,1.0,41.21
Super built-up  Area,Ready To Move,Malleshwaram,3 BHK,Society_111,1299,3.0,1.0,119.16
Super built-up  Area,Ready To Move,Indira Nagar,2 BHK,,966,2.0,0.0,161.52
Built-up  Area,Ready To Move,Kogilu,3 BHK,,1638,3.0,3.0,75.06
Super built-up  Area,Ready To Move,Padmanabhanagar,3 BHK,,1757,2.0,2.0,87.98
Super built-up  Area,Ready To Move,Bommanahalli,3 BHK,,1575,2.0,1.0,80.88
Super built-up  Area,Ready To Move,Lingarajapuram,2 BHK,Society_154,962 - 1062,2.0,0.0,60.37
Plot  Area,Ready To Move,Hosa Road,2 BHK,,1215,1.0,1.0,93.49
Super built-up  Area,Ready To Move,Jayanagar,3 BHK,Society_188,1418,3.0,0.0,209.74
Built-up  Area,22-Jan,Kanakapura Road,3 BHK,,1789,2.0,3.0,84.85
Super built-up  Area,Ready To Move,Vasanth Nagar,3 BHK,,1669,3.0,0.0,245.78
Plot  Area,19-Dec,Basavanagudi,2 BHK,,1276,2.0,2.0,184.12
Built-up  Area,Ready To Move,Magadi Road,3 BHK,,1688,2.0,2.0,93.01
Plot  Area,Ready To Move,Cox Town,3 BHK,Society_17,1660 - 1760,4.0,2.0,126.72
Super built-up  Area,Ready To Move,HRBR Layout,2 BHK,Society_63,838 - 938,1.0,2.0,49.1
Built-up  Area,Ready To Move,Old Airport Road,2 BHK,Society_177,829,2.0,0.0,98.98
Carpet  Area,Ready To Move,Horamavu Agara,4 BHK,Society_92,2106 - 2206,3.0,1.0,131.7
Plot  Area,Ready To Move,Devanahalli,3 BHK,Society_84,1410,3.0,3.0,80.85
Built-up  Area,Ready To Move,Kanakapura Road,4 BHK,,2371 - 2471,5.0,1.0,155.81
Super built-up  Area,Ready To Move,Anekal,4 BHK,Society_137,2252,4.0,1.0,71.05
Built-up  Area,Ready To Move,Jakkur,5 BHK,,3452,5.0,2.0,267.18
Built-up  Area,22-Jan,Chamrajpet,2 BHK,,1307,2.0,2.0,68.72
Carpet  Area,19-Dec,Budigere Cross,4 BHK,,2458,3.0,2.0,108.53
Super built-up  Area,Ready To Move,Hosa Road,4 BHK,Society_121,2593,3.0,3.0,155.83
Super built-up  Area,Ready To Move,Benson Town,2 BHK,,994,2.0,2.0,61.74
Super built-up  Area,Ready To Move,Bagalur,3 BHK,Society_24,1651,2.0,1.0,105.01
Super built-up  Area,19-Dec,Varthur,3 BHK,,1758,3.0,0.0,90.09
Built-up  Area,Ready To Move,Akshaya Nagar,2 BHK,Society_151,896,1.0,1.0,47.51
Built-up  Area,22-Jan,Brigade Road,3 BHK,,1395,3.0,1.0,247.43
Carpet  Area,Ready To Move,JP Nagar,2 BHK,,1120,2.0,1.0,90.08
Super built-up  Area,Ready To Move,Jakkur,4 BHK,,2438,3.0,3.0,165.4
Super built-up  Area,22-Jan,Cunningham Road,3 BHK,Society_63,1421,3.0,1.0,266.92
Carpet  Area,22-Jan,Jayanagar,3 BHK,Society_38,1617 - 1717,4.0,0.0,252.63
Super built-up  Area,Ready To Move,Uttarahalli,2 BHK,,1131 - 1231,3.0,0.0,77.99
Plot  Area,Ready To Move,Kudlu Gate,3 BHK,Society_162,1750,3.0,0.0,123.8
Plot  Area,19-Dec,Rajaji Nagar,2 BHK,Society_75,1065 - 1165,2.0,2.0,120.92
Super built-up  Area,22-Jan,MG Road,2 BHK,,953 - 1053,2.0,1.0,213.86
Super built-up  Area,Ready To Move,Nayandahalli,3 BHK,Society_137,1300,3.0,2.0,62.34
Built-up  Area,Ready To Move,Vidyaranyapura,2 BHK,Society_183,1025,2.0,0.0,55.57
Built-up  Area,Ready To Move,Indira Nagar,3 BHK,Society_58,1568,2.0,2.0,264.57
Carpet  Area,Ready To Move,Hebbal,2 BHK,,1277 - 1377,1.0,1.0,107.54
Super built-up  Area,Ready To Move,Sadashiva Nagar,3 BHK,,1385,3.0,1.0,270.44
Super built-up  Area,Ready To Move,Richmond Town,2 BHK,Society_78,886,2.0,1.0,117.24
Built-up  Area,22-Jan,Sahakara Nagar,4 BHK,,2542,5.0,2.0,143.18
Plot  Area,19-Dec,HSR Layout,2 BHK,Society_64,1141,2.0,0.0,100.58
Plot  Area,Ready To Move,Laggere,3 BHK,Society_130,1449,3.0,3.0,113.59
Super built-up  Area,19-Dec,Rajaji Nagar,2 BHK,,1156,3.0,2.0,126.25
Super built-up  Area,Ready To Move,Peenya,5 BHK,,3380,4.0,2.0,239.25
Plot  Area,Ready To Move,Vidyaranyapura,4 BHK,Society_170,2160,4.0,2.0,134.65
Carpet  Area,Ready To Move,Budigere Cross,2 BHK,,1108,2.0,2.0,47.63
Built-up  Area,22-Jan,Hosa Road,1 BHK,,565 - 665,1.0,1.0,44.33
Built-up  Area,19-Dec,Akshaya Nagar,3 BHK,,1262,3.0,1.0,96.7
Plot  Area,19-Dec,Padmanabhanagar,1 BHK,Society_88,478 - 578,2.0,1.0,26.31
Super built-up  Area,19-Dec,Hulimavu,2 BHK,Society_139,990,2.0,2.0,56.09
Built-up  Area,22-Jan,Hulimavu,5 BHK,,3573,5.0,1.0,201.44
Built-up  Area,22-Jan,Attibele,3 BHK,Society_133,1606 - 1706,3.0,0.0,87.56
Super built-up  Area,22-Jan,Whitefield,3 BHK,,1468,4.0,1.0,78.51
Super built-up  Area,Ready To Move,Hoodi,3 BHK,,1779,3.0,3.0,98.35
Built-up  Area,Ready To Move,Narayanapura,2 BHK,,1045,1.0,2.0,55.39
Super built-up  Area,Ready To Move,Ulsoor,2 BHK,,1012,1.0,0.0,126.37
Plot  Area,Ready To Move,Richmond Town,3 BHK,Society_191,1563,3.0,1.0,264.94
Super built-up  Area,Ready To Move,Padmanabhanagar,2 BHK,,1215,2.0,1.0,78.76
Built-up  Area,22-Jan,Benson Town,2 BHK,,1142,2.0,2.0,69.19
Super built-up  Area,Ready To Move,Yeshwanthpur,2 BHK,,959,2.0,2.0,44.61
Built-up  Area,22-Jan,Banaswadi,3 BHK,Society_173,1542 - 1642,4.0,2.0,99.0
Super built-up  Area,19-Dec,Sarjapur Road,3 BHK,Society_191,1568,2.0,0.0,124.78
Carpet  Area,Ready To Move,Rajaji Nagar,4 BHK,,2285,4.0,0.0,264.12
Super built-up  Area,19-Dec,New BEL Road,3 BHK,Society_14,1477 - 1577,3.0,1.0,94.28
Super built-up  Area,22-Jan,Hosa Road,3 BHK,Society_132,1403,2.0,2.0,94.19
Built-up  Area,Ready To Move,Bannerghatta Road,3 BHK,,1481,4.0,3.0,110.63
Built-up  Area,Ready To Move,Old Airport Road,4 BHK,Society_16,2304,4.0,0.0,199.41
Super built-up  Area,19-Dec,Mahadevapura,3 BHK,,1746,2.0,1.0,102.92
Built-up  Area,Ready To Move,Hennur Road,2 BHK,,964,1.0,1.0,47.83
Built-up  Area,Ready To Move,Bagalur,3 BHK,Society_97,1561,3.0,0.0,92.34
Super built-up  Area,Ready To Move,Marathahalli,3 BHK,,1395 - 1495,3.0,3.0,80.05
Plot  Area,Ready To Move,Bommasandra,2 BHK,Society_112,1193,1.0,1.0,80.45
Super built-up  Area,Ready To Move,Vijayanagar,3 BHK,,1397,3.0,3.0,63.55
Super built-up  Area,Ready To Move,MG Road,2 BHK,,1142,2.0,1.0,243.38
Built-up  Area,19-Dec,Akshaya Nagar,5 BHK,Society_128,3437,5.0,1.0,217.6
Built-up  Area,Ready To Move,Kudlu Gate,2 BHK,Society_38,1184,1.0,2.0,82.19
Built-up  Area,22-Jan,Malleshwaram,4 BHK,Society_184,2029 - 2129,4.0,1.0,229.86
Carpet  Area,Ready To Move,Rachenahalli,2 BHK,Society_128,1313,1.0,1.0,88.25
Super built-up  Area,22-Jan,BTM Layout,4 BHK,,2125,3.0,1.0,187.31
Super built-up  Area,Ready To Move,Padmanabhanagar,2 BHK,,1251,2.0,2.0,62.53
Plot  Area,Ready To Move,Uttarahalli,3 BHK,,1519 - 1619,2.0,2.0,100.14
Super built-up  Area,22-Jan,Hoodi,3 BHK,Society_10,1404,4.0,1.0,70.04
Plot  Area,22-Jan,Hosa Road,2 BHK,,923,2.0,1.0,51.92
Super built-up  Area,Ready To Move,Vijayanagar,2 BHK,,1184,3.0,1.0,77.21
Super built-up  Area,19-Dec,Haralur Road,2 BHK,,1304,2.0,2.0,87.12
Super built-up  Area,19-Dec,Chikkaballapur Road,3 BHK,Society_69,1480,4.0,3.0,81.17
Super built-up  Area,Ready To Move,Jakkur,4 BHK,Society_142,2565,4.0,2.0,146.75
Carpet  Area,Ready To Move,Raja Rajeshwari Nagar,3 BHK,,1262,3.0,1.0,64.67
Plot  Area,Ready To Move,Banashankari,2 BHK,,1140,1.0,1.0,80.38
Built-up  Area,19-Dec,Adugodi,3 BHK,,1439 - 1539,4.0,2.0,67.66
Super built-up  Area,Ready To Move,Jayanagar,2 BHK,,936,3.0,0.0,125.78
Super built-up  Area,19-Dec,JP Nagar,2 BHK,,1170 - 1270,2.0,2.0,92.88
Built-up  Area,Ready To Move,Koramangala,1 BHK,,659,1.0,1.0,102.66
Super built-up  Area,Ready To Move,Magadi Road,3 BHK,Society_89,1768,2.0,1.0,119.67
Plot  Area,Ready To Move,Kasturi Nagar,2 BHK,,1252,1.0,1.0,78.79
Built-up  Area,Ready To Move,HSR Layout,5 BHK,,3663 - 3763,6.0,3.0,304.97
Super built-up  Area,22-Jan,Mahadevapura,2 BHK,,1198,1.0,2.0,61.09
Built-up  Area,22-Jan,Yelahanka,3 BHK,,1497,4.0,0.0,111.38
Super built-up  Area,Ready To Move,Kammanahalli,3 BHK,Society_80,1568,3.0,3.0,110.61
Super built-up  Area,Ready To Move,Ulsoor,4 BHK,,2213,5.0,1.0,232.21
Super built-up  Area,Ready To Move,Koramangala,3 BHK,,1617,3.0,2.0,225.71
Super built-up  Area,19-Dec,Sadashiva Nagar,3 BHK,Society_132,1536,2.0,2.0,234.19
Super built-up  Area,19-Dec,Electronic City,3 BHK,Society_37,1611 - 1711,3.0,1.0,74.31
Carpet  Area,Ready To Move,Banashankari,1 BHK,,877,1.0,1.0,50.59
Super built-up  Area,19-Dec,Kumaraswamy Layout,3 BHK,,1438,3.0,1.0,87.77
Plot  Area,22-Jan,Attibele,2 BHK,,1111,1.0,1.0,48.12
Built-up  Area,19-Dec,Kudlu Gate,4 BHK,,2299 - 2399,3.0,2.0,137.99
Carpet  Area,19-Dec,Lavelle Road,4 BHK,,2544,3.0,1.0,553.28
Carpet  Area,22-Jan,Jakkur,3 BHK,Society_64,1758,3.0,2.0,114.99
Built-up  Area,Ready To Move,Banashankari,3 BHK,Society_195,1686,2.0,1.0,104.59
Super built-up  Area,Ready To Move,Indira Nagar,2 BHK,Society_41,1032,2.0,1.0,122.92
Super built-up  Area,Ready To Move,Rachenahalli,3 BHK,Society_114,1396,3.0,1.0,77.43
Super built-up  Area,Ready To Move,RT Nagar,2 BHK,,1110,2.0,1.0,49.35
Carpet  Area,19-Dec,BTM Layout,3 BHK,,1380,3.0,2.0,124.01
Super built-up  Area,Ready To Move,Ramamurthy Nagar,2 BHK,Society_178,825,3.0,0.0,40.15
Super built-up  Area,19-Dec,Attibele,5 BHK,Society_153,3623 - 3723,5.0,1.0,232.19
Super built-up  Area,22-Jan,Chandapura,5 BHK,,3342 - 3442,5.0,3.0,138.15
Super built-up  Area,Ready To Move,Yeshwanthpur,1 BHK,,700,1.0,1.0,33.74
Built-up  Area,Ready To Move,Sadashiva Nagar,3 BHK,Society_10,1465,3.0,2.0,235.53
Built-up  Area,Ready To Move,Hulimavu,5 BHK,Society_111,3466 - 3566,5.0,1.0,245.15
Built-up  Area,19-Dec,Anekal,4 BHK,,2100,4.0,3.0,72.3
Super built-up  Area,Ready To Move,Jakkur,1 BHK,,851,1.0,1.0,55.64
Built-up  Area,Ready To Move,Kadugodi,2 BHK,,1058,3.0,1.0,66.79
Super built-up  Area,Ready To Move,Gottigere,2 BHK,Society_98,1119,1.0,2.0,75.35
Built-up  Area,Ready To Move,Marathahalli,3 BHK,Society_184,1798,3.0,1.0,135.74
Carpet  Area,Ready To Move,HRBR Layout,4 BHK,,2258,3.0,1.0,121.14
Plot  Area,19-Dec,Mahadevapura,3 BHK,,1470,3.0,2.0,93.45
Super built-up  Area,Ready To Move,MG Road,5 BHK,,3422 - 3522,4.0,1.0,666.36
Built-up  Area,Ready To Move,Jayanagar,1 BHK,Society_36,469,1.0,0.0,66.32
Built-up  Area,Ready To Move,Haralur Road,2 BHK,Society_34,818,2.0,1.0,50.56
Plot  Area,19-Dec,Rachenahalli,2 BHK,,1300,2.0,1.0,78.88
Super built-up  Area,22-Jan,Nayandahalli,3 BHK,,1700,3.0,2.0,104.53
Plot  Area,Ready To Move,Rachenahalli,5 BHK,Society_104,3373 - 3473,5.0,1.0,212.39
Plot  Area,Ready To Move,Hosa Road,3 BHK,,1419,2.0,2.0,75.26
Super built-up  Area,Ready To Move,Whitefield,4 BHK,,2318,4.0,1.0,165.92
Carpet  Area,Ready To Move,Electronic City,4 BHK,,2510,4.0,1.0,120.59
Super built-up  Area,Ready To Move,Fraser Town,3 BHK,,1387,3.0,0.0,97.71
Built-up  Area,Ready To Move,Raja Rajeshwari Nagar,3 BHK,Society_73,1517 - 1617,2.0,0.0,79.32
Plot  Area,22-Jan,Kumaraswamy Layout,5 BHK,,3718 - 3818,5.0,1.0,284.43
Plot  Area,Ready To Move,Adugodi,3 BHK,,1571,3.0,3.0,129.41
Super built-up  Area,19-Dec,Koramangala,2 BHK,,1029 - 1129,2.0,2.0,133.66
Plot  Area,Ready To Move,Indira Nagar,3 BHK,,1589,2.0,0.0,333.54
Plot  Area,22-Jan,Banashankari,3 BHK,,1655,3.0,2.0,118.73
Super built-up  Area,19-Dec,Kasturi Nagar,3 BHK,,1662,4.0,0.0,107.5
Super built-up  Area,19-Dec,Kammanahalli,3 BHK,Society_188,1675,2.0,2.0,136.46
Super built-up  Area,Ready To Move,Begur Road,5 BHK,Society_25,3354,5.0,0.0,259.66
Built-up  Area,Ready To Move,New BEL Road,4 BHK,,2548,3.0,2.0,164.2
Carpet  Area,Ready To Move,Girinagar,3 BHK,Society_50,1427 - 1527,3.0,0.0,69.1
Super built-up  Area,Ready To Move,Begur Road,4 BHK,Society_148,2443 - 2543,5.0,1.0,169.94
Super built-up  Area,Ready To Move,Banaswadi,3 BHK,Society_26,1471,3.0,2.0,92.8
Super built-up  Area,Ready To Move,Ramamurthy Nagar,2 BHK,,829,2.0,2.0,58.46
Super built-up  Area,22-Jan,Lingarajapuram,2 BHK,Society_181,917,2.0,1.0,50.91
Built-up  Area,Ready To Move,Hoodi,4 BHK,,2531,4.0,0.0,143.04
Super built-up  Area,19-Dec,Chamrajpet,5 BHK,,3706,6.0,1.0,274.7
Super built-up  Area,Ready To Move,Jigani,2 BHK,,1093 - 1193,2.0,0.0,69.49
Super built-up  Area,22-Jan,Banaswadi,2 BHK,,862,2.0,1.0,50.63
Super built-up  Area,22-Jan,Kalyan Nagar,4 BHK,,2167,5.0,1.0,173.15
Built-up  Area,Ready To Move,Bommanahalli,2 BHK,Society_118,1152,2.0,1.0,81.94
Super built-up  Area,19-Dec,Arekere,2 BHK,Society_82,942,1.0,2.0,58.73
Built-up  Area,Ready To Move,Sarjapur Road,4 BHK,,2057,4.0,1.0,122.88
Carpet  Area,Ready To Move,Narayanapura,3 BHK,,1797,3.0,2.0,96.92
Plot  Area,Ready To Move,Rajarajeshwari Nagara,3 BHK,Society_28,1680,2.0,1.0,122.33
Super built-up  Area,22-Jan,Begur Road,3 BHK,Society_169,1487,4.0,2.0,66.75
Super built-up  Area,22-Jan,Benson Town,3 BHK,Society_161,1523,2.0,2.0,104.75
Built-up  Area,Ready To Move,Malleshwaram,5 BHK,Society_189,3883,5.0,1.0,417.55
Carpet  Area,Ready To Move,Electronic City,2 BHK,Society_142,848 - 948,1.0,0.0,44.28
Built-up  Area,Ready To Move,MG Road,2 BHK,,893,1.0,2.0,147.03
Super built-up  Area,Ready To Move,Bommanahalli,3 BHK,Society_131,1470,3.0,2.0,78.3
Built-up  Area,Ready To Move,Marathahalli,4 BHK,Society_5,2482,4.0,3.0,148.79
Super built-up  Area,22-Jan,BTM Layout,3 BHK,,1675,3.0,1.0,112.3
Super built-up  Area,Ready To Move,Sarjapur Road,2 BHK,Society_82,1249,3.0,1.0,69.83
Super built-up  Area,22-Jan,Sahakara Nagar,2 BHK,Society_128,1306,2.0,2.0,93.08
Built-up  Area,Ready To Move,Old Airport Road,2 BHK,,1152 - 1252,2.0,1.0,131.63
Built-up  Area,19-Dec,Sadashiva Nagar,3 BHK,,1440,2.0,3.0,213.37
Carpet  Area,19-Dec,RT Nagar,2 BHK,,1101,3.0,2.0,64.7
Super built-up  Area,19-Dec,Kogilu,2 BHK,,1021 - 1121,3.0,1.0,56.71
Super built-up  Area,Ready To Move,Attibele,2 BHK,Society_90,1331,2.0,2.0,86.62
Built-up  Area,22-Jan,Hoodi,4 BHK,,2160,5.0,1.0,116.59
Super built-up  Area,22-Jan,Vasanth Nagar,2 BHK,Society_53,1306,2.0,0.0,185.66
Super built-up  Area,22-Jan,Wilson Garden,3 BHK,,1466,3.0,0.0,122.36
Plot  Area,Ready To Move,Arekere,2 BHK,,886,2.0,1.0,70.46
Super built-up  Area,19-Dec,Bannerghatta Road,4 BHK,Society_95,2512,4.0,3.0,115.07
Built-up  Area,19-Dec,Kasturi Nagar,3 BHK,,1633,3.0,1.0,120.51
Built-up  Area,Ready To Move,RT Nagar,4 BHK,,2163,5.0,2.0,149.02
Built-up  Area,22-Jan,Kudlu Gate,3 BHK,Society_31,1642,3.0,0.0,112.01
Built-up  Area,Ready To Move,Akshaya Nagar,2 BHK,,1150,3.0,2.0,87.96
Super built-up  Area,Ready To Move,Budigere Cross,2 BHK,,1145,1.0,0.0,111.44
Super built-up  Area,Ready To Move,Koramangala,3 BHK,,1443,3.0,0.0,177.08
Built-up  Area,19-Dec,Bommanahalli,1 BHK,Society_103,721,1.0,1.0,32.87
Carpet  Area,Ready To Move,Benson Town,4 BHK,Society_31,2543,4.0,2.0,137.36
Built-up  Area,19-Dec,Horamavu Agara,3 BHK,Society_11,1424,3.0,2.0,113.6
Super built-up  Area,19-Dec,Lavelle Road,3 BHK,,1572 - 1672,2.0,2.0,285.8
Plot  Area,22-Jan,Lingarajapuram,2 BHK,Society_8,873,1.0,0.0,70.14
Built-up  Area,Ready To Move,Old Madras Road,1 BHK,,624,1.0,1.0,39.32
Carpet  Area,22-Jan,Kammanahalli,3 BHK,Society_130,1549,3.0,2.0,65.91
Super built-up  Area,22-Jan,Sarjapur Road,5 BHK,,3858,5.0,1.0,192.06
Built-up  Area,Ready To Move,Budigere Cross,3 BHK,Society_152,1599,4.0,1.0,91.98
Built-up  Area,Ready To Move,Bannerghatta Road,2 BHK,,1205 - 1305,2.0,2.0,86.11
Super built-up  Area,Ready To Move,Bommanahalli,3 BHK,,1258,2.0,1.0,72.71
Super built-up  Area,Ready To Move,Marathahalli,2 BHK,,1265 - 1365,2.0,1.0,76.83
Carpet  Area,22-Jan,Fraser Town,2 BHK,Society_84,1176,2.0,1.0,67.21
Built-up  Area,Ready To Move,Fraser Town,2 BHK,Society_113,1098,2.0,1.0,79.16
Built-up  Area,22-Jan,Hebbal,4 BHK,Society_90,2284,4.0,1.0,198.06
Super built-up  Area,Ready To Move,Chandapura,2 BHK,,1218,2.0,1.0,46.34
Plot  Area,22-Jan,Padmanabhanagar,4 BHK,,2252,4.0,2.0,176.32
Super built-up  Area,Ready To Move,Vidyaranyapura,3 BHK,Society_25,1444,4.0,2.0,89.33
Built-up  Area,Ready To Move,Budigere Cross,4 BHK,Society_10,2116,4.0,0.0,131.32
Super built-up  Area,19-Dec,Padmanabhanagar,3 BHK,,1428,3.0,1.0,103.06
Super built-up  Area,22-Jan,Yeshwanthpur,1 BHK,Society_170,442,1.0,1.0,26.39
Carpet  Area,Ready To Move,Varthur,2 BHK,Society_127,822,2.0,1.0,43.49
Super built-up  Area,Ready To Move,Jalahalli,3 BHK,Society_50,1731,3.0,2.0,128.36
Plot  Area,Ready To Move,MG Road,4 BHK,,2198,3.0,1.0,404.54
Carpet  Area,Ready To Move,Lingarajapuram,4 BHK,,2059,4.0,3.0,107.68
Plot  Area,Ready To Move,Banaswadi,3 BHK,,1756,4.0,0.0,122.8
Built-up  Area,Ready To Move,Hennur Road,2 BHK,Society_171,826,3.0,1.0,52.87
Built-up  Area,Ready To Move,Bannerghatta Road,4 BHK,Society_114,2091,4.0,3.0,125.78
Super built-up  Area,19-Dec,Lingarajapuram,3 BHK,Society_68,1735,3.0,2.0,110.64
Built-up  Area,Ready To Move,HSR Layout,2 BHK,Society_112,1026,2.0,1.0,112.0
Carpet  Area,Ready To Move,Uttarahalli,2 BHK,Society_158,1026,2.0,1.0,68.7
Super built-up  Area,19-Dec,Old Airport Road,3 BHK,,1573,3.0,1.0,147.31
Super built-up  Area,Ready To Move,New BEL Road,2 BHK,,1191 - 1291,2.0,2.0,88.58
Super built-up  Area,Ready To Move,Fraser Town,3 BHK,Society_184,1477,4.0,1.0,124.86
Built-up  Area,Ready To Move,CV Raman Nagar,3 BHK,,1667,4.0,1.0,110.52
Built-up  Area,Ready To Move,Sahakara Nagar,4 BHK,,2082,5.0,2.0,130.49
Carpet  Area,Ready To Move,Yeshwanthpur,2 BHK,Society_61,1008,1.0,1.0,72.41
Super built-up  Area,Ready To Move,Kammanahalli,4 BHK,,2549,4.0,3.0,160.65
Built-up  Area,22-Jan,Sahakara Nagar,2 BHK,,863,2.0,1.0,36.71
Super built-up  Area,Ready To Move,Jigani,3 BHK,,1398,2.0,2.0,84.58
Super built-up  Area,19-Dec,Ramamurthy Nagar,2 BHK,,1119,3.0,2.0,77.0
Built-up  Area,Ready To Move,Laggere,2 BHK,,893,1.0,2.0,55.88
Super built-up  Area,19-Dec,Wilson Garden,1 BHK,,660 - 760,1.0,1.0,55.76
Super built-up  Area,Ready To Move,Bannerghatta Road,3 BHK,,1463,3.0,2.0,105.93
Super built-up  Area,Ready To Move,Hennur Road,4 BHK,,2390,3.0,3.0,132.33
Super built-up  Area,Ready To Move,Basaveshwara Nagar,4 BHK,Society_48,2530 - 2630,4.0,1.0,200.74
Super built-up  Area,Ready To Move,Kanakapura Road,3 BHK,Society_131,1695,2.0,2.0,113.12
Super built-up  Area,22-Jan,Jalahalli,3 BHK,,1590,3.0,0.0,104.8
Super built-up  Area,Ready To Move,Marathahalli,4 BHK,,2443,5.0,0.0,184.62
Super built-up  Area,Ready To Move,RT Nagar,2 BHK,Society_59,1027,2.0,0.0,57.94
Super built-up  Area,Ready To Move,Uttarahalli,2 BHK,,1056,2.0,2.0,59.87
Plot  Area,Ready To Move,Koramangala,5 BHK,Society_198,3749,5.0,0.0,518.91
Super built-up  Area,Ready To Move,Bommasandra,2 BHK,,766 - 866,2.0,1.0,57.98
Super built-up  Area,Ready To Move,Narayanapura,2 BHK,Society_179,1227,3.0,0.0,65.72
Carpet  Area,Ready To Move,Hormavu,4 BHK,,2284,4.0,2.0,161.71
Built-up  Area,19-Dec,Benson Town,2 BHK,Society_176,914,3.0,2.0,50.28
Built-up  Area,Ready To Move,Vijayanagar,3 BHK,Society_143,1542,3.0,1.0,113.83
Super built-up  Area,22-Jan,Horamavu Agara,3 BHK,Society_43,1748,2.0,2.0,91.29
Plot  Area,19-Dec,Koramangala,4 BHK,Society_37,2386,5.0,1.0,360.72
Carpet  Area,19-Dec,Jakkur,2 BHK,Society_169,1289 - 1389,2.0,0.0,87.71
Super built-up  Area,Ready To Move,Laggere,3 BHK,Society_60,1644,4.0,1.0,102.17
Built-up  Area,Ready To Move,Hulimavu,3 BHK,Society_181,1390 - 1490,3.0,2.0,99.92
Carpet  Area,Ready To Move,Padmanabhanagar,3 BHK,Society_28,1308,4.0,0.0,92.07
Built-up  Area,22-Jan,Ejipura,3 BHK,Society_24,1682,3.0,1.0,140.33
Super built-up  Area,Ready To Move,Hormavu,4 BHK,Society_11,2054,4.0,0.0,102.38
Built-up  Area,Ready To Move,Kasturi Nagar,1 BHK,,780,1.0,1.0,53.11
Carpet  Area,Ready To Move,Hormavu,3 BHK,,1670,4.0,2.0,98.24
Super built-up  Area,22-Jan,Sahakara Nagar,4 BHK,Society_29,2189,4.0,2.0,126.48
Super built-up  Area,Ready To Move,Banashankari,4 BHK,Society_72,2324,5.0,2.0,140.96
Built-up  Area,22-Jan,Basaveshwara Nagar,4 BHK,,2479,5.0,0.0,135.72
Super built-up  Area,Ready To Move,Kumaraswamy Layout,3 BHK,Society_41,1330,2.0,3.0,77.71
Plot  Area,Ready To Move,Marathahalli,2 BHK,,954,2.0,2.0,65.55
Plot  Area,Ready To Move,HSR Layout,3 BHK,Society_70,1281,3.0,2.0,176.51
Super built-up  Area,Ready To Move,Mahadevapura,4 BHK,,2468,4.0,0.0,159.93
Super built-up  Area,22-Jan,Basaveshwara Nagar,3 BHK,Society_191,1522,2.0,2.0,67.71
Super built-up  Area,22-Jan,Peenya,5 BHK,Society_162,3503,5.0,0.0,247.27
Carpet  Area,Ready To Move,Marathahalli,2 BHK,,1258,2.0,2.0,96.09
Built-up  Area,Ready To Move,Kasturi Nagar,3 BHK,Society_106,1377,3.0,2.0,83.83
Super built-up  Area,Ready To Move,JP Nagar,3 BHK,,1544,3.0,1.0,138.36
Built-up  Area,22-Jan,Jakkur,4 BHK,,2065,4.0,0.0,123.12
Plot  Area,Ready To Move,Lingarajapuram,3 BHK,Society_150,1692,3.0,2.0,123.12
Built-up  Area,Ready To Move,Sahakara Nagar,3 BHK,,1369,3.0,1.0,76.44
Plot  Area,22-Jan,Uttarahalli,2 BHK,,1327,2.0,0.0,91.04
Plot  Area,19-Dec,Cunningham Road,3 BHK,,1487,3.0,3.0,255.7
Carpet  Area,Ready To Move,Koramangala,1 BHK,Society_132,865,1.0,0.0,121.94
Built-up  Area,Ready To Move,Raja Rajeshwari Nagar,2 BHK,,934,3.0,1.0,51.51
Super built-up  Area,Ready To Move,Nayandahalli,5 BHK,,3580,4.0,1.0,232.68
Built-up  Area,22-Jan,Sahakara Nagar,2 BHK,,1314,2.0,2.0,69.3
Carpet  Area,Ready To Move,Laggere,2 BHK,Society_58,852,1.0,2.0,41.96
Built-up  Area,Ready To Move,HBR Layout,3 BHK,,1542,3.0,3.0,93.26
Super built-up  Area,Ready To Move,Ejipura,4 BHK,,2368,4.0,2.0,177.24
Plot  Area,Ready To Move,Magadi Road,3 BHK,,1672,2.0,3.0,103.36
Super built-up  Area,19-Dec,Mysore Road,5 BHK,,3746,5.0,1.0,208.77
Super built-up  Area,Ready To Move,Koramangala,3 BHK,,1788,3.0,0.0,257.47
Super built-up  Area,22-Jan,Ejipura,3 BHK,Society_91,1586,3.0,0.0,122.24
Built-up  Area,Ready To Move,Begur Road,2 BHK,,935,1.0,2.0,55.3
Plot  Area,22-Jan,Hulimavu,3 BHK,Society_74,1582 - 1682,3.0,0.0,128.44
Plot  Area,Ready To Move,JP Nagar,4 BHK,Society_169,2117,4.0,0.0,195.0
Super built-up  Area,19-Dec,Kadugodi,3 BHK,,1460,4.0,3.0,99.95
Super built-up  Area,Ready To Move,Kanakapura Road,3 BHK,,1380,3.0,2.0,90.69
Super built-up  Area,Ready To Move,Bagalur,2 BHK,,991,2.0,2.0,57.28
Built-up  Area,Ready To Move,Richmond Town,2 BHK,,1303,2.0,2.0,217.35
Super built-up  Area,Ready To Move,Raja Rajeshwari Nagar,3 BHK,Society_105,1641,3.0,0.0,58.34
Carpet  Area,22-Jan,Magadi Road,3 BHK,,1628,3.0,1.0,81.71
Super built-up  Area,Ready To Move,New BEL Road,4 BHK,,2462,5.0,1.0,139.3
Built-up  Area,Ready To Move,Kadugodi,1 BHK,Society_166,680,1.0,1.0,40.96
Carpet  Area,Ready To Move,Kadugodi,2 BHK,Society_7,1020,2.0,0.0,64.72
Super built-up  Area,19-Dec,Peenya,2 BHK,Society_122,847,1.0,2.0,49.91
Carpet  Area,19-Dec,Uttarahalli,3 BHK,,1425,4.0,0.0,103.63
Super built-up  Area,Ready To Move,CV Raman Nagar,2 BHK,,904,2.0,2.0,57.65
Plot  Area,Ready To Move,Old Madras Road,2 BHK,Society_142,949,2.0,1.0,69.58
Plot  Area,Ready To Move,BTM Layout,4 BHK,,2574,3.0,0.0,293.75
Super built-up  Area,Ready To Move,Narayanapura,4 BHK,,2209,5.0,2.0,140.77
Super built-up  Area,Ready To Move,Girinagar,4 BHK,,2586,5.0,2.0,126.16
Super built-up  Area,Ready To Move,Mysore Road,2 BHK,Society_40,1092,3.0,0.0,67.36
Built-up  Area,Ready To Move,Benson Town,3 BHK,,1210 - 1310,3.0,1.0,84.89
Built-up  Area,Ready To Move,Ejipura,4 BHK,Society_12,2317,4.0,1.0,154.32
Built-up  Area,Ready To Move,Cox Town,2 BHK,Society_73,1315,3.0,2.0,82.32
Plot  Area,22-Jan,Gottigere,2 BHK,Society_92,1052,2.0,1.0,43.14
Super built-up  Area,Ready To Move,Old Airport Road,3 BHK,,1497,3.0,2.0,164.83
Super built-up  Area,22-Jan,JP Nagar,2 BHK,,1215,1.0,2.0,79.72
Carpet  Area,Ready To Move,Ejipura,5 BHK,,3609 - 3709,6.0,2.0,319.3
Super built-up  Area,19-Dec,Hoodi,3 BHK,Society_55,1769,2.0,1.0,83.28
Carpet  Area,19-Dec,Mysore Road,1 BHK,Society_49,788 - 888,2.0,1.0,48.66
Built-up  Area,Ready To Move,Horamavu Agara,3 BHK,,1745,3.0,1.0,101.77
Carpet  Area,22-Jan,Gottigere,4 BHK,,2036 - 2136,3.0,2.0,139.29
Super built-up  Area,19-Dec,Begur Road,4 BHK,,2285,3.0,1.0,118.59
Super built-up  Area,Ready To Move,Basavanagudi,2 BHK,Society_170,860,2.0,1.0,100.59
Super built-up  Area,Ready To Move,Akshaya Nagar,3 BHK,Society_46,1351,3.0,2.0,105.17
Super built-up  Area,Ready To Move,Vasanth Nagar,3 BHK,,1496,3.0,1.0,264.27
Plot  Area,22-Jan,Padmanabhanagar,5 BHK,,3847,5.0,2.0,293.22
Super built-up  Area,19-Dec,Hennur Road,2 BHK,Society_87,1214,2.0,1.0,87.3
Super built-up  Area,Ready To Move,Vasanth Nagar,3 BHK,,1641,3.0,0.0,240.37
Plot  Area,Ready To Move,Marathahalli,2 BHK,Society_125,1219,3.0,0.0,100.29
Super built-up  Area,19-Dec,Thanisandra,2 BHK,,1012,2.0,0.0,38.31
Super built-up  Area,19-Dec,Basaveshwara Nagar,3 BHK,Society_50,1287,4.0,3.0,73.63
Super built-up  Area,Ready To Move,Attibele,4 BHK,Society_152,2552,4.0,2.0,130.69
Super built-up  Area,Ready To Move,Hebbal,4 BHK,Society_198,2590,3.0,1.0,175.86
Super built-up  Area,Ready To Move,Hebbal,2 BHK,,1179,2.0,2.0,102.65
Plot  Area,22-Jan,Yeshwanthpur,2 BHK,Society_183,1201,3.0,2.0,78.62
Super built-up  Area,19-Dec,Banashankari,3 BHK,Society_145,1551,4.0,0.0,87.13
Super built-up  Area,Ready To Move,Vijayanagar,2 BHK,,1279,2.0,2.0,65.29
Super built-up  Area,Ready To Move,Horamavu Agara,3 BHK,Society_13,1769,4.0,1.0,153.14
Super built-up  Area,Ready To Move,Hosa Road,2 BHK,,1116,3.0,2.0,71.9
Plot  Area,Ready To Move,Ramamurthy Nagar,4 BHK,,2149,4.0,1.0,134.33
Super built-up  Area,Ready To Move,Fraser Town,4 BHK,Society_133,2546,3.0,2.0,127.55
Carpet  Area,Ready To Move,Benson Town,4 BHK,,2175 - 2275,4.0,1.0,107.78
Built-up  Area,22-Jan,Brigade Road,4 BHK,,2488,4.0,1.0,442.79
Built-up  Area,22-Jan,Hennur Road,2 BHK,,862,1.0,1.0,54.69
Built-up  Area,22-Jan,Budigere Cross,2 BHK,,848,2.0,1.0,51.79
Built-up  Area,22-Jan,Banaswadi,2 BHK,,1024,3.0,2.0,59.53
Super built-up  Area,Ready To Move,Vijayanagar,2 BHK,Society_171,1238,2.0,2.0,66.31
Plot  Area,Ready To Move,Old Airport Road,4 BHK,Society_196,2059 - 2159,4.0,0.0,304.87
Super built-up  Area,19-Dec,Ejipura,3 BHK,,1646,2.0,2.0,105.91
Plot  Area,Ready To Move,Yeshwanthpur,3 BHK,,1668,3.0,2.0,104.97
Built-up  Area,Ready To Move,Kumaraswamy Layout,3 BHK,Society_128,1685,3.0,3.0,85.23
Super built-up  Area,Ready To Move,Narayanapura,2 BHK,Society_114,1137,3.0,1.0,62.85
Built-up  Area,19-Dec,Sarjapur Road,4 BHK,Society_96,2274 - 2374,3.0,2.0,139.93
Built-up  Area,Ready To Move,Bannerghatta Road,4 BHK,,2087,4.0,0.0,144.31
Super built-up  Area,Ready To Move,BTM Layout,4 BHK,,2374,5.0,2.0,207.57
Built-up  Area,Ready To Move,Old Madras Road,2 BHK,,1062,2.0,2.0,65.47
Plot  Area,22-Jan,Rajarajeshwari Nagara,1 BHK,Society_118,849,1.0,0.0,59.27
Built-up  Area,22-Jan,Haralur Road,2 BHK,,1207 - 1307,2.0,2.0,83.83
Plot  Area,22-Jan,Malleshwaram,2 BHK,,1011,2.0,2.0,166.57
Super built-up  Area,Ready To Move,Jayanagar,2 BHK,,1203,2.0,2.0,115.7
Super built-up  Area,19-Dec,Hosa Road,3 BHK,Society_140,1772,4.0,2.0,115.14
Super built-up  Area,Ready To Move,Vasanth Nagar,3 BHK,Society_174,1643 - 1743,2.0,2.0,198.16
Carpet  Area,Ready To Move,Magadi Road,3 BHK,,1501,3.0,0.0,109.01
Super built-up  Area,Ready To Move,Begur Road,3 BHK,,1568,3.0,3.0,98.28
Built-up  Area,Ready To Move,Banaswadi,3 BHK,Society_141,1580,2.0,2.0,91.77
Built-up  Area,22-Jan,Hulimavu,3 BHK,,1730,2.0,2.0,119.31
Super built-up  Area,Ready To Move,Mahadevapura,4 BHK,Society_138,2307,3.0,1.0,175.26
Super built-up  Area,Ready To Move,Ulsoor,3 BHK,,1276,3.0,2.0,151.42
Built-up  Area,Ready To Move,Ramamurthy Nagar,3 BHK,,1274,4.0,1.0,82.74
Super built-up  Area,22-Jan,Kogilu,1 BHK,,849,2.0,1.0,53.58
Built-up  Area,Ready To Move,Fraser Town,2 BHK,Society_188,1318,1.0,0.0,69.87
Super built-up  Area,Ready To Move,Laggere,2 BHK,,971,1.0,0.0,60.72
Built-up  Area,22-Jan,Laggere,2 BHK,Society_106,1006,1.0,2.0,59.24
Super built-up  Area,Ready To Move,Thanisandra,3 BHK,Society_43,1613,3.0,2.0,93.71
Built-up  Area,19-Dec,Jalahalli,3 BHK,,1280,4.0,1.0,71.56
Plot  Area,22-Jan,Ejipura,1 BHK,,741 - 841,1.0,1.0,56.97
Built-up  Area,Ready To Move,Yeshwanthpur,2 BHK,Society_99,869,3.0,1.0,48.12
Super built-up  Area,22-Jan,Mahadevapura,3 BHK,Society_34,1536,3.0,3.0,76.71
Built-up  Area,Ready To Move,Bagalur,4 BHK,,2135,3.0,2.0,149.67
Super built-up  Area,Ready To Move,Kumaraswamy Layout,1 BHK,,818,2.0,1.0,47.22
Built-up  Area,22-Jan,Old Madras Road,3 BHK,Society_178,1344,3.0,1.0,94.08
Built-up  Area,Ready To Move,RT Nagar,3 BHK,,1616,3.0,2.0,97.17
Super built-up  Area,22-Jan,Banaswadi,1 BHK,Society_94,603,1.0,1.0,23.76
Plot  Area,19-Dec,Kalyan Nagar,4 BHK,,2109,4.0,1.0,161.32
Built-up  Area,22-Jan,Sadashiva Nagar,2 BHK,,900,2.0,0.0,158.25
Plot  Area,19-Dec,Thanisandra,3 BHK,,1465,3.0,0.0,63.94
Built-up  Area,Ready To Move,Lavelle Road,4 BHK,Society_76,2166,4.0,0.0,394.84
Plot  Area,Ready To Move,Bommanahalli,4 BHK,Society_122,2472 - 2572,5.0,3.0,192.59
Built-up  Area,19-Dec,Lavelle Road,5 BHK,,3391,5.0,1.0,687.63
Super built-up  Area,Ready To Move,Begur Road,4 BHK,Society_107,2463 - 2563,4.0,0.0,154.31
Super built-up  Area,19-Dec,Narayanapura,1 BHK,Society_33,653,1.0,1.0,38.5
Super built-up  Area,Ready To Move,Mysore Road,4 BHK,,2182,4.0,2.0,142.05
Plot  Area,19-Dec,Hosa Road,4 BHK,,2167,3.0,2.0,144.66
Plot  Area,Ready To Move,Dasarahalli,3 BHK,Society_73,1613,4.0,2.0,129.25
Super built-up  Area,19-Dec,Kudlu Gate,3 BHK,Society_157,1406,3.0,2.0,99.22
Carpet  Area,Ready To Move,Electronic City,3 BHK,Society_10,1443,3.0,1.0,65.89
Super built-up  Area,Ready To Move,Bagalur,4 BHK,Society_149,2473 - 2573,4.0,1.0,138.66
Plot  Area,22-Jan,Old Madras Road,4 BHK,Society_174,2093,4.0,1.0,133.08
Built-up  Area,Ready To Move,Raja Rajeshwari Nagar,4 BHK,Society_93,2344,5.0,2.0,155.49
Super built-up  Area,19-Dec,RT Nagar,2 BHK,Society_188,1337,2.0,1.0,86.09
Built-up  Area,Ready To Move,Devanahalli,1 BHK,,894,1.0,1.0,37.12
Built-up  Area,19-Dec,Bannerghatta Road,3 BHK,Society_107,1551,3.0,3.0,92.74
Super built-up  Area,Ready To Move,Gottigere,2 BHK,,1326,2.0,0.0,81.95
Super built-up  Area,22-Jan,Indira Nagar,4 BHK,,2114,3.0,2.0,262.87
Super built-up  Area,22-Jan,Ejipura,2 BHK,Society_85,1074 - 1174,2.0,2.0,76.78
Built-up  Area,Ready To Move,Banaswadi,1 BHK,,488,1.0,1.0,32.95
Super built-up  Area,Ready To Move,Gottigere,2 BHK,Society_12,1186,2.0,2.0,69.42
Built-up  Area,19-Dec,Kogilu,5 BHK,Society_147,3477,6.0,2.0,168.73
Super built-up  Area,19-Dec,Dasarahalli,3 BHK,Society_148,1790,3.0,1.0,109.85
Super built-up  Area,19-Dec,Kudlu Gate,2 BHK,,1131,2.0,2.0,79.75
Super built-up  Area,19-Dec,Jayanagar,2 BHK,,1203,2.0,1.0,145.42
Super built-up  Area,19-Dec,Hennur Road,3 BHK,,1265,3.0,2.0,84.27
Plot  Area,19-Dec,Rachenahalli,3 BHK,Society_93,1688,3.0,1.0,116.99
Super built-up  Area,19-Dec,BTM Layout,3 BHK,,1783,3.0,3.0,148.58
Built-up  Area,19-Dec,Kudlu Gate,4 BHK,Society_153,2574,4.0,1.0,144.86
Super built-up  Area,19-Dec,Hulimavu,3 BHK,,1202 - 1302,4.0,1.0,92.02
Super built-up  Area,Ready To Move,Dasarahalli,3 BHK,,1459,2.0,2.0,75.16
Super built-up  Area,Ready To Move,Wilson Garden,2 BHK,Society_57,957 - 1057,1.0,2.0,64.85
Plot  Area,19-Dec,Yeshwanthpur,4 BHK,Society_38,2388,4.0,2.0,145.79
Super built-up  Area,19-Dec,Nagarbhavi,2 BHK,,1297,2.0,2.0,60.74
Super built-up  Area,22-Jan,Haralur Road,4 BHK,Society_69,2591,3.0,2.0,177.66
Built-up  Area,19-Dec,Chamrajpet,2 BHK,,1150,1.0,1.0,75.02
Super built-up  Area,Ready To Move,Marathahalli,2 BHK,,956,2.0,1.0,53.49
Built-up  Area,19-Dec,Kanakapura Road,3 BHK,,1644,3.0,2.0,72.31
Built-up  Area,22-Jan,HRBR Layout,2 BHK,Society_189,1050,3.0,1.0,54.25
Super built-up  Area,Ready To Move,Mahadevapura,2 BHK,,1242,2.0,1.0,74.44
Carpet  Area,22-Jan,Begur Road,3 BHK,Society_5,1447,3.0,1.0,102.2
Super built-up  Area,19-Dec,Benson Town,3 BHK,,1384,4.0,1.0,94.55
Built-up  Area,19-Dec,Ramamurthy Nagar,3 BHK,,1560,4.0,2.0,74.91
Built-up  Area,22-Jan,Jakkur,2 BHK,,1188,2.0,0.0,83.56
Super built-up  Area,22-Jan,Rajarajeshwari Nagara,2 BHK,,1136,2.0,1.0,85.38
Super built-up  Area,19-Dec,Chandapura,2 BHK,,1209 - 1309,2.0,1.0,43.75
Super built-up  Area,19-Dec,Laggere,5 BHK,,3719 - 3819,5.0,1.0,209.88
Super built-up  Area,Ready To Move,Hulimavu,2 BHK,,1348,1.0,2.0,72.73
Built-up  Area,22-Jan,Begur Road,5 BHK,,3446 - 3546,5.0,2.0,202.11
Built-up  Area,Ready To Move,BTM Layout,3 BHK,Society_105,1298,3.0,2.0,109.66
Super built-up  Area,Ready To Move,Akshaya Nagar,2 BHK,Society_108,1195,2.0,2.0,77.72
Super built-up  Area,Ready To Move,Kanakapura Road,2 BHK,,832,2.0,1.0,57.39
Built-up  Area,Ready To Move,Cox Town,2 BHK,Society_170,833,2.0,1.0,55.06
Super built-up  Area,Ready To Move,Banashankari,3 BHK,,1327,3.0,0.0,83.34
Plot  Area,19-Dec,Magadi Road,3 BHK,Society_102,1275,3.0,1.0,97.14
Built-up  Area,Ready To Move,Nagarbhavi,2 BHK,,1079,3.0,2.0,62.67
Carpet  Area,Ready To Move,Kalyan Nagar,3 BHK,Society_125,1362,4.0,1.0,70.33
Plot  Area,Ready To Move,Laggere,3 BHK,,1353,3.0,2.0,88.11
Super built-up  Area,19-Dec,Mysore Road,2 BHK,,916,3.0,1.0,62.09
Carpet  Area,19-Dec,Yeshwanthpur,2 BHK,,1170,1.0,1.0,62.78
Super built-up  Area,Ready To Move,Bellandur,4 BHK,,2188,5.0,1.0,177.81
Built-up  Area,Ready To Move,RT Nagar,2 BHK,Society_152,1092,1.0,1.0,57.7
Super built-up  Area,19-Dec,Begur Road,2 BHK,Society_98,1179 - 1279,3.0,0.0,75.31
Built-up  Area,19-Dec,Vasanth Nagar,3 BHK,Society_169,1487,3.0,2.0,144.35
Plot  Area,22-Jan,Hennur Road,2 BHK,Society_191,842,2.0,2.0,64.93
Super built-up  Area,Ready To Move,Haralur Road,3 BHK,Society_118,1486,2.0,2.0,77.11
Plot  Area,Ready To Move,Benson Town,4 BHK,,2229,5.0,2.0,148.29
Super built-up  Area,Ready To Move,Padmanabhanagar,3 BHK,,1377,3.0,2.0,88.9
Plot  Area,Ready To Move,Hulimavu,3 BHK,,1753,3.0,2.0,123.66
Built-up  Area,19-Dec,Sahakara Nagar,3 BHK,,1456,3.0,3.0,88.94
Super built-up  Area,22-Jan,Sarjapur Road,2 BHK,Society_35,842,2.0,1.0,42.18
Super built-up  Area,Ready To Move,Rachenahalli,4 BHK,,2156,3.0,1.0,124.29
Built-up  Area,Ready To Move,Vijayanagar,2 BHK,,810,2.0,1.0,57.08
Super built-up  Area,22-Jan,Brigade Road,1 BHK,,447 - 547,1.0,0.0,78.03
Plot  Area,19-Dec,Kasturi Nagar,1 BHK,,510,1.0,1.0,35.84
Super built-up  Area,Ready To Move,Vasanth Nagar,2 BHK,,1099 - 1199,1.0,1.0,181.25
Super built-up  Area,22-Jan,Bellandur,1 BHK,,874,1.0,0.0,63.08
Super built-up  Area,Ready To Move,Mahadevapura,3 BHK,,1601,4.0,1.0,104.1
Built-up  Area,22-Jan,Bommanahalli,3 BHK,,1438,3.0,2.0,72.23
Carpet  Area,19-Dec,Rajaji Nagar,3 BHK,Society_67,1363,4.0,2.0,121.27
Plot  Area,Ready To Move,Nayandahalli,4 BHK,,2399,5.0,2.0,145.85
Super built-up  Area,Ready To Move,Kengeri,4 BHK,,2467,5.0,1.0,121.48
Built-up  Area,Ready To Move,JP Nagar,2 BHK,,1137,2.0,2.0,89.15
Built-up  Area,19-Dec,Bellandur,3 BHK,Society_168,1304,3.0,3.0,127.87
Super built-up  Area,19-Dec,Mahadevapura,3 BHK,Society_4,1685,4.0,2.0,105.97
Carpet  Area,19-Dec,MG Road,3 BHK,,1507,3.0,1.0,315.9
Super built-up  Area,Ready To Move,Narayanapura,4 BHK,,2406,4.0,1.0,180.23
Super built-up  Area,22-Jan,Ramamurthy Nagar,3 BHK,Society_116,1345,3.0,0.0,91.04
Super built-up  Area,Ready To Move,Thanisandra,3 BHK,,1429,3.0,1.0,89.24
Plot  Area,Ready To Move,Budigere Cross,4 BHK,,2438,4.0,1.0,156.24
Built-up  Area,19-Dec,HSR Layout,3 BHK,,1313 - 1413,3.0,2.0,98.11
Super built-up  Area,19-Dec,Vijayanagar,5 BHK,,3759,5.0,2.0,178.07
Plot  Area,19-Dec,Attibele,2 BHK,Society_156,784 - 884,3.0,1.0,77.47
Built-up  Area,19-Dec,Laggere,3 BHK,,1608,3.0,2.0,107.85
Built-up  Area,19-Dec,Ramamurthy Nagar,5 BHK,,3597,4.0,1.0,210.96
Built-up  Area,Ready To Move,Padmanabhanagar,3 BHK,Society_105,1799,2.0,2.0,107.96
Super built-up  Area,Ready To Move,Sahakara Nagar,4 BHK,,2181,3.0,1.0,114.6
Carpet  Area,22-Jan,Vijayanagar,2 BHK,Society_84,878 - 978,2.0,1.0,57.42
Plot  Area,Ready To Move,Kanakapura Road,2 BHK,Society_82,911,3.0,1.0,41.77
Built-up  Area,19-Dec,Chikkaballapur Road,3 BHK,Society_133,1448 - 1548,3.0,1.0,96.98
Carpet  Area,Ready To Move,Hebbal,3 BHK,Society_108,1282,2.0,1.0,100.65
Super built-up  Area,22-Jan,Marathahalli,1 BHK,,757,1.0,1.0,32.4
Carpet  Area,Ready To Move,Rajaji Nagar,3 BHK,Society_196,1685,3.0,2.0,166.59
Built-up  Area,Ready To Move,Kadugodi,2 BHK,,959,3.0,1.0,70.01
Built-up  Area,19-Dec,Arekere,2 BHK,,1313,2.0,2.0,86.22
Built-up  Area,Ready To Move,Adugodi,3 BHK,,1412,4.0,1.0,65.92
Super built-up  Area,19-Dec,Bellandur,2 BHK,,956,2.0,2.0,70.18
Plot  Area,22-Jan,Attibele,5 BHK,,3541 - 3641,4.0,0.0,306.57
Built-up  Area,Ready To Move,Electronic City,3 BHK,Society_57,1436,4.0,1.0,84.85
Super built-up  Area,19-Dec,Raja Rajeshwari Nagar,5 BHK,Society_78,3710,4.0,1.0,224.66
Built-up  Area,Ready To Move,Girinagar,4 BHK,,2431,5.0,0.0,157.14
Built-up  Area,Ready To Move,Cunningham Road,2 BHK,Society_5,1246,2.0,1.0,235.71
Plot  Area,Ready To Move,Sadashiva Nagar,3 BHK,,1436,2.0,0.0,215.73
Super built-up  Area,Ready To Move,Banaswadi,3 BHK,,1444 - 1544,4.0,0.0,76.83
Built-up  Area,Ready To Move,Chikkaballapur Road,2 BHK,Society_9,1256,3.0,2.0,80.44
Plot  Area,Ready To Move,Nagarbhavi,3 BHK,,1307,4.0,1.0,80.56
Super built-up  Area,Ready To Move,Bannerghatta Road,1 BHK,,900,2.0,1.0,58.21
Super built-up  Area,22-Jan,Vijayanagar,3 BHK,Society_145,1736 - 1836,3.0,1.0,100.91
Super built-up  Area,Ready To Move,Arekere,3 BHK,,1625 - 1725,3.0,1.0,86.52
Carpet  Area,Ready To Move,Hulimavu,4 BHK,Society_190,2279,4.0,2.0,164.58
Built-up  Area,Ready To Move,Kanakapura Road,4 BHK,Society_14,2388,3.0,2.0,120.01
Super built-up  Area,Ready To Move,Nayandahalli,4 BHK,,2252,3.0,0.0,159.91
Super built-up  Area,22-Jan,Jayanagar,3 BHK,,1719,3.0,0.0,220.74
Super built-up  Area,22-Jan,CV Raman Nagar,2 BHK,Society_54,1084,2.0,2.0,63.64
Plot  Area,Ready To Move,Padmanabhanagar,4 BHK,,2392,3.0,0.0,89.46
Super built-up  Area,19-Dec,Hormavu,3 BHK,Society_19,1267 - 1367,4.0,1.0,58.01
Built-up  Area,Ready To Move,CV Raman Nagar,4 BHK,Society_81,2056,3.0,1.0,140.63
Built-up  Area,Ready To Move,JP Nagar,3 BHK,,1337,3.0,0.0,107.65
Built-up  Area,Ready To Move,Kadugodi,4 BHK,,2495 - 2595,4.0,1.0,162.59
Plot  Area,19-Dec,Bellandur,4 BHK,Society_178,2365,4.0,2.0,188.29
Carpet  Area,Ready To Move,Haralur Road,4 BHK,,2093,3.0,0.0,112.72
Super built-up  Area,19-Dec,CV Raman Nagar,3 BHK,,1359,3.0,1.0,86.05
Super built-up  Area,22-Jan,Kadugodi,3 BHK,Society_36,1364,4.0,1.0,76.68
Built-up  Area,Ready To Move,Nagarbhavi,5 BHK,,3362 - 3462,5.0,2.0,201.91
Plot  Area,19-Dec,Bommanahalli,3 BHK,,1723,3.0,1.0,123.82
Built-up  Area,Ready To Move,Bannerghatta Road,2 BHK,,1208 - 1308,1.0,2.0,63.14
Built-up  Area,22-Jan,Banashankari,2 BHK,,1047,1.0,1.0,52.67
Super built-up  Area,19-Dec,Yeshwanthpur,2 BHK,Society_184,957,2.0,2.0,56.27
Carpet  Area,Ready To Move,Haralur Road,2 BHK,,1159,2.0,2.0,49.19
Built-up  Area,Ready To Move,Girinagar,5 BHK,,3734,5.0,1.0,277.58
Super built-up  Area,Ready To Move,Kanakapura Road,2 BHK,Society_178,890,1.0,1.0,45.08
Super built-up  Area,22-Jan,Kalyan Nagar,5 BHK,,3514,6.0,2.0,200.4
Super built-up  Area,Ready To Move,Hosa Road,2 BHK,,1202,1.0,2.0,71.0
Built-up  Area,Ready To Move,Kengeri,2 BHK,,968 - 1068,1.0,1.0,69.06
Built-up  Area,Ready To Move,Haralur Road,3 BHK,,1620,2.0,0.0,108.98
Super built-up  Area,22-Jan,HBR Layout,4 BHK,,2476,5.0,1.0,133.15
Built-up  Area,19-Dec,Dasarahalli,2 BHK,Society_158,1045,2.0,2.0,62.81
Super built-up  Area,22-Jan,Fraser Town,3 BHK,,1233 - 1333,4.0,0.0,66.47
Built-up  Area,Ready To Move,Kogilu,2 BHK,Society_19,977,2.0,1.0,51.98
Plot  Area,22-Jan,Vasanth Nagar,4 BHK,,2449,4.0,2.0,303.78
Super built-up  Area,Ready To Move,Yelahanka,3 BHK,Society_13,1700,3.0,3.0,97.24
Super built-up  Area,Ready To Move,Kammanahalli,4 BHK,,2426,3.0,2.0,172.7
Built-up  Area,Ready To Move,Kadugodi,3 BHK,Society_118,1388 - 1488,3.0,1.0,67.98
Super built-up  Area,Ready To Move,Kumaraswamy Layout,3 BHK,,1734 - 1834,4.0,3.0,97.89
Built-up  Area,Ready To Move,Kanakapura Road,3 BHK,Society_28,1590,4.0,3.0,111.34
Super built-up  Area,Ready To Move,Kengeri,3 BHK,Society_45,1633,4.0,3.0,101.36
Super built-up  Area,22-Jan,Benson Town,4 BHK,,2318,3.0,0.0,146.69
Plot  Area,Ready To Move,Mysore Road,2 BHK,,898,2.0,2.0,53.96
Plot  Area,22-Jan,Lavelle Road,3 BHK,,1535,3.0,3.0,271.71
Plot  Area,22-Jan,Electronic City,2 BHK,,884,3.0,2.0,41.47
Built-up  Area,Ready To Move,Begur Road,4 BHK,,2092 - 2192,3.0,2.0,129.77
Super built-up  Area,Ready To Move,Nayandahalli,3 BHK,Society_188,1261,3.0,0.0,69.66
Plot  Area,19-Dec,Sarjapur Road,4 BHK,,2369 - 2469,3.0,2.0,161.46
Built-up  Area,Ready To Move,Vidyaranyapura,3 BHK,Society_196,1591,3.0,0.0,113.28
Super built-up  Area,Ready To Move,Begur Road,2 BHK,,1046,2.0,2.0,71.13
Super built-up  Area,Ready To Move,Chamrajpet,2 BHK,Society_27,814,2.0,1.0,52.85
Plot  Area,Ready To Move,Nagarbhavi,2 BHK,,816 - 916,2.0,2.0,61.77
Carpet  Area,Ready To Move,Whitefield,4 BHK,,2429,5.0,0.0,162.12
Super built-up  Area,19-Dec,HSR Layout,4 BHK,Society_193,2330 - 2430,4.0,1.0,200.16
Built-up  Area,19-Dec,Raja Rajeshwari Nagar,2 BHK,Society_109,1102,2.0,2.0,52.94
Super built-up  Area,Ready To Move,Bommasandra,3 BHK,,1521 - 1621,3.0,2.0,88.81
Carpet  Area,22-Jan,Basavanagudi,2 BHK,,883,2.0,1.0,75.66
Super built-up  Area,22-Jan,Basaveshwara Nagar,4 BHK,Society_141,2597,4.0,1.0,144.66
Built-up  Area,Ready To Move,Yelahanka,2 BHK,,1140,1.0,2.0,58.98
Super built-up  Area,19-Dec,Hoodi,2 BHK,,878,2.0,0.0,62.49
Plot  Area,Ready To Move,Cunningham Road,3 BHK,,1269 - 1369,3.0,0.0,276.29
Built-up  Area,19-Dec,Bellandur,3 BHK,Society_150,1340,3.0,2.0,105.11
Plot  Area,Ready To Move,Hennur Road,4 BHK,Society_3,2248 - 2348,4.0,1.0,184.86
Super built-up  Area,Ready To Move,Hormavu,3 BHK,,1352,3.0,0.0,76.17
Built-up  Area,22-Jan,Malleshwaram,4 BHK,Society_153,2272 - 2372,4.0,1.0,311.63
Built-up  Area,19-Dec,Old Airport Road,2 BHK,Society_8,818,3.0,0.0,86.14
Built-up  Area,Ready To Move,Nayandahalli,3 BHK,,1473,3.0,1.0,90.02
Built-up  Area,Ready To Move,Bommanahalli,3 BHK,Society_173,1481,3.0,1.0,104.67
Plot  Area,Ready To Move,Hoodi,2 BHK,Society_85,1281,2.0,1.0,80.24
Carpet  Area,Ready To Move,Jakkur,3 BHK,Society_69,1298,3.0,3.0,88.91
Super built-up  Area,22-Jan,Thanisandra,4 BHK,,2505,3.0,2.0,122.93
Plot  Area,19-Dec,Varthur,2 BHK,Society_115,1166,3.0,1.0,88.11
Super built-up  Area,Ready To Move,Sarjapur Road,3 BHK,Society_147,1344,2.0,1.0,87.7
Super built-up  Area,19-Dec,Ulsoor,4 BHK,,2549,3.0,1.0,290.01
Built-up  Area,Ready To Move,MG Road,2 BHK,,887,1.0,2.0,147.71
Super built-up  Area,22-Jan,Old Airport Road,3 BHK,Society_37,1336,4.0,1.0,172.01
Built-up  Area,Ready To Move,Nagarbhavi,3 BHK,,1649,2.0,1.0,90.89
Built-up  Area,Ready To Move,Nagarbhavi,2 BHK,,858,1.0,0.0,57.08
Built-up  Area,Ready To Move,Sahakara Nagar,5 BHK,,3746,5.0,2.0,160.37
Built-up  Area,22-Jan,Benson Town,3 BHK,Society_138,1748,4.0,1.0,92.26
Built-up  Area,Ready To Move,Budigere Cross,2 BHK,,1135,2.0,0.0,76.55
Built-up  Area,Ready To Move,Chandapura,5 BHK,,3667,5.0,0.0,138.74
Super built-up  Area,Ready To Move,Indira Nagar,3 BHK,,1539,3.0,3.0,207.36
Carpet  Area,Ready To Move,Dasarahalli,3 BHK,Society_120,1696,4.0,0.0,78.2
Super built-up  Area,22-Jan,Devanahalli,2 BHK,Society_154,1119,2.0,2.0,53.47
Built-up  Area,19-Dec,Arekere,3 BHK,,1418,3.0,0.0,85.18
Built-up  Area,19-Dec,Kasturi Nagar,3 BHK,Society_162,1506 - 1606,3.0,0.0,65.64
Built-up  Area,19-Dec,Old Airport Road,3 BHK,Society_52,1440,3.0,2.0,139.92
Built-up  Area,19-Dec,Rachenahalli,3 BHK,Society_129,1360,3.0,1.0,79.2
Super built-up  Area,19-Dec,Hosa Road,2 BHK,,931,3.0,0.0,52.57
Super built-up  Area,Ready To Move,Horamavu Agara,3 BHK,,1415,3.0,2.0,102.03
Built-up  Area,22-Jan,Rachenahalli,3 BHK,,1688,3.0,0.0,91.33
Plot  Area,Ready To Move,Vijayanagar,3 BHK,Society_135,1252,3.0,1.0,70.63
Super built-up  Area,19-Dec,Kasturi Nagar,3 BHK,,1588,2.0,2.0,79.88
Built-up  Area,Ready To Move,Lavelle Road,3 BHK,,1451,3.0,3.0,276.9
Super built-up  Area,Ready To Move,Bommanahalli,2 BHK,Society_4,1087,2.0,2.0,53.6
Super built-up  Area,Ready To Move,Kadugodi,2 BHK,,1164,2.0,2.0,66.07
Plot  Area,22-Jan,Basaveshwara Nagar,3 BHK,,1664,3.0,1.0,116.88
Built-up  Area,Ready To Move,Hosa Road,2 BHK,Society_110,1022,2.0,2.0,52.34
Built-up  Area,19-Dec,Jalahalli,3 BHK,Society_64,1652,2.0,1.0,104.63
Super built-up  Area,Ready To Move,Cox Town,2 BHK,,1084,2.0,1.0,54.06
Built-up  Area,Ready To Move,Electronic City,4 BHK,Society_138,2524 - 2624,3.0,0.0,118.26
Built-up  Area,19-Dec,Kalyan Nagar,3 BHK,,1755,3.0,2.0,126.66
Plot  Area,22-Jan,Yelahanka,1 BHK,Society_185,498,1.0,1.0,29.99
Built-up  Area,22-Jan,Mysore Road,2 BHK,,751 - 851,2.0,2.0,47.56
Carpet  Area,Ready To Move,Cunningham Road,4 BHK,Society_82,2280 - 2380,3.0,3.0,384.85
Super built-up  Area,Ready To Move,Narayanapura,3 BHK,,1744,3.0,0.0,118.79
Plot  Area,Ready To Move,Lingarajapuram,2 BHK,Society_170,1075,2.0,2.0,65.38
Super built-up  Area,Ready To Move,Kanakapura Road,4 BHK,Society_197,2129,4.0,1.0,140.69
Super built-up  Area,Ready To Move,Indira Nagar,4 BHK,Society_165,2313,3.0,0.0,347.7
Super built-up  Area,Ready To Move,New BEL Road,2 BHK,Society_17,1185,1.0,0.0,74.97
Carpet  Area,Ready To Move,Whitefield,4 BHK,,2119,5.0,2.0,158.55
Carpet  Area,Ready To Move,Rajarajeshwari Nagara,2 BHK,Society_31,1229,2.0,2.0,88.67
Plot  Area,Ready To Move,Nayandahalli,3 BHK,,1499,2.0,0.0,88.59
Super built-up  Area,Ready To Move,Sarjapur Road,3 BHK,,1438,3.0,1.0,86.49
Super built-up  Area,22-Jan,Narayanapura,2 BHK,,993,3.0,0.0,60.65
Built-up  Area,Ready To Move,Budigere Cross,5 BHK,,3521,4.0,2.0,259.67
Super built-up  Area,19-Dec,Jayanagar,2 BHK,,935,2.0,0.0,102.42
Super built-up  Area,Ready To Move,Kanakapura Road,2 BHK,,1043,2.0,1.0,63.44
Carpet  Area,19-Dec,Kasturi Nagar,4 BHK,,2216,5.0,2.0,129.61
Built-up  Area,Ready To Move,Laggere,3 BHK,Society_82,1303,3.0,2.0,74.73
Plot  Area,19-Dec,Hennur Road,4 BHK,,2512,4.0,2.0,163.95
Plot  Area,Ready To Move,Indira Nagar,3 BHK,,1557,2.0,0.0,292.28
Carpet  Area,22-Jan,Banashankari,1 BHK,,833,1.0,0.0,42.04
Super built-up  Area,Ready To Move,Yeshwanthpur,2 BHK,Society_30,881,3.0,2.0,40.13
Built-up  Area,22-Jan,Kammanahalli,3 BHK,,1445,2.0,3.0,94.05
Plot  Area,22-Jan,Nagarbhavi,4 BHK,,2101 - 2201,5.0,1.0,167.71
Super built-up  Area,19-Dec,Bommasandra,3 BHK,,1419,3.0,1.0,79.98
Super built-up  Area,Ready To Move,Sarjapur Road,4 BHK,,2259,4.0,2.0,156.27
Super built-up  Area,Ready To Move,Malleshwaram,1 BHK,Society_32,403,1.0,1.0,49.82
Super built-up  Area,22-Jan,Chamrajpet,3 BHK,,1787,4.0,2.0,103.85
Super built-up  Area,Ready To Move,Benson Town,4 BHK,,2101,5.0,2.0,143.21
Super built-up  Area,Ready To Move,Magadi Road,4 BHK,Society_73,2341,3.0,2.0,138.6
Carpet  Area,Ready To Move,RT Nagar,4 BHK,Society_50,2524,4.0,0.0,186.57
Super built-up  Area,Ready To Move,Raja Rajeshwari Nagar,3 BHK,,1552,3.0,3.0,91.31
Plot  Area,Ready To Move,Indira Nagar,3 BHK,,1351,3.0,2.0,265.22
Built-up  Area,Ready To Move,Uttarahalli,2 BHK,Society_68,846,2.0,1.0,38.05
Carpet  Area,19-Dec,Hulimavu,3 BHK,,1387,3.0,3.0,95.01
Super built-up  Area,Ready To Move,Rachenahalli,4 BHK,,2387 - 2487,5.0,2.0,135.81
Super built-up  Area,Ready To Move,HRBR Layout,2 BHK,,1127,2.0,2.0,69.61
Super built-up  Area,Ready To Move,Fraser Town,5 BHK,,3836,5.0,0.0,297.59
Carpet  Area,Ready To Move,Kadugodi,3 BHK,,1732 - 1832,3.0,1.0,123.65
Super built-up  Area,Ready To Move,Marathahalli,4 BHK,,2571,4.0,1.0,165.68
Super built-up  Area,Ready To Move,Basaveshwara Nagar,1 BHK,,607,1.0,1.0,31.86
Super built-up  Area,19-Dec,Thanisandra Main Road,2 BHK,,1224,1.0,2.0,58.37
Super built-up  Area,Ready To Move,Chamrajpet,3 BHK,Society_8,1256,3.0,2.0,82.02
Super built-up  Area,Ready To Move,Budigere Cross,5 BHK,Society_168,3610,5.0,2.0,213.01
Super built-up  Area,Ready To Move,Hennur Road,2 BHK,Society_156,973,2.0,1.0,73.83
Super built-up  Area,22-Jan,Rajaji Nagar,2 BHK,Society_49,1256,1.0,2.0,120.71
Super built-up  Area,Ready To Move,Raja Rajeshwari Nagar,2 BHK,,1225 - 1325,1.0,1.0,71.64
Built-up  Area,Ready To Move,Indira Nagar,4 BHK,,2508 - 2608,4.0,2.0,399.72
Built-up  Area,Ready To Move,Bannerghatta Road,4 BHK,,2411,4.0,0.0,137.19
Plot  Area,Ready To Move,Vasanth Nagar,3 BHK,,1570,3.0,2.0,261.56
Plot  Area,22-Jan,Basavanagudi,5 BHK,,3891,5.0,1.0,449.44
Built-up  Area,Ready To Move,Banaswadi,3 BHK,,1652,4.0,2.0,96.94
Built-up  Area,19-Dec,Bannerghatta Road,3 BHK,Society_167,1495,3.0,3.0,87.91
Super built-up  Area,Ready To Move,Benson Town,4 BHK,,2460,4.0,1.0,133.99
Built-up  Area,Ready To Move,Raja Rajeshwari Nagar,5 BHK,,3426,6.0,3.0,244.84
Plot  Area,Ready To Move,New BEL Road,3 BHK,,1548,4.0,2.0,115.97
Built-up  Area,22-Jan,Chandapura,2 BHK,,1063 - 1163,1.0,2.0,31.86
Built-up  Area,Ready To Move,Jigani,4 BHK,,2214,5.0,1.0,143.34
Super built-up  Area,Ready To Move,Vijayanagar,2 BHK,,1297,2.0,1.0,64.41
Carpet  Area,19-Dec,Bagalur,3 BHK,Society_82,1389,3.0,1.0,84.24
Super built-up  Area,Ready To Move,HBR Layout,2 BHK,Society_133,1214,2.0,2.0,83.7
Super built-up  Area,Ready To Move,Cox Town,3 BHK,,1260,4.0,2.0,90.11
Built-up  Area,22-Jan,Sadashiva Nagar,5 BHK,,3455,6.0,3.0,519.06
Built-up  Area,Ready To Move,Ejipura,4 BHK,,2536,5.0,1.0,234.71
Super built-up  Area,Ready To Move,Chamrajpet,3 BHK,,1329,2.0,3.0,105.24
Super built-up  Area,Ready To Move,Wilson Garden,4 BHK,Society_73,2103,5.0,0.0,180.52
Super built-up  Area,19-Dec,Marathahalli,5 BHK,Society_52,3794,4.0,2.0,298.28
Carpet  Area,19-Dec,Akshaya Nagar,4 BHK,,2068,4.0,1.0,155.03
Super built-up  Area,19-Dec,Lingarajapuram,4 BHK,,2200,4.0,2.0,156.37
Super built-up  Area,Ready To Move,Budigere Cross,3 BHK,Society_24,1703 - 1803,3.0,1.0,98.0
Super built-up  Area,22-Jan,Koramangala,3 BHK,,1503,4.0,3.0,221.26
Plot  Area,Ready To Move,Uttarahalli,2 BHK,,1295,2.0,2.0,82.38
Super built-up  Area,Ready To Move,Attibele,4 BHK,Society_180,2557,4.0,1.0,182.0
Super built-up  Area,Ready To Move,Sarjapur Road,3 BHK,Society_151,1553,4.0,2.0,86.7
Super built-up  Area,22-Jan,Padmanabhanagar,2 BHK,Society_50,948,2.0,2.0,50.25
Built-up  Area,22-Jan,Kanakapura Road,3 BHK,Society_170,1260,3.0,3.0,70.4
Carpet  Area,Ready To Move,Yeshwanthpur,4 BHK,Society_156,2493,5.0,2.0,128.94
Super built-up  Area,Ready To Move,Chikkaballapur Road,3 BHK,,1517,4.0,0.0,97.28
Super built-up  Area,Ready To Move,Bommasandra,2 BHK,Society_76,812,2.0,2.0,50.32
Built-up  Area,22-Jan,Hosa Road,2 BHK,,837,3.0,0.0,49.16
Carpet  Area,Ready To Move,Raja Rajeshwari Nagar,2 BHK,,1004,3.0,0.0,48.49
Built-up  Area,19-Dec,Marathahalli,4 BHK,Society_96,2103 - 2203,4.0,2.0,146.88
Super built-up  Area,19-Dec,Padmanabhanagar,2 BHK,,905,3.0,0.0,49.51
Built-up  Area,22-Jan,Kalyan Nagar,2 BHK,Society_90,1228,2.0,2.0,56.98
Super built-up  Area,19-Dec,Jigani,2 BHK,Society_105,809 - 909,2.0,2.0,46.64
Super built-up  Area,22-Jan,Bagalur,2 BHK,,1312,2.0,2.0,77.41
Built-up  Area,Ready To Move,Lavelle Road,3 BHK,,1685,3.0,2.0,308.26
Plot  Area,22-Jan,Sahakara Nagar,4 BHK,Society_131,2371,5.0,2.0,175.48
Super built-up  Area,22-Jan,Kanakapura Road,4 BHK,,2052 - 2152,5.0,2.0,134.87
Super built-up  Area,22-Jan,CV Raman Nagar,3 BHK,Society_186,1730,4.0,0.0,89.73
Super built-up  Area,Ready To Move,Chikkaballapur Road,2 BHK,,986,2.0,2.0,61.6
Built-up  Area,Ready To Move,Mahadevapura,4 BHK,,2322 - 2422,5.0,3.0,188.17
Super built-up  Area,22-Jan,Brigade Road,4 BHK,Society_121,2464,5.0,1.0,387.32
Super built-up  Area,Ready To Move,Adugodi,3 BHK,,1717,3.0,3.0,88.99
Plot  Area,19-Dec,Dasarahalli,3 BHK,,1313,3.0,3.0,85.58
Plot  Area,Ready To Move,Raja Rajeshwari Nagar,3 BHK,,1736,3.0,1.0,118.81
Built-up  Area,22-Jan,Bagalur,3 BHK,Society_173,1334,2.0,0.0,86.39
Super built-up  Area,Ready To Move,Kengeri,2 BHK,Society_100,1116,3.0,0.0,62.29
Carpet  Area,22-Jan,Vijayanagar,3 BHK,,1450,3.0,2.0,107.49
Super built-up  Area,Ready To Move,Sarjapur Road,3 BHK,,1780,3.0,0.0,124.83
Super built-up  Area,22-Jan,Sarjapur Road,2 BHK,,1308,3.0,2.0,72.81
Super built-up  Area,19-Dec,Nagarbhavi,1 BHK,Society_105,413,2.0,1.0,22.83
Super built-up  Area,19-Dec,Rajaji Nagar,4 BHK,Society_179,2312,4.0,0.0,217.14
Plot  Area,19-Dec,Hosa Road,3 BHK,,1693,3.0,2.0,128.9
Plot  Area,Ready To Move,Hebbal,3 BHK,,1589,3.0,1.0,166.56
Super built-up  Area,Ready To Move,Lingarajapuram,3 BHK,Society_71,1588,2.0,2.0,92.6
Super built-up  Area,Ready To Move,BTM Layout,4 BHK,Society_30,2465,5.0,1.0,167.12
Built-up  Area,Ready To Move,Kanakapura Road,3 BHK,Society_34,1463,3.0,2.0,98.88
Carpet  Area,Ready To Move,Domlur,2 BHK,Society_187,990,2.0,1.0,123.41
Plot  Area,Ready To Move,Bellandur,2 BHK,,957 - 1057,1.0,0.0,89.25
Carpet  Area,19-Dec,Sadashiva Nagar,2 BHK,,1008,2.0,1.0,158.16
Plot  Area,22-Jan,Vijayanagar,4 BHK,Society_149,2404,5.0,1.0,150.07
Super built-up  Area,Ready To Move,Cox Town,3 BHK,,1536 - 1636,3.0,1.0,76.55
Built-up  Area,Ready To Move,Vidyaranyapura,3 BHK,,1367,3.0,1.0,75.87
Super built-up  Area,Ready To Move,Lavelle Road,3 BHK,,1742,3.0,0.0,328.01
Built-up  Area,22-Jan,Sarjapur Road,3 BHK,Society_64,1474,3.0,2.0,104.11
Built-up  Area,Ready To Move,Ramamurthy Nagar,3 BHK,Society_21,1325 - 1425,2.0,1.0,77.82
Super built-up  Area,22-Jan,Rajaji Nagar,3 BHK,,1704,3.0,1.0,177.36
Built-up  Area,Ready To Move,Electronic City,3 BHK,Society_115,1769,3.0,3.0,82.39
Built-up  Area,22-Jan,Chikkaballapur Road,3 BHK,,1319,4.0,2.0,73.36
Built-up  Area,Ready To Move,HRBR Layout,3 BHK,,1745,3.0,0.0,101.1
Super built-up  Area,Ready To Move,Padmanabhanagar,2 BHK,,1251,3.0,2.0,92.06
Super built-up  Area,Ready To Move,Gottigere,3 BHK,Society_119,1736,2.0,2.0,108.27
Plot  Area,Ready To Move,Chikkaballapur Road,3 BHK,,1738,4.0,1.0,102.73
Built-up  Area,Ready To Move,Vidyaranyapura,3 BHK,,1358,3.0,2.0,75.57
Built-up  Area,22-Jan,Varthur,2 BHK,Society_49,1235 - 1335,1.0,1.0,58.39
Super built-up  Area,22-Jan,Vijayanagar,3 BHK,Society_93,1354 - 1454,4.0,0.0,73.97
Built-up  Area,19-Dec,Kengeri,2 BHK,Society_145,943,2.0,1.0,74.9
Super built-up  Area,Ready To Move,Chikkaballapur Road,5 BHK,Society_125,3468,5.0,1.0,175.07
Built-up  Area,Ready To Move,Horamavu Agara,3 BHK,,1781,4.0,3.0,85.95
Built-up  Area,Ready To Move,Ramamurthy Nagar,3 BHK,,1422,3.0,1.0,101.43
Super built-up  Area,22-Jan,Lingarajapuram,4 BHK,Society_4,2429,3.0,0.0,146.16
Built-up  Area,Ready To Move,Begur Road,3 BHK,Society_31,1257,3.0,2.0,75.09
Carpet  Area,22-Jan,Bellandur,2 BHK,,1013,1.0,2.0,67.37
Super built-up  Area,Ready To Move,Chikkaballapur Road,4 BHK,,2540,5.0,0.0,151.1
Super built-up  Area,Ready To Move,Fraser Town,2 BHK,,952 - 1052,3.0,2.0,57.21
Super built-up  Area,Ready To Move,Banashankari,2 BHK,,1250,2.0,2.0,86.36
Plot  Area,Ready To Move,Banaswadi,2 BHK,,1261,2.0,1.0,85.81
Super built-up  Area,Ready To Move,Brigade Road,2 BHK,,1212,1.0,2.0,182.13
Super built-up  Area,19-Dec,Haralur Road,3 BHK,Society_186,1707,2.0,2.0,88.98
Built-up  Area,22-Jan,Chandapura,3 BHK,Society_78,1725,2.0,1.0,72.31
Super built-up  Area,Ready To Move,Horamavu Agara,1 BHK,,401,2.0,1.0,22.56
Super built-up  Area,Ready To Move,Bagalur,3 BHK,Society_69,1303,3.0,2.0,79.51
Built-up  Area,19-Dec,Old Airport Road,3 BHK,Society_59,1558,3.0,1.0,168.2
Carpet  Area,Ready To Move,Laggere,4 BHK,Society_133,2380,4.0,1.0,138.89
Super built-up  Area,Ready To Move,Adugodi,4 BHK,Society_171,2115 - 2215,4.0,2.0,127.74
Super built-up  Area,19-Dec,Kanakapura Road,2 BHK,,1328,2.0,1.0,86.32
Built-up  Area,19-Dec,Brigade Road,4 BHK,,2590,4.0,2.0,533.24
Built-up  Area,Ready To Move,Malleshwaram,3 BHK,,1694,3.0,2.0,239.46
Built-up  Area,Ready To Move,Lingarajapuram,4 BHK,,2347,3.0,3.0,152.05
Plot  Area,Ready To Move,HBR Layout,5 BHK,Society_49,3448,5.0,2.0,226.51
Carpet  Area,19-Dec,Magadi Road,4 BHK,,2197,4.0,1.0,175.3
Super built-up  Area,Ready To Move,JP Nagar,2 BHK,,811,3.0,0.0,72.49
Built-up  Area,Ready To Move,Benson Town,2 BHK,Society_30,970,3.0,2.0,50.8
Plot  Area,Ready To Move,Lavelle Road,2 BHK,,829,2.0,0.0,150.71
Super built-up  Area,19-Dec,RT Nagar,1 BHK,,400,2.0,1.0,24.3
Built-up  Area,22-Jan,Padmanabhanagar,3 BHK,Society_184,1735,2.0,0.0,118.91
Built-up  Area,19-Dec,Jayanagar,2 BHK,Society_71,1326,2.0,2.0,146.32
Super built-up  Area,Ready To Move,Raja Rajeshwari Nagar,2 BHK,Society_43,929,2.0,2.0,60.0
Built-up  Area,Ready To Move,Benson Town,3 BHK,Society_138,1709,2.0,1.0,96.2
Super built-up  Area,Ready To Move,Devanahalli,4 BHK,,2149,4.0,3.0,85.8
Carpet  Area,22-Jan,Domlur,3 BHK,,1512,4.0,0.0,149.56
Plot  Area,19-Dec,Jayanagar,2 BHK,,1137 - 1237,3.0,2.0,170.04
Super built-up  Area,22-Jan,Kengeri,2 BHK,,920,2.0,2.0,47.46
Super built-up  Area,Ready To Move,Mysore Road,2 BHK,,853,3.0,2.0,56.74
Built-up  Area,Ready To Move,MG Road,4 BHK,Society_73,2597,3.0,3.0,578.78
Super built-up  Area,19-Dec,Adugodi,2 BHK,,962,1.0,0.0,64.13
Super built-up  Area,Ready To Move,Kogilu,3 BHK,,1616,3.0,3.0,83.17
Super built-up  Area,Ready To Move,Kengeri,3 BHK,,1301,2.0,0.0,98.86
Super built-up  Area,19-Dec,Electronic City,4 BHK,Society_168,2338,4.0,3.0,116.93
Plot  Area,Ready To Move,Brigade Road,3 BHK,Society_185,1416,2.0,1.0,247.37
Built-up  Area,Ready To Move,Cox Town,3 BHK,,1345,3.0,2.0,65.62
Super built-up  Area,Ready To Move,Chikkaballapur Road,3 BHK,Society_90,1285,2.0,3.0,58.77
Built-up  Area,19-Dec,Akshaya Nagar,3 BHK,Society_106,1370 - 1470,3.0,1.0,75.6
Built-up  Area,22-Jan,Raja Rajeshwari Nagar,1 BHK,,540 - 640,1.0,1.0,38.9
Built-up  Area,Ready To Move,Old Airport Road,2 BHK,,879,1.0,1.0,100.54
Carpet  Area,22-Jan,Sadashiva Nagar,2 BHK,Society_156,1096,2.0,2.0,181.82
Built-up  Area,Ready To Move,Kammanahalli,3 BHK,Society_11,1666,3.0,1.0,117.0
Built-up  Area,Ready To Move,Hulimavu,3 BHK,,1732,4.0,3.0,124.34
Super built-up  Area,22-Jan,Vasanth Nagar,3 BHK,,1355,3.0,0.0,231.86
Super built-up  Area,Ready To Move,Kadugodi,2 BHK,,1226,3.0,1.0,90.76
Super built-up  Area,Ready To Move,New BEL Road,2 BHK,,910,1.0,0.0,47.93
Built-up  Area,22-Jan,Thanisandra Main Road,4 BHK,Society_154,2236,4.0,1.0,142.82
Super built-up  Area,Ready To Move,Kalyan Nagar,2 BHK,Society_7,1158,2.0,2.0,88.81
Built-up  Area,Ready To Move,Kogilu,1 BHK,,762,1.0,0.0,35.21
Built-up  Area,Ready To Move,Chamrajpet,2 BHK,,1267,3.0,2.0,75.17
Super built-up  Area,Ready To Move,Lavelle Road,2 BHK,,1109 - 1209,3.0,2.0,156.83
Built-up  Area,Ready To Move,Rajarajeshwari Nagara,3 BHK,,1637 - 1737,2.0,2.0,85.75
Built-up  Area,19-Dec,Gottigere,2 BHK,Society_51,889,1.0,2.0,48.48
Built-up  Area,Ready To Move,Sadashiva Nagar,3 BHK,Society_29,1693,3.0,0.0,260.71
Super built-up  Area,Ready To Move,HRBR Layout,3 BHK,,1702,2.0,0.0,106.37
Plot  Area,Ready To Move,Rajarajeshwari Nagara,4 BHK,Society_70,2549 - 2649,4.0,2.0,146.95
Built-up  Area,22-Jan,Jayanagar,4 BHK,,2138 - 2238,4.0,2.0,314.81
Built-up  Area,Ready To Move,Kudlu Gate,2 BHK,,1224,1.0,2.0,76.82
Built-up  Area,22-Jan,CV Raman Nagar,3 BHK,,1508,2.0,1.0,85.86
Super built-up  Area,19-Dec,Old Airport Road,4 BHK,,2507,4.0,1.0,197.11
Built-up  Area,Ready To Move,Kadugodi,3 BHK,,1664,2.0,2.0,79.32
Built-up  Area,19-Dec,Thanisandra,2 BHK,Society_70,888 - 988,2.0,2.0,48.65
Plot  Area,19-Dec,Koramangala,3 BHK,,1625,3.0,2.0,289.64
Super built-up  Area,Ready To Move,Chamrajpet,2 BHK,Society_124,825,2.0,1.0,55.27
Built-up  Area,Ready To Move,Yelahanka,3 BHK,Society_92,1563,3.0,3.0,105.01
Super built-up  Area,22-Jan,Brigade Road,2 BHK,,1098,2.0,2.0,195.94
Plot  Area,Ready To Move,Basaveshwara Nagar,3 BHK,Society_137,1428,4.0,3.0,94.58
Super built-up  Area,Ready To Move,HSR Layout,3 BHK,,1646,2.0,1.0,143.64
Carpet  Area,Ready To Move,Kudlu Gate,4 BHK,,2230,3.0,2.0,149.61
Carpet  Area,19-Dec,RT Nagar,3 BHK,,1487,4.0,0.0,95.61
Plot  Area,Ready To Move,Devanahalli,3 BHK,,1687,3.0,2.0,80.52
Built-up  Area,Ready To Move,Rachenahalli,3 BHK,,1471,3.0,0.0,89.58
Super built-up  Area,19-Dec,Jigani,3 BHK,,1303,2.0,3.0,92.45
Built-up  Area,Ready To Move,Narayanapura,3 BHK,,1335,3.0,1.0,74.24
Built-up  Area,Ready To Move,Ulsoor,3 BHK,,1687,3.0,2.0,208.38
Plot  Area,22-Jan,Vijayanagar,2 BHK,Society_165,1028,2.0,2.0,77.77
Super built-up  Area,Ready To Move,JP Nagar,2 BHK,,934 - 1034,1.0,2.0,85.42
Super built-up  Area,Ready To Move,Hormavu,2 BHK,,847 - 947,2.0,2.0,46.7
Plot  Area,Ready To Move,Brigade Road,3 BHK,Society_85,1641,4.0,0.0,302.76
Super built-up  Area,Ready To Move,Vidyaranyapura,2 BHK,Society_175,1269 - 1369,2.0,2.0,81.04
Built-up  Area,22-Jan,Jayanagar,2 BHK,Society_25,1042 - 1142,2.0,1.0,145.91
Super built-up  Area,Ready To Move,Uttarahalli,3 BHK,Society_132,1293 - 1393,4.0,2.0,78.2
Built-up  Area,Ready To Move,Begur Road,3 BHK,,1647,3.0,0.0,88.97
Super built-up  Area,19-Dec,Indira Nagar,1 BHK,,792,1.0,1.0,96.93
Carpet  Area,19-Dec,Old Madras Road,5 BHK,Society_119,3503,5.0,0.0,205.37
Plot  Area,Ready To Move,Bagalur,2 BHK,,930,2.0,1.0,60.93
Super built-up  Area,19-Dec,Nayandahalli,3 BHK,Society_199,1435 - 1535,4.0,0.0,72.4
Super built-up  Area,22-Jan,Indira Nagar,2 BHK,,841,1.0,2.0,145.04
Carpet  Area,22-Jan,Marathahalli,2 BHK,,1269 - 1369,3.0,1.0,99.59
Super built-up  Area,19-Dec,Dasarahalli,2 BHK,,1317,3.0,1.0,95.78
Super built-up  Area,Ready To Move,KR Puram,4 BHK,,2223 - 2323,4.0,1.0,125.26
Super built-up  Area,Ready To Move,Mysore Road,3 BHK,Society_164,1750,3.0,2.0,82.74
Plot  Area,Ready To Move,Gottigere,3 BHK,Society_119,1696,3.0,0.0,128.9
Super built-up  Area,Ready To Move,Sahakara Nagar,5 BHK,,3364 - 3464,5.0,2.0,178.39
Super built-up  Area,22-Jan,MG Road,4 BHK,,2455,3.0,0.0,406.64
Built-up  Area,Ready To Move,Hoodi,3 BHK,,1618,3.0,2.0,86.43
Built-up  Area,Ready To Move,Gottigere,2 BHK,,1203,3.0,0.0,81.28
Plot  Area,Ready To Move,Magadi Road,3 BHK,,1389 - 1489,3.0,3.0,103.8
Built-up  Area,Ready To Move,BTM Layout,2 BHK,Society_156,977,1.0,2.0,83.89
Plot  Area,Ready To Move,Bagalur,3 BHK,Society_67,1607,3.0,0.0,98.63
Built-up  Area,22-Jan,Begur Road,3 BHK,Society_119,1655,3.0,1.0,98.67
Super built-up  Area,Ready To Move,Kumaraswamy Layout,1 BHK,Society_63,688,1.0,1.0,38.95
Super built-up  Area,Ready To Move,Yeshwanthpur,2 BHK,Society_6,1053,2.0,0.0,49.81
Built-up  Area,22-Jan,Cunningham Road,3 BHK,Society_118,1497,3.0,2.0,231.18
Super built-up  Area,Ready To Move,Uttarahalli,2 BHK,Society_166,878,2.0,2.0,39.33
Super built-up  Area,Ready To Move,Jayanagar,2 BHK,Society_18,1331,3.0,2.0,174.39
Super built-up  Area,Ready To Move,Gottigere,3 BHK,,1671,3.0,0.0,120.94
Super built-up  Area,19-Dec,Adugodi,2 BHK,Society_139,1342,2.0,2.0,85.93
Plot  Area,Ready To Move,Horamavu Agara,2 BHK,,1125,2.0,1.0,64.76
Super built-up  Area,22-Jan,HBR Layout,4 BHK,,2073,3.0,1.0,134.26
Built-up  Area,Ready To Move,Budigere Cross,3 BHK,Society_52,1426,3.0,2.0,94.18
Plot  Area,Ready To Move,Nagarbhavi,3 BHK,,1320,2.0,3.0,102.3
Built-up  Area,22-Jan,Yelahanka,4 BHK,Society_53,2155,4.0,1.0,102.44
Carpet  Area,Ready To Move,Vijayanagar,1 BHK,Society_30,876,1.0,1.0,52.07
Carpet  Area,19-Dec,Hennur Road,3 BHK,,1539,2.0,3.0,122.56
Built-up  Area,Ready To Move,Cox Town,2 BHK,,1063,2.0,1.0,79.72
Super built-up  Area,22-Jan,Indira Nagar,3 BHK,Society_56,1388,4.0,2.0,243.96
Built-up  Area,22-Jan,Budigere Cross,4 BHK,Society_183,2212,5.0,2.0,118.69
Plot  Area,Ready To Move,Arekere,3 BHK,,1640,3.0,0.0,122.07
Plot  Area,19-Dec,Jalahalli,3 BHK,,1381,3.0,2.0,95.21
Built-up  Area,Ready To Move,Raja Rajeshwari Nagar,5 BHK,Society_66,3479 - 3579,5.0,3.0,258.03
Super built-up  Area,Ready To Move,Kalyan Nagar,3 BHK,Society_44,1424,4.0,2.0,92.17
Super built-up  Area,Ready To Move,Mysore Road,2 BHK,Society_7,858,3.0,2.0,41.64
Built-up  Area,22-Jan,CV Raman Nagar,3 BHK,Society_189,1296,3.0,2.0,78.85
Built-up  Area,Ready To Move,Padmanabhanagar,3 BHK,,1665,3.0,2.0,120.32
Super built-up  Area,Ready To Move,RT Nagar,3 BHK,,1717,3.0,1.0,113.71
Built-up  Area,Ready To Move,Thanisandra Main Road,3 BHK,,1270,3.0,1.0,62.39
Plot  Area,Ready To Move,Varthur,2 BHK,,1297,1.0,1.0,106.83
Carpet  Area,19-Dec,Hosa Road,2 BHK,,1105,3.0,2.0,67.88
Super built-up  Area,Ready To Move,Yeshwanthpur,4 BHK,,2436,3.0,2.0,189.63
Super built-up  Area,Ready To Move,Kanakapura Road,4 BHK,Society_148,2065,4.0,1.0,130.32
Carpet  Area,Ready To Move,Richmond Town,3 BHK,Society_115,1545,3.0,3.0,276.63
Built-up  Area,Ready To Move,Sadashiva Nagar,3 BHK,,1408,3.0,2.0,197.32
Super built-up  Area,22-Jan,CV Raman Nagar,2 BHK,,1142,1.0,1.0,81.87
Super built-up  Area,19-Dec,Old Airport Road,4 BHK,Society_112,2418,4.0,2.0,233.45
Plot  Area,Ready To Move,Begur Road,3 BHK,,1474,3.0,3.0,89.45
Built-up  Area,Ready To Move,Kasturi Nagar,2 BHK,,960,2.0,1.0,53.39
Plot  Area,22-Jan,Lavelle Road,4 BHK,Society_162,2407,3.0,3.0,647.73
Super built-up  Area,Ready To Move,KR Puram,2 BHK,Society_22,920,2.0,2.0,60.77
Carpet  Area,Ready To Move,Fraser Town,3 BHK,,1654,4.0,1.0,71.37
Built-up  Area,Ready To Move,Kanakapura Road,3 BHK,Society_196,1465,3.0,3.0,89.16
Super built-up  Area,19-Dec,Lavelle Road,2 BHK,Society_109,901,1.0,1.0,181.76
Super built-up  Area,Ready To Move,Banashankari,3 BHK,,1550,3.0,2.0,83.61
Super built-up  Area,Ready To Move,Vasanth Nagar,3 BHK,Society_18,1647 - 1747,3.0,1.0,175.52
Built-up  Area,Ready To Move,Cox Town,3 BHK,,1798,3.0,1.0,92.71
Built-up  Area,22-Jan,MG Road,4 BHK,,2570,4.0,3.0,459.14
Plot  Area,Ready To Move,Begur Road,3 BHK,,1322,3.0,2.0,88.72
Super built-up  Area,Ready To Move,New BEL Road,4 BHK,Society_21,2128,4.0,0.0,149.88
Super built-up  Area,Ready To Move,Electronic City,2 BHK,Society_67,1085 - 1185,2.0,2.0,60.28
Plot  Area,Ready To Move,Basavanagudi,1 BHK,,570,1.0,1.0,61.97
Super built-up  Area,Ready To Move,Electronic City,4 BHK,,2083,4.0,1.0,130.68
Carpet  Area,22-Jan,Jakkur,4 BHK,Society_104,2561,4.0,0.0,141.19
Built-up  Area,22-Jan,Gottigere,2 BHK,,1128,2.0,1.0,66.06
Super built-up  Area,22-Jan,Padmanabhanagar,3 BHK,,1303,3.0,3.0,52.12
Carpet  Area,22-Jan,Hulimavu,1 BHK,,695,1.0,1.0,28.83
Carpet  Area,Ready To Move,HBR Layout,3 BHK,Society_54,1333,2.0,2.0,71.39
Plot  Area,19-Dec,Kammanahalli,4 BHK,,2136,4.0,2.0,166.03
Built-up  Area,19-Dec,Whitefield,2 BHK,,1104,2.0,0.0,91.48
Super built-up  Area,22-Jan,Richmond Town,1 BHK,,601,1.0,1.0,79.97
Super built-up  Area,22-Jan,Hosa Road,1 BHK,Society_39,848 - 948,2.0,1.0,44.13
Carpet  Area,Ready To Move,Jayanagar,3 BHK,,1705 - 1805,3.0,2.0,228.94
Built-up  Area,Ready To Move,Domlur,3 BHK,,1575,3.0,1.0,212.9
Built-up  Area,Ready To Move,Cox Town,4 BHK,Society_50,2229 - 2329,4.0,0.0,151.26
Super built-up  Area,Ready To Move,Basaveshwara Nagar,3 BHK,Society_185,1500,3.0,3.0,94.28
Built-up  Area,Ready To Move,Banaswadi,4 BHK,Society_7,2272,5.0,1.0,132.29
Plot  Area,19-Dec,Kengeri,3 BHK,,1706,4.0,2.0,108.95
Plot  Area,19-Dec,Kadugodi,3 BHK,,1612 - 1712,3.0,1.0,121.77
Carpet  Area,Ready To Move,Jalahalli,1 BHK,,467 - 567,1.0,1.0,35.76
Plot  Area,19-Dec,Magadi Road,2 BHK,Society_191,1009,2.0,1.0,74.79
Plot  Area,Ready To Move,Kudlu Gate,4 BHK,,2243,4.0,0.0,157.02
Super built-up  Area,22-Jan,Kalyan Nagar,3 BHK,Society_145,1531,4.0,2.0,73.02
Super built-up  Area,Ready To Move,Yelahanka,2 BHK,,1144,2.0,2.0,79.0
Built-up  Area,Ready To Move,Lavelle Road,2 BHK,,821,2.0,0.0,203.69
Plot  Area,Ready To Move,Peenya,2 BHK,Society_73,1308,2.0,2.0,79.12
Carpet  Area,Ready To Move,Nayandahalli,2 BHK,,933,1.0,1.0,51.0
Built-up  Area,Ready To Move,Sahakara Nagar,2 BHK,Society_135,1202 - 1302,3.0,2.0,53.66
Carpet  Area,19-Dec,Ulsoor,2 BHK,,961,1.0,1.0,88.67
Plot  Area,Ready To Move,Anekal,3 BHK,Society_196,1596,2.0,2.0,75.57
Built-up  Area,22-Jan,Horamavu Agara,5 BHK,,3513 - 3613,5.0,1.0,197.86
Carpet  Area,Ready To Move,Kumaraswamy Layout,3 BHK,,1639,3.0,1.0,117.38
Super built-up  Area,Ready To Move,Kadugodi,3 BHK,,1586,4.0,3.0,102.67
Built-up  Area,Ready To Move,Lavelle Road,3 BHK,,1597,3.0,2.0,281.63
Super built-up  Area,19-Dec,Padmanabhanagar,4 BHK,Society_171,2054,3.0,1.0,97.67
Super built-up  Area,Ready To Move,Arekere,2 BHK,Society_192,1077,1.0,2.0,88.53
Carpet  Area,Ready To Move,Hulimavu,2 BHK,,825,2.0,2.0,40.72
Super built-up  Area,Ready To Move,Mahadevapura,3 BHK,,1698,3.0,3.0,84.98
Super built-up  Area,Ready To Move,Ulsoor,2 BHK,Society_43,920,2.0,2.0,123.25
Carpet  Area,Ready To Move,HRBR Layout,2 BHK,Society_96,1331,2.0,2.0,86.48
Built-up  Area,Ready To Move,CV Raman Nagar,3 BHK,Society_101,1395,3.0,1.0,80.12
Built-up  Area,Ready To Move,Rachenahalli,2 BHK,Society_156,1257,1.0,2.0,70.69
Carpet  Area,Ready To Move,BTM Layout,2 BHK,Society_45,920,2.0,1.0,61.05
Built-up  Area,Ready To Move,Basavanagudi,2 BHK,,904 - 1004,2.0,1.0,113.48
Plot  Area,Ready To Move,Bannerghatta Road,1 BHK,,798,2.0,1.0,54.81
Super built-up  Area,Ready To Move,Lingarajapuram,2 BHK,,961,2.0,1.0,53.81
Built-up  Area,Ready To Move,Whitefield,3 BHK,,1513,3.0,3.0,102.65
Super built-up  Area,Ready To Move,Bellandur,3 BHK,Society_66,1307,2.0,1.0,108.19
Super built-up  Area,22-Jan,Kalyan Nagar,3 BHK,,1484 - 1584,2.0,1.0,77.19
Super built-up  Area,19-Dec,Laggere,2 BHK,Society_68,1079,2.0,2.0,65.69
Built-up  Area,Ready To Move,Jayanagar,5 BHK,,3883,4.0,1.0,402.87
Plot  Area,Ready To Move,Narayanapura,3 BHK,,1427,3.0,1.0,118.62
Plot  Area,22-Jan,Whitefield,2 BHK,,899,2.0,0.0,49.05
Built-up  Area,22-Jan,Akshaya Nagar,4 BHK,,2232,4.0,2.0,112.16
Built-up  Area,Ready To Move,Magadi Road,2 BHK,,1072,2.0,2.0,59.79
Super built-up  Area,22-Jan,MG Road,3 BHK,Society_37,1578,2.0,3.0,276.56
Plot  Area,22-Jan,Kogilu,4 BHK,,2236,4.0,3.0,105.76
Built-up  Area,Ready To Move,Cox Town,2 BHK,Society_153,870,2.0,2.0,51.15
Super built-up  Area,Ready To Move,Cunningham Road,4 BHK,,2096,4.0,0.0,239.74
Plot  Area,19-Dec,Kudlu Gate,3 BHK,,1509,4.0,1.0,98.58
Built-up  Area,Ready To Move,Bommasandra,3 BHK,Society_103,1509,3.0,2.0,68.01
Built-up  Area,Ready To Move,Rajarajeshwari Nagara,2 BHK,,1141 - 1241,2.0,0.0,64.24
Plot  Area,19-Dec,Banashankari,4 BHK,,2500,4.0,2.0,221.23
Super built-up  Area,22-Jan,Fraser Town,3 BHK,,1359,3.0,2.0,81.31
Super built-up  Area,Ready To Move,Magadi Road,3 BHK,,1499,3.0,1.0,62.48
Built-up  Area,Ready To Move,RT Nagar,2 BHK,Society_155,949,2.0,2.0,57.12
Built-up  Area,Ready To Move,Kengeri,4 BHK,Society_100,2501,3.0,3.0,157.45
Super built-up  Area,Ready To Move,Kengeri,3 BHK,,1725 - 1825,2.0,1.0,115.31
Plot  Area,Ready To Move,Kanakapura Road,2 BHK,,1026,1.0,0.0,83.62
Super built-up  Area,Ready To Move,New BEL Road,3 BHK,,1779,2.0,1.0,89.19
Built-up  Area,Ready To Move,Hormavu,2 BHK,,1197,3.0,2.0,79.75
Super built-up  Area,Ready To Move,Basaveshwara Nagar,1 BHK,Society_42,772,1.0,1.0,49.29
Built-up  Area,Ready To Move,Bagalur,3 BHK,,1531,4.0,1.0,109.62
Super built-up  Area,Ready To Move,Attibele,3 BHK,,1672,3.0,1.0,70.07
Built-up  Area,Ready To Move,Kudlu Gate,2 BHK,Society_145,1019 - 1119,2.0,2.0,66.17
Super built-up  Area,Ready To Move,JP Nagar,3 BHK,Society_150,1667,4.0,1.0,147.36
Super built-up  Area,19-Dec,Yelahanka,2 BHK,Society_53,1334,2.0,2.0,92.63
Carpet  Area,Ready To Move,Jigani,3 BHK,Society_137,1573,4.0,1.0,101.69
Built-up  Area,Ready To Move,Fraser Town,3 BHK,Society_95,1405 - 1505,3.0,0.0,86.18
Built-up  Area,Ready To Move,Fraser Town,4 BHK,,2558,4.0,3.0,159.18
Built-up  Area,Ready To Move,Girinagar,2 BHK,Society_64,1222 - 1322,2.0,2.0,79.06
Super built-up  Area,19-Dec,Jalahalli,2 BHK,Society_138,790 - 890,2.0,2.0,51.5
Built-up  Area,Ready To Move,Nagarbhavi,3 BHK,Society_26,1774,4.0,0.0,68.93
Plot  Area,Ready To Move,Kudlu Gate,4 BHK,,2562,4.0,3.0,178.59
Plot  Area,Ready To Move,HRBR Layout,4 BHK,,2268,4.0,2.0,163.61
Carpet  Area,Ready To Move,Dasarahalli,3 BHK,,1431,4.0,2.0,100.82
Built-up  Area,Ready To Move,Laggere,3 BHK,,1382,3.0,2.0,86.05
Super built-up  Area,19-Dec,Bommasandra,3 BHK,,1738,3.0,3.0,99.13
Super built-up  Area,19-Dec,Kogilu,4 BHK,,2292,4.0,2.0,113.85
Super built-up  Area,Ready To Move,HSR Layout,3 BHK,Society_13,1326,3.0,2.0,123.46
Super built-up  Area,22-Jan,Lingarajapuram,4 BHK,,2309,4.0,2.0,166.06
Super built-up  Area,Ready To Move,Haralur Road,3 BHK,Society_170,1388 - 1488,4.0,2.0,102.21
Super built-up  Area,19-Dec,Kalyan Nagar,3 BHK,,1671,4.0,3.0,112.89
Built-up  Area,19-Dec,Marathahalli,2 BHK,,1164,3.0,1.0,94.02
Built-up  Area,Ready To Move,Kanakapura Road,3 BHK,Society_35,1352,2.0,3.0,88.48
Super built-up  Area,Ready To Move,Vidyaranyapura,2 BHK,Society_151,925 - 1025,3.0,1.0,56.38
Super built-up  Area,19-Dec,Cunningham Road,4 BHK,,2119,4.0,2.0,297.07
Built-up  Area,Ready To Move,Kalyan Nagar,3 BHK,Society_64,1543,4.0,1.0,103.62
Super built-up  Area,Ready To Move,Budigere Cross,2 BHK,,982,2.0,2.0,70.71
Built-up  Area,Ready To Move,Anekal,4 BHK,,2285,3.0,1.0,82.39
Carpet  Area,Ready To Move,Mysore Road,3 BHK,,1501,4.0,2.0,108.8
Super built-up  Area,Ready To Move,Lavelle Road,5 BHK,,3651,6.0,1.0,836.45
Super built-up  Area,Ready To Move,HSR Layout,2 BHK,Society_102,1259 - 1359,2.0,1.0,107.55
Carpet  Area,Ready To Move,Horamavu Agara,3 BHK,,1373 - 1473,3.0,2.0,75.62
Built-up  Area,19-Dec,Hulimavu,3 BHK,,1373,2.0,3.0,86.45
Plot  Area,Ready To Move,Hormavu,3 BHK,Society_110,1620,3.0,2.0,107.18
Carpet  Area,Ready To Move,Domlur,4 BHK,Society_142,2271,4.0,3.0,232.09
Super built-up  Area,19-Dec,Fraser Town,5 BHK,,3509,5.0,3.0,210.45
Super built-up  Area,19-Dec,Thanisandra Main Road,3 BHK,,1543 - 1643,3.0,0.0,104.35
Super built-up  Area,22-Jan,Narayanapura,2 BHK,,1228,1.0,1.0,85.4
Super built-up  Area,Ready To Move,HBR Layout,2 BHK,,1197,2.0,2.0,72.6
Built-up  Area,Ready To Move,Devanahalli,2 BHK,,859 - 959,2.0,2.0,34.91
Plot  Area,19-Dec,Chamrajpet,4 BHK,,2273,4.0,0.0,194.83
Built-up  Area,22-Jan,Cox Town,1 BHK,Society_47,887,2.0,0.0,45.59
Plot  Area,19-Dec,Kanakapura Road,3 BHK,,1359,2.0,3.0,84.69
Plot  Area,22-Jan,Budigere Cross,2 BHK,,1013,2.0,0.0,63.29
Built-up  Area,22-Jan,Ejipura,3 BHK,Society_81,1466,2.0,2.0,150.24
Super built-up  Area,19-Dec,Nayandahalli,3 BHK,,1374,3.0,1.0,80.93
Built-up  Area,19-Dec,Raja Rajeshwari Nagar,3 BHK,Society_151,1789,3.0,2.0,113.87
Built-up  Area,Ready To Move,BTM Layout,3 BHK,,1652,2.0,3.0,153.03
Built-up  Area,19-Dec,Akshaya Nagar,3 BHK,,1311,2.0,0.0,95.39
Super built-up  Area,Ready To Move,BTM Layout,3 BHK,,1368,3.0,3.0,132.69
Built-up  Area,Ready To Move,Cox Town,1 BHK,Society_186,428 - 528,1.0,1.0,29.99
Built-up  Area,19-Dec,Padmanabhanagar,2 BHK,,1020,2.0,1.0,69.94
Carpet  Area,19-Dec,Kasturi Nagar,5 BHK,Society_36,3552,6.0,0.0,162.98
Super built-up  Area,22-Jan,Rachenahalli,2 BHK,,1042,3.0,2.0,80.9
Carpet  Area,Ready To Move,HSR Layout,3 BHK,,1333 - 1433,2.0,2.0,136.31
Super built-up  Area,Ready To Move,JP Nagar,4 BHK,Society_196,2427,3.0,0.0,271.42
Plot  Area,Ready To Move,Attibele,3 BHK,Society_3,1663 - 1763,3.0,1.0,131.25
Super built-up  Area,22-Jan,Adugodi,3 BHK,,1439,3.0,0.0,78.45
Super built-up  Area,19-Dec,New BEL Road,3 BHK,,1307,3.0,0.0,77.47
Super built-up  Area,Ready To Move,Richmond Town,3 BHK,Society_182,1371,2.0,2.0,174.2
Carpet  Area,Ready To Move,Basaveshwara Nagar,3 BHK,,1779,3.0,2.0,123.23
Plot  Area,22-Jan,Bannerghatta Road,3 BHK,,1638,3.0,2.0,123.57
Super built-up  Area,Ready To Move,Anekal,3 BHK,Society_4,1630,4.0,3.0,48.08
Super built-up  Area,19-Dec,Kumaraswamy Layout,5 BHK,Society_164,3682,6.0,1.0,178.32
Plot  Area,19-Dec,Chikkaballapur Road,2 BHK,,806,3.0,1.0,41.27
Plot  Area,Ready To Move,Devanahalli,1 BHK,Society_139,637,2.0,1.0,29.59
Super built-up  Area,Ready To Move,Bommanahalli,2 BHK,,1215,1.0,2.0,56.65
Super built-up  Area,19-Dec,Girinagar,3 BHK,Society_161,1390,4.0,2.0,60.78
Plot  Area,Ready To Move,BTM Layout,3 BHK,,1719,3.0,1.0,137.71
Super built-up  Area,22-Jan,HBR Layout,3 BHK,,1709,3.0,2.0,112.15
Built-up  Area,Ready To Move,Cunningham Road,2 BHK,,1214,2.0,1.0,181.77
Super built-up  Area,Ready To Move,Banaswadi,3 BHK,Society_32,1675,2.0,0.0,100.0
Super built-up  Area,Ready To Move,Kadugodi,1 BHK,,797,2.0,1.0,47.22
Super built-up  Area,Ready To Move,Hennur Road,2 BHK,Society_9,1119,2.0,2.0,72.0
Built-up  Area,19-Dec,Malleshwaram,4 BHK,,2368,4.0,2.0,263.04
Built-up  Area,22-Jan,Narayanapura,5 BHK,,3533,5.0,0.0,245.27
Built-up  Area,Ready To Move,Devanahalli,2 BHK,Society_31,878,2.0,2.0,44.29
Super built-up  Area,Ready To Move,Arekere,3 BHK,,1317,3.0,3.0,61.72
Super built-up  Area,Ready To Move,Kumaraswamy Layout,2 BHK,Society_189,1056,1.0,2.0,73.04
Super built-up  Area,Ready To Move,KR Puram,4 BHK,Society_193,2328,4.0,2.0,138.17
Built-up  Area,19-Dec,Vidyaranyapura,2 BHK,Society_190,1275,2.0,0.0,76.02
Plot  Area,22-Jan,Basaveshwara Nagar,3 BHK,Society_196,1458,3.0,0.0,84.05
Super built-up  Area,19-Dec,KR Puram,3 BHK,Society_176,1512,2.0,1.0,90.51
Super built-up  Area,Ready To Move,Akshaya Nagar,3 BHK,,1508,3.0,2.0,95.06
Plot  Area,Ready To Move,Basavanagudi,3 BHK,,1542,3.0,0.0,143.22
Super built-up  Area,19-Dec,Horamavu Agara,3 BHK,,1427,3.0,2.0,60.56
Super built-up  Area,Ready To Move,Hoodi,2 BHK,Society_186,1206,2.0,2.0,48.62
Built-up  Area,19-Dec,Kalyan Nagar,2 BHK,Society_153,942,1.0,2.0,54.91
Super built-up  Area,Ready To Move,Basaveshwara Nagar,2 BHK,,1029,3.0,2.0,66.68
Built-up  Area,19-Dec,Vijayanagar,3 BHK,,1548,3.0,2.0,107.19
Plot  Area,Ready To Move,Ramamurthy Nagar,2 BHK,Society_55,1022,1.0,2.0,75.62
Plot  Area,22-Jan,Electronic City,2 BHK,,1240,1.0,2.0,86.78
Carpet  Area,Ready To Move,Bellandur,3 BHK,,1571 - 1671,3.0,1.0,122.77
Plot  Area,19-Dec,Kammanahalli,2 BHK,Society_72,907 - 1007,1.0,0.0,81.93
Super built-up  Area,19-Dec,Old Airport Road,2 BHK,Society_98,863,1.0,1.0,83.56
Plot  Area,Ready To Move,Ulsoor,1 BHK,Society_13,673,2.0,1.0,108.86
Built-up  Area,Ready To Move,Peenya,5 BHK,,3637,5.0,1.0,200.68
Built-up  Area,Ready To Move,Anekal,3 BHK,,1355,3.0,1.0,51.34
Built-up  Area,Ready To Move,Vasanth Nagar,3 BHK,,1573,4.0,1.0,139.74
Carpet  Area,Ready To Move,Devanahalli,2 BHK,,1033 - 1133,2.0,2.0,41.93
Super built-up  Area,Ready To Move,Basaveshwara Nagar,4 BHK,,2569,4.0,1.0,167.62
Built-up  Area,22-Jan,JP Nagar,2 BHK,Society_108,1310,2.0,2.0,133.28
Built-up  Area,Ready To Move,Magadi Road,3 BHK,,1566 - 1666,4.0,2.0,91.65
Built-up  Area,22-Jan,Hebbal,3 BHK,Society_30,1455,3.0,1.0,166.08
Super built-up  Area,Ready To Move,Sadashiva Nagar,3 BHK,,1292,4.0,1.0,174.19
Super built-up  Area,Ready To Move,Kasturi Nagar,3 BHK,,1260,4.0,3.0,78.0
Super built-up  Area,22-Jan,Hoodi,3 BHK,Society_158,1709,4.0,2.0,78.35
Plot  Area,22-Jan,Yeshwanthpur,3 BHK,Society_96,1392,3.0,0.0,110.38
Super built-up  Area,Ready To Move,HBR Layout,3 BHK,,1693,2.0,3.0,133.75
Super built-up  Area,Ready To Move,Akshaya Nagar,3 BHK,Society_79,1797,3.0,2.0,95.92
Carpet  Area,22-Jan,Basaveshwara Nagar,2 BHK,,1174,2.0,2.0,96.45
Super built-up  Area,19-Dec,Lingarajapuram,3 BHK,Society_186,1724,4.0,2.0,116.83
Super built-up  Area,Ready To Move,Banaswadi,3 BHK,,1544,4.0,2.0,98.57
Built-up  Area,Ready To Move,Whitefield,2 BHK,,1088,2.0,2.0,65.32
Super built-up  Area,22-Jan,Gottigere,3 BHK,Society_60,1397,2.0,0.0,92.04
Plot  Area,19-Dec,Budigere Cross,3 BHK,Society_34,1477,3.0,2.0,94.96
Super built-up  Area,19-Dec,Marathahalli,2 BHK,,811,2.0,2.0,54.55
Super built-up  Area,19-Dec,Jigani,4 BHK,Society_100,2200,4.0,1.0,110.18
Built-up  Area,Ready To Move,HSR Layout,4 BHK,,2113,5.0,2.0,180.57
Plot  Area,22-Jan,Jayanagar,3 BHK,,1550,3.0,1.0,194.51
Super built-up  Area,Ready To Move,Mysore Road,2 BHK,,1230 - 1330,2.0,0.0,69.27
Plot  Area,Ready To Move,Nagarbhavi,2 BHK,,893,3.0,2.0,66.65
Built-up  Area,19-Dec,Kengeri,3 BHK,Society_56,1659,3.0,1.0,78.94
Built-up  Area,19-Dec,Varthur,3 BHK,,1719,2.0,2.0,110.75
Built-up  Area,Ready To Move,Gottigere,1 BHK,Society_5,726,1.0,1.0,37.23
Carpet  Area,Ready To Move,Kanakapura Road,3 BHK,Society_103,1597,4.0,0.0,106.21
Super built-up  Area,Ready To Move,Malleshwaram,3 BHK,,1250,2.0,2.0,138.14
Built-up  Area,22-Jan,Malleshwaram,3 BHK,,1308,3.0,1.0,150.22
Built-up  Area,19-Dec,Hoodi,1 BHK,Society_16,520,1.0,1.0,31.17
Super built-up  Area,19-Dec,KR Puram,4 BHK,Society_186,2158,4.0,3.0,115.24
Super built-up  Area,Ready To Move,Rachenahalli,3 BHK,,1502,3.0,1.0,77.6
Built-up  Area,19-Dec,Benson Town,4 BHK,,2431,4.0,2.0,108.82
Super built-up  Area,Ready To Move,Kammanahalli,3 BHK,,1585,4.0,2.0,94.65
Plot  Area,22-Jan,Bommasandra,4 BHK,,2460,5.0,1.0,166.54
Super built-up  Area,19-Dec,Hormavu,2 BHK,Society_143,1201,3.0,2.0,86.3
Built-up  Area,Ready To Move,Kammanahalli,1 BHK,Society_133,419,2.0,1.0,22.66
Plot  Area,Ready To Move,Hennur Road,1 BHK,Society_177,432 - 532,1.0,1.0,35.52
Built-up  Area,19-Dec,Old Airport Road,5 BHK,,3429,5.0,0.0,417.57
Carpet  Area,Ready To Move,Varthur,4 BHK,Society_37,2434,5.0,2.0,179.22
Plot  Area,Ready To Move,Hebbal,2 BHK,,1340,2.0,1.0,168.74
Super built-up  Area,22-Jan,Bommasandra,4 BHK,Society_97,2089,4.0,3.0,146.62
Built-up  Area,19-Dec,Rachenahalli,5 BHK,,3688 - 3788,5.0,1.0,186.6
Plot  Area,Ready To Move,Sadashiva Nagar,3 BHK,,1376,2.0,2.0,194.63
Super built-up  Area,Ready To Move,Kengeri,3 BHK,,1675,3.0,3.0,111.75
Super built-up  Area,19-Dec,Brigade Road,2 BHK,,814,2.0,2.0,105.97
Super built-up  Area,Ready To Move,JP Nagar,4 BHK,Society_119,2183,4.0,3.0,190.09
Super built-up  Area,19-Dec,Uttarahalli,4 BHK,Society_20,2247,4.0,2.0,131.82
Super built-up  Area,19-Dec,Budigere Cross,1 BHK,Society_11,695,2.0,1.0,47.99
Super built-up  Area,Ready To Move,Electronic City,3 BHK,,1201 - 1301,3.0,3.0,53.78
Carpet  Area,22-Jan,Chamrajpet,4 BHK,Society_100,2335,4.0,1.0,153.39
Built-up  Area,Ready To Move,JP Nagar,2 BHK,,927,3.0,1.0,73.77
Super built-up  Area,Ready To Move,Bannerghatta Road,3 BHK,Society_135,1793,4.0,1.0,119.64
Built-up  Area,19-Dec,Marathahalli,2 BHK,,1278,2.0,0.0,85.7
Plot  Area,22-Jan,Bellandur,2 BHK,Society_125,969,2.0,2.0,75.97
Built-up  Area,Ready To Move,Thanisandra Main Road,4 BHK,,2065,4.0,2.0,171.0
Built-up  Area,Ready To Move,Sarjapur Road,4 BHK,,2404,3.0,1.0,129.55
Built-up  Area,22-Jan,Kanakapura Road,3 BHK,,1450,2.0,2.0,85.44
Built-up  Area,Ready To Move,Ejipura,5 BHK,Society_149,3894,5.0,3.0,307.52
Carpet  Area,22-Jan,Wilson Garden,2 BHK,Society_194,1148,3.0,1.0,105.81
Built-up  Area,Ready To Move,Vidyaranyapura,3 BHK,Society_122,1336,4.0,1.0,74.33
Built-up  Area,22-Jan,Kadugodi,4 BHK,Society_160,2540 - 2640,3.0,2.0,159.26
Built-up  Area,22-Jan,Jalahalli,3 BHK,,1692,3.0,2.0,105.98
Carpet  Area,Ready To Move,Hosa Road,3 BHK,,1252,3.0,2.0,89.55
Plot  Area,Ready To Move,Rajarajeshwari Nagara,4 BHK,Society_187,2488,5.0,1.0,162.29
Super built-up  Area,22-Jan,Old Airport Road,2 BHK,,1144,3.0,2.0,99.15
Super built-up  Area,Ready To Move,Begur Road,2 BHK,Society_163,895,2.0,1.0,68.34
Built-up  Area,Ready To Move,Chamrajpet,4 BHK,,2567,5.0,2.0,182.34
Built-up  Area,22-Jan,Kogilu,4 BHK,Society_196,2221,5.0,1.0,121.73
Built-up  Area,22-Jan,Hulimavu,2 BHK,,1092,2.0,2.0,81.95
Super built-up  Area,Ready To Move,Basaveshwara Nagar,4 BHK,,2266,4.0,3.0,159.58
Built-up  Area,22-Jan,Bannerghatta Road,3 BHK,,1481,4.0,1.0,90.73
Plot  Area,Ready To Move,Kumaraswamy Layout,3 BHK,,1491,2.0,1.0,86.71
Super built-up  Area,Ready To Move,Padmanabhanagar,3 BHK,,1341,3.0,2.0,99.92
Super built-up  Area,Ready To Move,Dasarahalli,5 BHK,,3776 - 3876,5.0,3.0,200.09
Built-up  Area,Ready To Move,Padmanabhanagar,3 BHK,Society_42,1414,3.0,3.0,73.57
Carpet  Area,22-Jan,Mahadevapura,3 BHK,Society_25,1422 - 1522,3.0,0.0,78.48
Super built-up  Area,Ready To Move,Gottigere,3 BHK,,1440,4.0,2.0,72.31
Super built-up  Area,Ready To Move,Kudlu Gate,3 BHK,,1504,3.0,0.0,73.72
Super built-up  Area,Ready To Move,Thanisandra Main Road,3 BHK,Society_161,1410,4.0,2.0,101.08
Super built-up  Area,22-Jan,Vidyaranyapura,3 BHK,,1258 - 1358,3.0,0.0,70.77
Super built-up  Area,19-Dec,Marathahalli,3 BHK,,1373,4.0,3.0,69.55
Built-up  Area,19-Dec,Mahadevapura,4 BHK,Society_149,2166,4.0,1.0,92.78
Built-up  Area,22-Jan,RT Nagar,4 BHK,,2272,4.0,0.0,139.16
Super built-up  Area,Ready To Move,Vijayanagar,3 BHK,,1285,2.0,2.0,58.9
Built-up  Area,Ready To Move,Hulimavu,3 BHK,Society_162,1366,3.0,2.0,95.45
Super built-up  Area,Ready To Move,Begur Road,2 BHK,Society_38,1244,2.0,1.0,87.18
Plot  Area,Ready To Move,Wilson Garden,3 BHK,,1373,3.0,1.0,144.1
Super built-up  Area,22-Jan,Kengeri,4 BHK,Society_119,2427,4.0,1.0,148.5
Super built-up  Area,Ready To Move,Sadashiva Nagar,3 BHK,Society_197,1312,3.0,0.0,201.88
Super built-up  Area,Ready To Move,Padmanabhanagar,2 BHK,,1203,2.0,2.0,68.52
Super built-up  Area,22-Jan,Whitefield,2 BHK,Society_51,916 - 1016,2.0,2.0,54.7
Super built-up  Area,Ready To Move,Kanakapura Road,4 BHK,Society_110,2174,4.0,2.0,109.59
Super built-up  Area,Ready To Move,Jigani,4 BHK,,2143,4.0,0.0,141.38
Super built-up  Area,Ready To Move,Padmanabhanagar,2 BHK,,1200,2.0,1.0,71.84
Built-up  Area,Ready To Move,Jalahalli,2 BHK,,1215,2.0,2.0,69.46
Super built-up  Area,Ready To Move,Cox Town,3 BHK,,1548,3.0,1.0,100.95
Super built-up  Area,Ready To Move,Sahakara Nagar,2 BHK,,1321,2.0,1.0,92.61
Carpet  Area,22-Jan,Chamrajpet,3 BHK,Society_168,1518,2.0,1.0,125.21
Built-up  Area,Ready To Move,Attibele,3 BHK,Society_3,1693,2.0,2.0,102.03
Super built-up  Area,19-Dec,Nagarbhavi,3 BHK,Society_114,1233 - 1333,2.0,1.0,62.61
Plot  Area,Ready To Move,Mysore Road,4 BHK,,2087,5.0,1.0,110.63
Super built-up  Area,Ready To Move,Adugodi,4 BHK,,2584,4.0,0.0,143.03
Plot  Area,Ready To Move,Chikkaballapur Road,3 BHK,,1722,3.0,3.0,115.35
Built-up  Area,Ready To Move,Gottigere,2 BHK,Society_60,910,2.0,1.0,58.59
Built-up  Area,Ready To Move,Jakkur,3 BHK,Society_60,1557,3.0,3.0,84.45
Plot  Area,Ready To Move,Koramangala,5 BHK,,3644,5.0,1.0,530.25
Super built-up  Area,19-Dec,Kadugodi,3 BHK,,1217 - 1317,4.0,1.0,67.53
Super built-up  Area,Ready To Move,Basaveshwara Nagar,3 BHK,,1283 - 1383,4.0,2.0,71.55
Built-up  Area,19-Dec,Varthur,3 BHK,Society_57,1625,3.0,0.0,57.53
Super built-up  Area,Ready To Move,Dasarahalli,2 BHK,Society_176,1042,2.0,1.0,52.8
Plot  Area,22-Jan,Koramangala,2 BHK,Society_74,834,2.0,1.0,140.76
Built-up  Area,Ready To Move,Laggere,2 BHK,Society_33,1078,2.0,2.0,82.78
Plot  Area,Ready To Move,Banashankari,3 BHK,,1284,3.0,2.0,77.83
Built-up  Area,Ready To Move,Lingarajapuram,3 BHK,,1669,2.0,3.0,134.16
Super built-up  Area,Ready To Move,Thanisandra Main Road,2 BHK,,1089,3.0,2.0,71.17
Built-up  Area,19-Dec,Cunningham Road,2 BHK,,873,2.0,1.0,128.57
Super built-up  Area,Ready To Move,Old Airport Road,3 BHK,,1403,3.0,0.0,141.09
Super built-up  Area,19-Dec,Akshaya Nagar,2 BHK,Society_5,1209,2.0,2.0,62.77
Super built-up  Area,Ready To Move,Devanahalli,3 BHK,,1636 - 1736,3.0,0.0,77.35
Built-up  Area,19-Dec,Bannerghatta Road,2 BHK,,1201,2.0,2.0,89.82
Super built-up  Area,Ready To Move,Kadugodi,2 BHK,,1153,1.0,0.0,57.37
Built-up  Area,22-Jan,Begur Road,3 BHK,Society_184,1717 - 1817,3.0,0.0,117.25
Super built-up  Area,22-Jan,Jalahalli,2 BHK,Society_172,1062,2.0,1.0,61.36
Super built-up  Area,Ready To Move,Peenya,4 BHK,,2313,3.0,1.0,122.47
Carpet  Area,Ready To Move,Jakkur,3 BHK,Society_100,1446,4.0,1.0,75.14
Super built-up  Area,Ready To Move,Begur Road,3 BHK,,1436 - 1536,2.0,0.0,90.98
Super built-up  Area,Ready To Move,Vasanth Nagar,1 BHK,Society_5,944,1.0,0.0,130.45
Super built-up  Area,Ready To Move,Laggere,2 BHK,,1053,1.0,1.0,57.33
Plot  Area,Ready To Move,Ulsoor,3 BHK,Society_70,1629,4.0,2.0,211.97
Super built-up  Area,Ready To Move,Anekal,3 BHK,Society_171,1757,3.0,1.0,75.82
Super built-up  Area,Ready To Move,Narayanapura,2 BHK,Society_187,1228,2.0,2.0,93.27
Carpet  Area,19-Dec,Mysore Road,2 BHK,,908,2.0,1.0,65.04
Super built-up  Area,Ready To Move,Old Airport Road,2 BHK,Society_176,1027,2.0,2.0,87.49
Built-up  Area,19-Dec,Arekere,3 BHK,Society_98,1424,3.0,2.0,112.68
Super built-up  Area,19-Dec,Rachenahalli,1 BHK,,770 - 870,2.0,1.0,55.93
Built-up  Area,Ready To Move,Vijayanagar,1 BHK,Society_43,417,1.0,1.0,22.97
Plot  Area,19-Dec,Basaveshwara Nagar,2 BHK,,1205,2.0,1.0,84.4
Super built-up  Area,Ready To Move,Vidyaranyapura,4 BHK,,2352 - 2452,4.0,2.0,110.22
Built-up  Area,19-Dec,Peenya,4 BHK,,2443,4.0,2.0,126.1
Super built-up  Area,Ready To Move,Uttarahalli,3 BHK,,1260,2.0,3.0,59.13
Super built-up  Area,Ready To Move,Horamavu Agara,3 BHK,Society_78,1570,3.0,1.0,109.79
Built-up  Area,Ready To Move,Gottigere,3 BHK,,1210 - 1310,3.0,0.0,62.22
Built-up  Area,19-Dec,Arekere,3 BHK,Society_131,1289,3.0,2.0,65.37
Super built-up  Area,22-Jan,Hosa Road,4 BHK,,2582,4.0,2.0,182.98
Super built-up  Area,Ready To Move,Cox Town,4 BHK,,2560,5.0,1.0,163.83
Plot  Area,Ready To Move,Kammanahalli,4 BHK,Society_115,2126,4.0,1.0,176.14
Super built-up  Area,Ready To Move,Koramangala,1 BHK,,526,1.0,1.0,83.24
Carpet  Area,Ready To Move,Magadi Road,3 BHK,,1775,3.0,1.0,88.11
Super built-up  Area,22-Jan,Banaswadi,3 BHK,Society_155,1580,3.0,1.0,104.21
Plot  Area,22-Jan,Kanakapura Road,3 BHK,Society_121,1533,3.0,2.0,107.02
Super built-up  Area,Ready To Move,Yelahanka,3 BHK,,1695,3.0,1.0,109.91
Plot  Area,22-Jan,Jayanagar,2 BHK,,1064,2.0,1.0,161.37
Built-up  Area,Ready To Move,Ulsoor,4 BHK,Society_111,2541,4.0,2.0,258.83
Super built-up  Area,Ready To Move,Bannerghatta Road,5 BHK,,3717,5.0,0.0,213.42
Super built-up  Area,Ready To Move,Magadi Road,3 BHK,Society_71,1787,3.0,2.0,111.35
Super built-up  Area,19-Dec,Electronic City,2 BHK,,1179,2.0,0.0,70.1
Carpet  Area,Ready To Move,HRBR Layout,2 BHK,Society_135,972 - 1072,1.0,1.0,55.42
Built-up  Area,Ready To Move,Sarjapur Road,4 BHK,,2500,3.0,1.0,161.27
Super built-up  Area,Ready To Move,Wilson Garden,3 BHK,Society_34,1434,3.0,0.0,136.07
Built-up  Area,22-Jan,Narayanapura,5 BHK,Society_3,3426,5.0,3.0,247.78
Super built-up  Area,22-Jan,Horamavu Agara,3 BHK,,1560,3.0,1.0,97.93
Built-up  Area,Ready To Move,Yeshwanthpur,2 BHK,,1097,2.0,0.0,66.16
Super built-up  Area,Ready To Move,Hosa Road,3 BHK,Society_161,1361 - 1461,4.0,2.0,70.33
Built-up  Area,Ready To Move,Haralur Road,3 BHK,,1491,3.0,2.0,108.16
Carpet  Area,22-Jan,Thanisandra Main Road,4 BHK,Society_104,2182,5.0,2.0,130.61
Super built-up  Area,Ready To Move,KR Puram,3 BHK,,1278,3.0,1.0,95.48
Super built-up  Area,22-Jan,Marathahalli,3 BHK,,1626,3.0,3.0,120.91
Plot  Area,Ready To Move,Mahadevapura,5 BHK,Society_123,3550,6.0,1.0,232.8
Super built-up  Area,19-Dec,Haralur Road,2 BHK,Society_93,870,3.0,0.0,50.67
Super built-up  Area,22-Jan,Peenya,2 BHK,,868,2.0,1.0,38.91
Super built-up  Area,22-Jan,Magadi Road,4 BHK,Society_174,2414,4.0,2.0,146.96
Plot  Area,19-Dec,Jayanagar,2 BHK,,825,2.0,2.0,101.12
Built-up  Area,Ready To Move,Kammanahalli,3 BHK,Society_3,1351,3.0,1.0,85.23
Built-up  Area,Ready To Move,Raja Rajeshwari Nagar,2 BHK,,830,2.0,2.0,42.21
Super built-up  Area,22-Jan,Nagarbhavi,2 BHK,,876,3.0,1.0,61.33
Built-up  Area,Ready To Move,Fraser Town,3 BHK,,1519,3.0,2.0,106.46
Super built-up  Area,Ready To Move,Padmanabhanagar,3 BHK,Society_3,1593,4.0,0.0,95.31
Built-up  Area,22-Jan,Kammanahalli,4 BHK,,2512,4.0,3.0,176.89
Plot  Area,Ready To Move,RT Nagar,2 BHK,Society_17,1156,2.0,2.0,72.19
Super built-up  Area,19-Dec,Ulsoor,4 BHK,Society_188,2556,4.0,0.0,248.24
Built-up  Area,Ready To Move,Vidyaranyapura,2 BHK,Society_165,1101,1.0,2.0,71.87
Built-up  Area,Ready To Move,Mysore Road,4 BHK,,2300,5.0,1.0,144.54
Built-up  Area,Ready To Move,Nagarbhavi,2 BHK,,985 - 1085,3.0,2.0,72.95
Super built-up  Area,Ready To Move,Old Airport Road,5 BHK,,3776,4.0,2.0,475.08
Super built-up  Area,Ready To Move,Richmond Town,3 BHK,,1314,2.0,1.0,173.2
Super built-up  Area,22-Jan,Ejipura,3 BHK,,1366,3.0,2.0,126.71
Built-up  Area,Ready To Move,Jakkur,2 BHK,,1170,2.0,2.0,72.8
Carpet  Area,Ready To Move,Thanisandra,2 BHK,,1116,2.0,2.0,62.6
Carpet  Area,Ready To Move,Cox Town,5 BHK,,3872,4.0,0.0,298.59
Built-up  Area,19-Dec,Hennur Road,1 BHK,,374 - 474,2.0,1.0,13.96
Super built-up  Area,19-Dec,HSR Layout,3 BHK,,1667,2.0,1.0,137.42
Plot  Area,Ready To Move,Anekal,4 BHK,,2076,4.0,2.0,85.11
Built-up  Area,Ready To Move,Yelahanka,1 BHK,,837,1.0,1.0,59.87
Built-up  Area,22-Jan,Kalyan Nagar,1 BHK,Society_25,940,1.0,0.0,41.64
Built-up  Area,Ready To Move,Dasarahalli,4 BHK,,2467,4.0,1.0,148.14
Carpet  Area,19-Dec,Jakkur,2 BHK,Society_15,1208,2.0,1.0,82.43
Super built-up  Area,19-Dec,Kengeri,2 BHK,,965,2.0,1.0,56.59
Built-up  Area,Ready To Move,RT Nagar,2 BHK,,1347,3.0,2.0,73.91
Super built-up  Area,19-Dec,Yelahanka,2 BHK,,1055,1.0,1.0,57.45
Super built-up  Area,Ready To Move,Banashankari,3 BHK,,1545,2.0,1.0,119.45
Plot  Area,Ready To Move,Devanahalli,3 BHK,,1347,3.0,1.0,79.25
Carpet  Area,22-Jan,Jakkur,3 BHK,Society_123,1383,3.0,3.0,102.7
Carpet  Area,22-Jan,Brigade Road,3 BHK,Society_45,1553,3.0,1.0,216.29
Plot  Area,Ready To Move,Banaswadi,3 BHK,,1764,3.0,1.0,141.5
Built-up  Area,Ready To Move,Bannerghatta Road,3 BHK,Society_110,1376,3.0,2.0,81.14
Super built-up  Area,22-Jan,Indira Nagar,3 BHK,,1525 - 1625,2.0,3.0,205.86
Super built-up  Area,Ready To Move,Yeshwanthpur,2 BHK,,1280,2.0,1.0,59.19
Super built-up  Area,Ready To Move,Varthur,2 BHK,Society_83,1227,2.0,2.0,66.39
Super built-up  Area,19-Dec,Thanisandra,2 BHK,,928,2.0,2.0,47.69
Super built-up  Area,19-Dec,Jalahalli,1 BHK,,407,1.0,1.0,26.43
Super built-up  Area,19-Dec,Rajarajeshwari Nagara,1 BHK,,592,1.0,1.0,31.34
Super built-up  Area,Ready To Move,Hormavu,2 BHK,Society_20,1071,3.0,2.0,66.75
Super built-up  Area,22-Jan,Vasanth Nagar,3 BHK,Society_101,1400,4.0,0.0,158.43
Plot  Area,Ready To Move,Jalahalli,4 BHK,,2147,5.0,3.0,156.28
Super built-up  Area,22-Jan,Hormavu,2 BHK,Society_89,795 - 895,2.0,0.0,45.25
Super built-up  Area,Ready To Move,Sadashiva Nagar,4 BHK,Society_31,2148,3.0,2.0,385.27
Built-up  Area,Ready To Move,Cox Town,2 BHK,,905,1.0,2.0,47.32
Super built-up  Area,Ready To Move,Padmanabhanagar,2 BHK,,784 - 884,1.0,2.0,57.88
Built-up  Area,Ready To Move,Electronic City,3 BHK,,1529,2.0,2.0,87.1
Super built-up  Area,Ready To Move,Kengeri,4 BHK,,2167 - 2267,4.0,3.0,145.18
Built-up  Area,19-Dec,Basaveshwara Nagar,2 BHK,,1204,3.0,0.0,79.09
Built-up  Area,Ready To Move,Akshaya Nagar,4 BHK,,2390 - 2490,4.0,1.0,121.85
Plot  Area,Ready To Move,Chikkaballapur Road,3 BHK,Society_158,1613,3.0,1.0,106.07
Built-up  Area,Ready To Move,Hennur Road,3 BHK,Society_192,1709,3.0,2.0,91.25
Carpet  Area,Ready To Move,Raja Rajeshwari Nagar,1 BHK,,792 - 892,1.0,1.0,46.99
Super built-up  Area,19-Dec,CV Raman Nagar,3 BHK,Society_170,1266,3.0,1.0,68.04
Built-up  Area,Ready To Move,Brigade Road,3 BHK,,1342,2.0,1.0,186.64
Super built-up  Area,Ready To Move,Rajaji Nagar,2 BHK,,1269 - 1369,2.0,2.0,187.46
Super built-up  Area,Ready To Move,HRBR Layout,3 BHK,Society_105,1676,2.0,1.0,84.96
Super built-up  Area,Ready To Move,Uttarahalli,3 BHK,,1443,3.0,1.0,85.25
Super built-up  Area,19-Dec,Jigani,2 BHK,,932,2.0,2.0,58.76
Super built-up  Area,Ready To Move,Uttarahalli,3 BHK,,1639,3.0,1.0,113.29
Carpet  Area,19-Dec,CV Raman Nagar,3 BHK,,1387,3.0,0.0,69.85
Built-up  Area,22-Jan,Kalyan Nagar,3 BHK,Society_45,1506,3.0,0.0,79.74
Built-up  Area,22-Jan,Rajarajeshwari Nagara,2 BHK,,1091,3.0,1.0,76.89
Plot  Area,19-Dec,Ejipura,3 BHK,,1502,3.0,1.0,133.29
Super built-up  Area,22-Jan,Marathahalli,2 BHK,,1108,3.0,0.0,76.87
Super built-up  Area,Ready To Move,Mahadevapura,5 BHK,Society_67,3633 - 3733,5.0,1.0,282.81
Super built-up  Area,Ready To Move,Old Madras Road,2 BHK,Society_129,1315,2.0,2.0,86.09
Carpet  Area,Ready To Move,Thanisandra,4 BHK,,2379,3.0,0.0,101.81
Super built-up  Area,Ready To Move,BTM Layout,2 BHK,,1089,2.0,1.0,86.33
Super built-up  Area,Ready To Move,Nayandahalli,1 BHK,,621,1.0,1.0,31.26
Super built-up  Area,Ready To Move,Peenya,1 BHK,,462 - 562,2.0,1.0,23.09
Super built-up  Area,Ready To Move,Kudlu Gate,4 BHK,,2405,3.0,1.0,112.79
Plot  Area,Ready To Move,Nagarbhavi,2 BHK,,1215,2.0,1.0,82.9
Super built-up  Area,Ready To Move,Raja Rajeshwari Nagar,3 BHK,,1528,2.0,0.0,110.92
Super built-up  Area,22-Jan,Yelahanka,3 BHK,Society_78,1376,4.0,0.0,66.08
Built-up  Area,19-Dec,Dasarahalli,4 BHK,Society_11,2314,5.0,1.0,135.4
Built-up  Area,Ready To Move,Thanisandra Main Road,2 BHK,,1169,2.0,2.0,56.73
Plot  Area,Ready To Move,Hebbal,2 BHK,Society_102,843,2.0,2.0,97.2
Super built-up  Area,Ready To Move,Kasturi Nagar,3 BHK,,1448,2.0,2.0,83.76
Built-up  Area,Ready To Move,Kadugodi,3 BHK,,1754,3.0,1.0,80.33
Plot  Area,19-Dec,KR Puram,1 BHK,,446,1.0,1.0,31.36
Super built-up  Area,Ready To Move,Hebbal,2 BHK,,984,2.0,2.0,81.36
Super built-up  Area,Ready To Move,Jigani,3 BHK,,1346,3.0,1.0,76.63
Super built-up  Area,Ready To Move,Whitefield,2 BHK,,1213,2.0,1.0,83.94
Built-up  Area,22-Jan,Bagalur,3 BHK,Society_5,1356,2.0,2.0,90.93
Super built-up  Area,19-Dec,Old Airport Road,2 BHK,,1214,3.0,2.0,113.17
Built-up  Area,Ready To Move,Electronic City,2 BHK,Society_102,869,2.0,2.0,45.5
Super built-up  Area,Ready To Move,Lingarajapuram,2 BHK,,931,3.0,1.0,53.47
Carpet  Area,19-Dec,Bommanahalli,2 BHK,,883,2.0,2.0,57.76
Carpet  Area,19-Dec,Rachenahalli,4 BHK,Society_103,2547,4.0,2.0,167.89
Super built-up  Area,22-Jan,CV Raman Nagar,3 BHK,,1517,2.0,0.0,71.41
Plot  Area,22-Jan,Vasanth Nagar,2 BHK,Society_120,1178,2.0,0.0,176.38
Built-up  Area,Ready To Move,Hormavu,4 BHK,,2348,3.0,2.0,164.64
Built-up  Area,19-Dec,Cox Town,2 BHK,Society_114,1089,2.0,2.0,54.88
Plot  Area,22-Jan,Yelahanka,3 BHK,,1484,3.0,3.0,89.73
Super built-up  Area,19-Dec,Cox Town,2 BHK,,1151,2.0,1.0,75.44
Plot  Area,Ready To Move,Wilson Garden,3 BHK,,1464,2.0,1.0,187.34
Super built-up  Area,19-Dec,Sadashiva Nagar,2 BHK,Society_120,1142,2.0,1.0,214.67
Super built-up  Area,Ready To Move,Benson Town,3 BHK,Society_27,1552,2.0,1.0,108.21
Super built-up  Area,19-Dec,Whitefield,4 BHK,,2176,5.0,2.0,108.43
Built-up  Area,19-Dec,Sadashiva Nagar,5 BHK,Society_29,3760,6.0,0.0,703.75
Plot  Area,Ready To Move,Kudlu Gate,1 BHK,Society_1,943,2.0,1.0,60.73
Super built-up  Area,Ready To Move,Hennur Road,3 BHK,,1290,4.0,2.0,73.09
Plot  Area,Ready To Move,Basaveshwara Nagar,3 BHK,,1566,3.0,3.0,117.76
Plot  Area,Ready To Move,Sarjapur Road,4 BHK,,2240,4.0,2.0,158.75
Super built-up  Area,22-Jan,Cox Town,2 BHK,,1098 - 1198,3.0,1.0,85.08
Super built-up  Area,22-Jan,Banashankari,4 BHK,Society_14,2129 - 2229,5.0,1.0,148.86
Carpet  Area,Ready To Move,Hoodi,3 BHK,,1236 - 1336,4.0,2.0,83.14
Carpet  Area,19-Dec,KR Puram,2 BHK,,1126,3.0,2.0,80.56
Built-up  Area,19-Dec,Jayanagar,3 BHK,Society_87,1699 - 1799,3.0,2.0,167.96
Super built-up  Area,19-Dec,Padmanabhanagar,3 BHK,,1769,3.0,2.0,95.13
Built-up  Area,Ready To Move,Cunningham Road,3 BHK,,1623,3.0,1.0,189.62
Built-up  Area,Ready To Move,HSR Layout,2 BHK,Society_110,1031,2.0,2.0,104.08
Built-up  Area,19-Dec,Begur Road,2 BHK,,1284,2.0,2.0,86.13
Super built-up  Area,Ready To Move,Nayandahalli,4 BHK,,2437,4.0,2.0,150.32
Super built-up  Area,22-Jan,Begur Road,4 BHK,,2119 - 2219,3.0,1.0,151.68
Super built-up  Area,19-Dec,Horamavu Agara,4 BHK,,2242,4.0,2.0,143.15
Super built-up  Area,22-Jan,Mahadevapura,3 BHK,Society_124,1573,4.0,0.0,97.15
Super built-up  Area,Ready To Move,Cox Town,3 BHK,Society_100,1382,2.0,1.0,103.72
Plot  Area,Ready To Move,Kumaraswamy Layout,3 BHK,,1470 - 1570,3.0,2.0,105.15
Carpet  Area,19-Dec,Mysore Road,1 BHK,,711,1.0,1.0,32.86
Plot  Area,Ready To Move,Cunningham Road,3 BHK,,1581,3.0,3.0,298.5
Super built-up  Area,Ready To Move,Thanisandra Main Road,3 BHK,,1559,4.0,3.0,79.8
Built-up  Area,Ready To Move,Bannerghatta Road,3 BHK,Society_42,1564,3.0,1.0,90.07
Super built-up  Area,22-Jan,Electronic City,4 BHK,Society_51,2265 - 2365,5.0,2.0,113.27
Carpet  Area,Ready To Move,Rachenahalli,2 BHK,,1324,1.0,1.0,75.2
Built-up  Area,Ready To Move,Richmond Town,1 BHK,,828 - 928,1.0,1.0,111.94
Built-up  Area,Ready To Move,Malleshwaram,2 BHK,Society_197,1006,2.0,1.0,115.99
Super built-up  Area,Ready To Move,Jakkur,4 BHK,,2152,4.0,1.0,105.93
Built-up  Area,Ready To Move,HBR Layout,4 BHK,Society_20,2486,5.0,2.0,153.97
Super built-up  Area,22-Jan,Kogilu,4 BHK,Society_17,2059,4.0,2.0,161.09
Plot  Area,Ready To Move,HSR Layout,2 BHK,,805,2.0,2.0,82.29
Built-up  Area,Ready To Move,Electronic City,2 BHK,,1279,2.0,0.0,60.69
Carpet  Area,Ready To Move,Koramangala,4 BHK,,2472,4.0,2.0,331.03
Built-up  Area,Ready To Move,HBR Layout,1 BHK,,846,1.0,1.0,47.47
Super built-up  Area,22-Jan,Sarjapur Road,2 BHK,,1347,2.0,2.0,80.49
Built-up  Area,Ready To Move,Koramangala,3 BHK,Society_152,1714,4.0,2.0,258.83
Carpet  Area,22-Jan,Kengeri,3 BHK,Society_18,1398,3.0,2.0,98.91
Super built-up  Area,Ready To Move,Koramangala,5 BHK,Society_134,3665,5.0,1.0,610.98
Built-up  Area,Ready To Move,Nagarbhavi,4 BHK,,2461,4.0,0.0,140.17
Plot  Area,Ready To Move,Gottigere,3 BHK,Society_173,1607 - 1707,3.0,2.0,99.41
Plot  Area,Ready To Move,Arekere,2 BHK,,1071,2.0,1.0,85.79
Built-up  Area,Ready To Move,Akshaya Nagar,3 BHK,,1671,4.0,3.0,119.66
Plot  Area,Ready To Move,Devanahalli,3 BHK,Society_135,1715 - 1815,3.0,2.0,89.36
Plot  Area,Ready To Move,Kalyan Nagar,2 BHK,Society_145,1293,3.0,1.0,71.56
Carpet  Area,Ready To Move,Fraser Town,3 BHK,,1719,3.0,1.0,119.07
Super built-up  Area,Ready To Move,Lingarajapuram,1 BHK,,863,1.0,1.0,45.91
Super built-up  Area,Ready To Move,Bommanahalli,2 BHK,Society_57,911 - 1011,2.0,2.0,54.04
Built-up  Area,Ready To Move,HRBR Layout,3 BHK,Society_133,1556,3.0,0.0,71.23
Carpet  Area,Ready To Move,Cox Town,3 BHK,,1300,3.0,1.0,72.7
Super built-up  Area,19-Dec,Sadashiva Nagar,3 BHK,,1543,4.0,1.0,165.92
Plot  Area,19-Dec,Rajaji Nagar,1 BHK,Society_84,516,1.0,1.0,66.38
Super built-up  Area,Ready To Move,Raja Rajeshwari Nagar,3 BHK,,1474,2.0,3.0,78.12
Super built-up  Area,19-Dec,Hosa Road,2 BHK,,1281,2.0,2.0,63.67
Super built-up  Area,22-Jan,Fraser Town,3 BHK,Society_16,1553 - 1653,2.0,1.0,94.61
Super built-up  Area,Ready To Move,Malleshwaram,4 BHK,,2575,4.0,1.0,253.35
Super built-up  Area,19-Dec,Electronic City,2 BHK,,1171 - 1271,3.0,2.0,58.16
Super built-up  Area,22-Jan,Peenya,3 BHK,,1771,3.0,2.0,103.94
Super built-up  Area,Ready To Move,Cox Town,2 BHK,,884,2.0,0.0,66.27
Built-up  Area,Ready To Move,Banaswadi,4 BHK,Society_59,2250,4.0,2.0,160.37
Built-up  Area,Ready To Move,Richmond Town,4 BHK,Society_169,2138,5.0,2.0,362.79
Built-up  Area,Ready To Move,Vidyaranyapura,3 BHK,Society_27,1321,4.0,2.0,70.17
Super built-up  Area,19-Dec,Bannerghatta Road,4 BHK,Society_134,2097 - 2197,3.0,1.0,144.61
Built-up  Area,Ready To Move,Jalahalli,2 BHK,Society_30,1314,2.0,1.0,70.27
Built-up  Area,Ready To Move,Narayanapura,4 BHK,,2462,4.0,0.0,170.57
Plot  Area,Ready To Move,Laggere,2 BHK,,974,3.0,0.0,64.0
Built-up  Area,19-Dec,Vidyaranyapura,2 BHK,Society_36,1208,2.0,2.0,55.95
Super built-up  Area,Ready To Move,Hoodi,2 BHK,,832,1.0,1.0,55.01
Super built-up  Area,Ready To Move,Wilson Garden,3 BHK,,1442,3.0,2.0,153.94
Super built-up  Area,22-Jan,Koramangala,3 BHK,,1218 - 1318,3.0,0.0,157.38
Super built-up  Area,Ready To Move,Banashankari,4 BHK,Society_9,2543 - 2643,5.0,3.0,159.25
Built-up  Area,Ready To Move,HBR Layout,5 BHK,Society_96,3516,4.0,1.0,158.18
Carpet  Area,19-Dec,Ramamurthy Nagar,3 BHK,,1664,3.0,1.0,79.09
Super built-up  Area,Ready To Move,Whitefield,3 BHK,Society_159,1454,3.0,0.0,100.1
Built-up  Area,19-Dec,Kammanahalli,3 BHK,,1577 - 1677,3.0,3.0,94.1
Super built-up  Area,Ready To Move,Lingarajapuram,2 BHK,,1260,2.0,1.0,90.18
Carpet  Area,Ready To Move,Kalyan Nagar,2 BHK,Society_25,968,2.0,2.0,73.58
Built-up  Area,19-Dec,RT Nagar,4 BHK,Society_26,2583,4.0,1.0,128.94
Built-up  Area,19-Dec,Benson Town,2 BHK,,1063,3.0,1.0,56.36
Super built-up  Area,19-Dec,BTM Layout,3 BHK,,1401,2.0,0.0,103.24
Super built-up  Area,19-Dec,Rajaji Nagar,2 BHK,,1235,3.0,2.0,139.96
Carpet  Area,Ready To Move,RT Nagar,1 BHK,Society_192,655 - 755,1.0,1.0,39.18
Super built-up  Area,Ready To Move,Ramamurthy Nagar,2 BHK,,1263,3.0,0.0,73.95
Built-up  Area,19-Dec,Kammanahalli,4 BHK,,2244,4.0,1.0,146.91
Super built-up  Area,Ready To Move,Begur Road,3 BHK,,1593,3.0,3.0,110.8
Super built-up  Area,Ready To Move,Jakkur,4 BHK,,2447,4.0,2.0,157.28
Built-up  Area,Ready To Move,Padmanabhanagar,2 BHK,Society_118,1295,2.0,1.0,87.22
Built-up  Area,22-Jan,Jigani,5 BHK,,3445,5.0,0.0,195.13
Super built-up  Area,Ready To Move,Vasanth Nagar,2 BHK,,965 - 1065,2.0,1.0,92.7
Super built-up  Area,22-Jan,New BEL Road,4 BHK,,2210 - 2310,5.0,0.0,133.73
Built-up  Area,Ready To Move,Hormavu,2 BHK,,931,3.0,2.0,44.86
Super built-up  Area,Ready To Move,Kengeri,3 BHK,,1293 - 1393,4.0,0.0,85.48
Carpet  Area,19-Dec,Richmond Town,3 BHK,Society_48,1420,3.0,2.0,232.93
Super built-up  Area,22-Jan,Narayanapura,2 BHK,Society_3,995,2.0,1.0,52.78
Built-up  Area,22-Jan,BTM Layout,5 BHK,,3388,5.0,1.0,355.49
Built-up  Area,Ready To Move,Vidyaranyapura,3 BHK,Society_174,1661,2.0,2.0,73.24
Super built-up  Area,Ready To Move,Mysore Road,2 BHK,,1191,2.0,2.0,81.55
Carpet  Area,19-Dec,Indira Nagar,3 BHK,,1334,3.0,1.0,163.9
Super built-up  Area,Ready To Move,Sahakara Nagar,4 BHK,Society_130,2587,4.0,2.0,156.5
Carpet  Area,Ready To Move,Vijayanagar,4 BHK,,2359,4.0,0.0,110.95
Super built-up  Area,Ready To Move,Sarjapur Road,2 BHK,Society_138,1179,3.0,2.0,48.08
Built-up  Area,Ready To Move,Rajarajeshwari Nagara,2 BHK,,1177,2.0,2.0,71.4
Plot  Area,Ready To Move,Jayanagar,3 BHK,,1738,3.0,1.0,315.99
Super built-up  Area,Ready To Move,Lavelle Road,4 BHK,Society_61,2290,5.0,3.0,490.47
Plot  Area,Ready To Move,Devanahalli,5 BHK,,3412,6.0,0.0,207.27
Built-up  Area,Ready To Move,Hoodi,3 BHK,,1443,3.0,1.0,106.23
Super built-up  Area,Ready To Move,Kanakapura Road,3 BHK,Society_118,1412 - 1512,3.0,0.0,75.66
Super built-up  Area,22-Jan,Budigere Cross,3 BHK,,1364,2.0,1.0,77.73
Built-up  Area,Ready To Move,Varthur,2 BHK,,994,1.0,1.0,47.14
Super built-up  Area,Ready To Move,Banaswadi,4 BHK,,2545,4.0,0.0,95.32
Built-up  Area,Ready To Move,MG Road,2 BHK,Society_117,1241,2.0,1.0,273.89
Super built-up  Area,Ready To Move,Yelahanka,3 BHK,Society_22,1734,3.0,2.0,124.54
Super built-up  Area,Ready To Move,Sadashiva Nagar,2 BHK,,1098 - 1198,2.0,0.0,171.98
Super built-up  Area,Ready To Move,Indira Nagar,3 BHK,,1488,4.0,3.0,266.97
Super built-up  Area,Ready To Move,Sarjapur Road,3 BHK,,1529,3.0,3.0,85.21
Built-up  Area,Ready To Move,Nagarbhavi,2 BHK,Society_199,1244,3.0,2.0,66.28
Built-up  Area,Ready To Move,Ejipura,3 BHK,Society_81,1440,3.0,0.0,95.77
Plot  Area,Ready To Move,Banashankari,4 BHK,,2310 - 2410,5.0,1.0,133.67
Built-up  Area,22-Jan,Akshaya Nagar,3 BHK,,1656,2.0,1.0,87.36
Built-up  Area,Ready To Move,Budigere Cross,2 BHK,,1214,2.0,1.0,55.61
Super built-up  Area,Ready To Move,Marathahalli,3 BHK,Society_51,1507,2.0,2.0,111.79
Plot  Area,22-Jan,Budigere Cross,3 BHK,Society_157,1373,3.0,2.0,89.43
Built-up  Area,Ready To Move,Kogilu,3 BHK,,1388,2.0,1.0,77.22
Super built-up  Area,Ready To Move,Bommanahalli,3 BHK,,1634,2.0,2.0,98.5
Super built-up  Area,Ready To Move,Basaveshwara Nagar,2 BHK,,871,2.0,1.0,55.14
Plot  Area,Ready To Move,Laggere,3 BHK,Society_22,1641,4.0,2.0,131.65
Built-up  Area,Ready To Move,Hosa Road,2 BHK,Society_97,1277,2.0,1.0,70.54
Super built-up  Area,Ready To Move,Devanahalli,2 BHK,,1152,2.0,2.0,44.37
Super built-up  Area,Ready To Move,Rajarajeshwari Nagara,2 BHK,,803,2.0,2.0,46.26
Built-up  Area,Ready To Move,BTM Layout,2 BHK,,1215 - 1315,3.0,1.0,69.43
Plot  Area,Ready To Move,Ulsoor,4 BHK,Society_76,2212,5.0,3.0,349.63
Super built-up  Area,22-Jan,Kanakapura Road,1 BHK,,635,1.0,0.0,42.88
Super built-up  Area,Ready To Move,Indira Nagar,4 BHK,,2382,5.0,0.0,357.4
Super built-up  Area,Ready To Move,Chandapura,2 BHK,,986,2.0,2.0,29.37
Built-up  Area,Ready To Move,Domlur,3 BHK,Society_40,1736 - 1836,4.0,2.0,225.1
Super built-up  Area,Ready To Move,Brigade Road,2 BHK,,992,2.0,2.0,164.79
Plot  Area,Ready To Move,Nagarbhavi,3 BHK,,1587 - 1687,2.0,2.0,117.81
Super built-up  Area,19-Dec,Indira Nagar,2 BHK,Society_109,1164,2.0,1.0,240.19
Super built-up  Area,Ready To Move,Gottigere,2 BHK,Society_47,1067 - 1167,1.0,2.0,67.33
Built-up  Area,Ready To Move,Cunningham Road,2 BHK,,872,2.0,0.0,141.54
Carpet  Area,22-Jan,Brigade Road,2 BHK,Society_194,1004,1.0,2.0,131.84
Carpet  Area,22-Jan,Benson Town,4 BHK,,2552,4.0,1.0,169.36
Super built-up  Area,Ready To Move,Kammanahalli,3 BHK,,1430,3.0,3.0,87.93
Super built-up  Area,Ready To Move,Rachenahalli,3 BHK,,1637,3.0,2.0,103.12
Super built-up  Area,19-Dec,Devanahalli,2 BHK,Society_95,1216,2.0,2.0,46.05
Super built-up  Area,Ready To Move,Basavanagudi,4 BHK,,2439,4.0,1.0,309.33
Super built-up  Area,19-Dec,Kengeri,3 BHK,,1372,3.0,1.0,57.77
Built-up  Area,Ready To Move,Varthur,2 BHK,Society_107,1217,2.0,1.0,68.89
Super built-up  Area,Ready To Move,Rajarajeshwari Nagara,2 BHK,,811,2.0,2.0,56.66
Carpet  Area,Ready To Move,Padmanabhanagar,2 BHK,Society_91,1289,3.0,1.0,71.65
Built-up  Area,Ready To Move,Anekal,3 BHK,,1630,3.0,1.0,51.34
Super built-up  Area,19-Dec,Devanahalli,3 BHK,,1712,3.0,1.0,85.19
Super built-up  Area,Ready To Move,Richmond Town,4 BHK,,2248,4.0,0.0,314.22
Built-up  Area,Ready To Move,Budigere Cross,3 BHK,,1739,3.0,2.0,114.82
Super built-up  Area,19-Dec,Whitefield,4 BHK,,2239,5.0,2.0,133.76
Super built-up  Area,22-Jan,Hennur Road,4 BHK,,2501,3.0,2.0,189.07
Super built-up  Area,Ready To Move,Hulimavu,3 BHK,,1766,2.0,1.0,121.91
Plot  Area,19-Dec,Bannerghatta Road,4 BHK,Society_68,2161,3.0,1.0,136.35
Super built-up  Area,Ready To Move,Ulsoor,2 BHK,,1046 - 1146,3.0,1.0,119.87
Super built-up  Area,Ready To Move,Lavelle Road,3 BHK,Society_183,1503,4.0,1.0,316.56
Super built-up  Area,19-Dec,Nayandahalli,3 BHK,Society_159,1382,3.0,3.0,80.69
Built-up  Area,19-Dec,Hoodi,3 BHK,Society_26,1485 - 1585,2.0,1.0,112.46
Super built-up  Area,22-Jan,Cunningham Road,3 BHK,Society_112,1609,4.0,2.0,215.78
Super built-up  Area,19-Dec,Benson Town,3 BHK,,1282,4.0,0.0,57.84
Super built-up  Area,Ready To Move,Vidyaranyapura,2 BHK,,885 - 985,1.0,0.0,56.01
Super built-up  Area,19-Dec,JP Nagar,4 BHK,Society_172,2385,4.0,0.0,196.26
Plot  Area,Ready To Move,Yeshwanthpur,3 BHK,,1670,3.0,0.0,103.7
Super built-up  Area,Ready To Move,JP Nagar,3 BHK,,1660,2.0,3.0,160.35
Super built-up  Area,Ready To Move,Adugodi,2 BHK,Society_36,893,1.0,1.0,62.63
Plot  Area,22-Jan,Sadashiva Nagar,2 BHK,,1232 - 1332,3.0,0.0,259.65
Built-up  Area,Ready To Move,Raja Rajeshwari Nagar,3 BHK,,1457,3.0,2.0,83.04
Carpet  Area,19-Dec,Indira Nagar,1 BHK,,884,1.0,1.0,149.08
Super built-up  Area,19-Dec,Gottigere,3 BHK,,1561 - 1661,3.0,1.0,87.25
Super built-up  Area,Ready To Move,Bommanahalli,1 BHK,,756 - 856,2.0,1.0,30.19
Super built-up  Area,19-Dec,Whitefield,2 BHK,Society_80,850 - 950,2.0,2.0,57.62
Plot  Area,22-Jan,Adugodi,3 BHK,Society_154,1307,2.0,2.0,97.42
Super built-up  Area,Ready To Move,Kengeri,3 BHK,,1681,3.0,0.0,110.2
Super built-up  Area,Ready To Move,Begur Road,2 BHK,,867,2.0,2.0,46.81
Plot  Area,Ready To Move,HRBR Layout,2 BHK,,1077,3.0,2.0,85.15
Plot  Area,22-Jan,Whitefield,3 BHK,Society_141,1769,4.0,1.0,124.71
Super built-up  Area,Ready To Move,Benson Town,3 BHK,,1470,3.0,3.0,89.54
Built-up  Area,Ready To Move,Laggere,4 BHK,,2216,4.0,2.0,145.31
Plot  Area,Ready To Move,Basavanagudi,4 BHK,Society_122,2072,3.0,2.0,290.33
Carpet  Area,19-Dec,Bommasandra,3 BHK,,1364,4.0,1.0,86.74
Plot  Area,Ready To Move,Electronic City,4 BHK,Society_56,2299,4.0,1.0,124.98
Super built-up  Area,Ready To Move,Jigani,3 BHK,Society_46,1784,3.0,0.0,110.61
Super built-up  Area,Ready To Move,Jayanagar,2 BHK,,1217,2.0,1.0,118.91
Built-up  Area,19-Dec,Chamrajpet,4 BHK,,2197,3.0,0.0,155.57
Built-up  Area,19-Dec,Dasarahalli,4 BHK,Society_154,2332 - 2432,5.0,0.0,116.93
Super built-up  Area,Ready To Move,Girinagar,2 BHK,,1216,2.0,1.0,72.49
Carpet  Area,22-Jan,Banashankari,4 BHK,,2530,3.0,3.0,125.5
Super built-up  Area,22-Jan,Ulsoor,3 BHK,,1224 - 1324,3.0,1.0,90.69
Super built-up  Area,22-Jan,Uttarahalli,3 BHK,,1257,2.0,2.0,78.12
Built-up  Area,19-Dec,Kammanahalli,1 BHK,Society_71,782,1.0,1.0,46.03
Plot  Area,22-Jan,Lavelle Road,3 BHK,,1638,4.0,3.0,473.22
Super built-up  Area,19-Dec,Wilson Garden,2 BHK,,836,2.0,2.0,97.49
Built-up  Area,Ready To Move,Devanahalli,3 BHK,,1281,3.0,3.0,62.81
Carpet  Area,22-Jan,Rajarajeshwari Nagara,2 BHK,,1010,1.0,1.0,76.0
Super built-up  Area,Ready To Move,Rachenahalli,4 BHK,,2225 - 2325,3.0,1.0,135.46
Built-up  Area,Ready To Move,Ramamurthy Nagar,3 BHK,,1445,2.0,1.0,79.24
Carpet  Area,19-Dec,Domlur,3 BHK,,1533,3.0,0.0,161.92
Super built-up  Area,22-Jan,Cunningham Road,1 BHK,Society_154,485,1.0,1.0,64.77
Super built-up  Area,Ready To Move,Old Airport Road,4 BHK,,2288,4.0,2.0,290.7
Super built-up  Area,Ready To Move,Hebbal,4 BHK,,2164,4.0,3.0,259.05
Built-up  Area,Ready To Move,Jigani,2 BHK,Society_46,949,2.0,2.0,53.61
Super built-up  Area,Ready To Move,Chandapura,2 BHK,,1003,2.0,1.0,42.93
Super built-up  Area,22-Jan,Ramamurthy Nagar,4 BHK,Society_132,2139,3.0,2.0,119.15
Built-up  Area,Ready To Move,Wilson Garden,2 BHK,Society_176,1022,3.0,2.0,93.16
Built-up  Area,Ready To Move,Kogilu,2 BHK,,1263,1.0,1.0,71.03
Super built-up  Area,Ready To Move,Jigani,3 BHK,,1403,4.0,2.0,99.97
Carpet  Area,22-Jan,Ejipura,3 BHK,,1755,2.0,2.0,123.44
Super built-up  Area,19-Dec,Brigade Road,4 BHK,Society_111,2336,3.0,3.0,435.53
Super built-up  Area,Ready To Move,Anekal,3 BHK,Society_190,1757,4.0,1.0,48.7
Super built-up  Area,19-Dec,Gottigere,3 BHK,,1432,4.0,3.0,96.67
Carpet  Area,Ready To Move,Rachenahalli,2 BHK,Society_180,1348,2.0,2.0,86.16
Super built-up  Area,22-Jan,Bommasandra,2 BHK,Society_158,1276 - 1376,2.0,2.0,86.48
Super built-up  Area,Ready To Move,Benson Town,3 BHK,,1301,3.0,0.0,51.1
Plot  Area,19-Dec,Varthur,3 BHK,,1697 - 1797,3.0,0.0,100.97
Carpet  Area,Ready To Move,Sarjapur Road,3 BHK,,1432 - 1532,4.0,1.0,97.06
Plot  Area,Ready To Move,Sarjapur Road,4 BHK,,2101,4.0,2.0,153.42
Built-up  Area,Ready To Move,Rajarajeshwari Nagara,3 BHK,,1318 - 1418,3.0,2.0,82.5
Super built-up  Area,19-Dec,Old Airport Road,2 BHK,Society_179,1109,3.0,2.0,114.55
Built-up  Area,19-Dec,Peenya,4 BHK,,2415,4.0,1.0,111.6
Super built-up  Area,Ready To Move,Peenya,2 BHK,Society_110,1061,1.0,0.0,67.67
Super built-up  Area,19-Dec,Rajarajeshwari Nagara,2 BHK,,900,2.0,1.0,68.26
Built-up  Area,22-Jan,Old Madras Road,4 BHK,,2070,5.0,0.0,116.36
Plot  Area,Ready To Move,Rajaji Nagar,2 BHK,Society_8,932,3.0,2.0,116.38
Built-up  Area,19-Dec,Anekal,3 BHK,,1652,3.0,3.0,50.72
Super built-up  Area,Ready To Move,Cox Town,3 BHK,,1695,4.0,2.0,115.79
Super built-up  Area,Ready To Move,Bannerghatta Road,3 BHK,,1433,3.0,1.0,87.2
Built-up  Area,Ready To Move,Sarjapur Road,2 BHK,,1295,1.0,2.0,65.64
Super built-up  Area,Ready To Move,Dasarahalli,3 BHK,,1727,3.0,2.0,123.85
Built-up  Area,Ready To Move,Brigade Road,2 BHK,,1071,3.0,2.0,163.96
Plot  Area,Ready To Move,HSR Layout,4 BHK,,2149,4.0,3.0,262.86
Built-up  Area,Ready To Move,Whitefield,3 BHK,,1711,3.0,2.0,116.29
Super built-up  Area,Ready To Move,Gottigere,3 BHK,Society_47,1332 - 1432,3.0,2.0,91.91
Super built-up  Area,Ready To Move,Sahakara Nagar,4 BHK,,2257,4.0,3.0,148.69
Super built-up  Area,Ready To Move,Banashankari,1 BHK,,801 - 901,1.0,1.0,49.19
Built-up  Area,Ready To Move,Banashankari,4 BHK,Society_93,2230,3.0,0.0,126.12
Built-up  Area,Ready To Move,Koramangala,3 BHK,Society_148,1702,3.0,2.0,226.06
Built-up  Area,Ready To Move,Girinagar,4 BHK,,2034 - 2134,3.0,3.0,100.4
Super built-up  Area,Ready To Move,Vijayanagar,1 BHK,,886,1.0,1.0,55.66
Super built-up  Area,19-Dec,BTM Layout,4 BHK,Society_62,2349,4.0,1.0,209.57
Super built-up  Area,19-Dec,Horamavu Agara,2 BHK,Society_75,1273,1.0,2.0,59.1
Built-up  Area,Ready To Move,Ejipura,3 BHK,Society_78,1643,2.0,2.0,152.89
Carpet  Area,22-Jan,Nagarbhavi,4 BHK,,2234,3.0,0.0,145.74
Plot  Area,22-Jan,Ejipura,3 BHK,,1696,3.0,2.0,172.52
Plot  Area,Ready To Move,Raja Rajeshwari Nagar,3 BHK,,1388,3.0,1.0,102.95
Built-up  Area,19-Dec,Basaveshwara Nagar,4 BHK,Society_107,2333,4.0,1.0,129.34
Plot  Area,Ready To Move,Jalahalli,2 BHK,Society_121,1266 - 1366,3.0,1.0,86.14
Carpet  Area,Ready To Move,HSR Layout,2 BHK,,996,1.0,2.0,73.14
Super built-up  Area,Ready To Move,Kogilu,4 BHK,,2167,4.0,2.0,145.09
Built-up  Area,19-Dec,Cunningham Road,2 BHK,,1004,2.0,1.0,152.48
Plot  Area,19-Dec,Fraser Town,3 BHK,,1405,3.0,0.0,94.84
Super built-up  Area,Ready To Move,Haralur Road,3 BHK,,1772,2.0,1.0,106.64
Plot  Area,22-Jan,New BEL Road,2 BHK,,910,3.0,2.0,71.56
Super built-up  Area,Ready To Move,Whitefield,5 BHK,,3524,5.0,3.0,232.0
Super built-up  Area,Ready To Move,RT Nagar,3 BHK,Society_45,1537,4.0,2.0,124.4
Built-up  Area,22-Jan,Peenya,2 BHK,Society_45,1063,1.0,1.0,55.77
Built-up  Area,Ready To Move,HRBR Layout,3 BHK,,1643,3.0,1.0,116.19
Super built-up  Area,Ready To Move,Uttarahalli,4 BHK,,2058,4.0,2.0,101.89
Built-up  Area,Ready To Move,KR Puram,3 BHK,Society_13,1710,2.0,0.0,82.14
Super built-up  Area,Ready To Move,Rajarajeshwari Nagara,2 BHK,,966,2.0,1.0,63.06
Plot  Area,Ready To Move,HBR Layout,3 BHK,,1675,4.0,3.0,129.69
Super built-up  Area,19-Dec,Indira Nagar,2 BHK,,1233,3.0,1.0,189.08
Super built-up  Area,Ready To Move,Domlur,3 BHK,,1305 - 1405,3.0,2.0,197.56
Super built-up  Area,22-Jan,BTM Layout,2 BHK,Society_58,865,2.0,2.0,69.64
Carpet  Area,Ready To Move,Cunningham Road,1 BHK,,716,1.0,1.0,139.36
Carpet  Area,Ready To Move,Indira Nagar,3 BHK,Society_115,1349,2.0,0.0,181.75
Super built-up  Area,Ready To Move,MG Road,3 BHK,,1270,3.0,1.0,246.31
Super built-up  Area,22-Jan,Hulimavu,4 BHK,Society_76,2119,5.0,1.0,148.68
Plot  Area,22-Jan,Bommanahalli,3 BHK,,1542,2.0,2.0,93.74
Carpet  Area,Ready To Move,Dasarahalli,3 BHK,,1776,3.0,1.0,123.56
Built-up  Area,22-Jan,Kudlu Gate,3 BHK,,1443,3.0,1.0,96.76
Built-up  Area,Ready To Move,Rajaji Nagar,2 BHK,,866 - 966,2.0,1.0,91.61
Super built-up  Area,22-Jan,Hoodi,5 BHK,,3409,5.0,2.0,238.13
Built-up  Area,Ready To Move,Bommasandra,3 BHK,Society_185,1572,2.0,1.0,74.11
Built-up  Area,22-Jan,Ulsoor,2 BHK,Society_36,1183,3.0,2.0,161.51
Built-up  Area,Ready To Move,Sahakara Nagar,3 BHK,,1713,3.0,1.0,134.72
Super built-up  Area,Ready To Move,Laggere,4 BHK,Society_167,2447,5.0,2.0,160.35
Built-up  Area,Ready To Move,Magadi Road,3 BHK,Society_130,1277 - 1377,3.0,3.0,88.2
Built-up  Area,22-Jan,Akshaya Nagar,2 BHK,Society_93,1221,2.0,2.0,79.03
Built-up  Area,Ready To Move,Dasarahalli,2 BHK,,871,2.0,0.0,55.26
Carpet  Area,19-Dec,Uttarahalli,3 BHK,,1314,3.0,0.0,76.54
Built-up  Area,22-Jan,HRBR Layout,2 BHK,,1164,2.0,2.0,56.27
Built-up  Area,Ready To Move,Bommanahalli,3 BHK,,1450,3.0,2.0,84.69
Super built-up  Area,Ready To Move,Thanisandra Main Road,3 BHK,,1528,2.0,2.0,95.46
Super built-up  Area,22-Jan,Narayanapura,2 BHK,,1027,2.0,2.0,62.98
Plot  Area,19-Dec,Uttarahalli,3 BHK,,1619 - 1719,2.0,1.0,99.41
Super built-up  Area,22-Jan,Ejipura,2 BHK,Society_43,1102,2.0,1.0,109.56
Carpet  Area,19-Dec,Laggere,3 BHK,,1729,4.0,3.0,130.73
Carpet  Area,Ready To Move,Uttarahalli,2 BHK,,1026,3.0,0.0,55.84
Plot  Area,Ready To Move,Lavelle Road,4 BHK,,2417,4.0,3.0,527.85
Plot  Area,Ready To Move,Hosa Road,3 BHK,,1382,3.0,2.0,108.01
Built-up  Area,19-Dec,Bellandur,3 BHK,Society_23,1738,3.0,2.0,138.45
Super built-up  Area,Ready To Move,New BEL Road,2 BHK,Society_20,1230,2.0,2.0,74.3
Plot  Area,Ready To Move,Basavanagudi,3 BHK,,1545,3.0,2.0,211.31
Plot  Area,Ready To Move,Narayanapura,4 BHK,Society_80,2063,5.0,1.0,157.79
Built-up  Area,Ready To Move,MG Road,3 BHK,Society_188,1657,3.0,0.0,280.02
Super built-up  Area,19-Dec,Begur Road,3 BHK,,1391,3.0,0.0,74.0
Plot  Area,Ready To Move,Peenya,4 BHK,Society_110,2419,5.0,2.0,183.76
Plot  Area,Ready To Move,Narayanapura,3 BHK,Society_74,1465,3.0,2.0,86.89
Super built-up  Area,19-Dec,BTM Layout,5 BHK,,3787,5.0,3.0,298.12
Super built-up  Area,Ready To Move,RT Nagar,1 BHK,,827,1.0,1.0,48.61
Super built-up  Area,Ready To Move,Kumaraswamy Layout,2 BHK,Society_175,939,1.0,2.0,61.07
Super built-up  Area,Ready To Move,Hebbal,1 BHK,,871,1.0,1.0,74.32
Super built-up  Area,Ready To Move,Bannerghatta Road,3 BHK,,1717,3.0,0.0,132.5
Super built-up  Area,Ready To Move,Magadi Road,3 BHK,,1720,4.0,0.0,97.32
Super built-up  Area,Ready To Move,Varthur,2 BHK,,1324,3.0,2.0,64.19
Super built-up  Area,19-Dec,Hebbal,3 BHK,Society_7,1592,3.0,2.0,134.99
Super built-up  Area,22-Jan,Girinagar,2 BHK,Society_98,1293,1.0,2.0,73.79
Built-up  Area,22-Jan,Vasanth Nagar,3 BHK,Society_108,1574,4.0,1.0,151.93
Super built-up  Area,22-Jan,Kadugodi,3 BHK,Society_107,1280,3.0,0.0,89.59
Super built-up  Area,Ready To Move,Bommasandra,2 BHK,Society_187,841,3.0,0.0,43.3
Plot  Area,Ready To Move,Chikkaballapur Road,3 BHK,Society_141,1354,3.0,2.0,75.37
Super built-up  Area,22-Jan,Old Madras Road,2 BHK,,1123,1.0,0.0,49.77
Super built-up  Area,Ready To Move,Hennur Road,4 BHK,Society_127,2356 - 2456,4.0,3.0,133.84
Super built-up  Area,Ready To Move,Chandapura,3 BHK,Society_134,1470,3.0,0.0,62.65
Super built-up  Area,Ready To Move,Uttarahalli,2 BHK,,1259 - 1359,2.0,2.0,78.38
Super built-up  Area,Ready To Move,Banashankari,3 BHK,,1474,3.0,3.0,101.82
Built-up  Area,22-Jan,Chamrajpet,2 BHK,,1150,2.0,1.0,64.65
Built-up  Area,Ready To Move,Kumaraswamy Layout,2 BHK,,1304,2.0,0.0,86.99
Built-up  Area,19-Dec,Mysore Road,3 BHK,,1530 - 1630,4.0,1.0,95.97
Plot  Area,Ready To Move,Jayanagar,3 BHK,,1646,4.0,2.0,221.33
Super built-up  Area,19-Dec,Sahakara Nagar,3 BHK,Society_184,1521,4.0,1.0,93.46
Plot  Area,Ready To Move,BTM Layout,3 BHK,,1414,4.0,1.0,96.9
Built-up  Area,Ready To Move,Basavanagudi,4 BHK,Society_26,2257,4.0,2.0,239.31
Built-up  Area,19-Dec,Sarjapur Road,5 BHK,Society_58,3864,5.0,1.0,260.57
Built-up  Area,Ready To Move,Basaveshwara Nagar,2 BHK,,1279,2.0,2.0,74.43
Built-up  Area,19-Dec,Varthur,5 BHK,Society_42,3618 - 3718,4.0,2.0,246.88
Built-up  Area,19-Dec,Varthur,2 BHK,,1306,3.0,2.0,68.04
Super built-up  Area,Ready To Move,Laggere,4 BHK,Society_196,2511,4.0,0.0,171.75
Plot  Area,Ready To Move,Banashankari,3 BHK,Society_59,1669,3.0,1.0,99.22
Super built-up  Area,22-Jan,HSR Layout,3 BHK,,1657 - 1757,3.0,2.0,159.66
Built-up  Area,Ready To Move,Kumaraswamy Layout,2 BHK,,1093,3.0,1.0,54.33
Plot  Area,22-Jan,Hoodi,3 BHK,Society_58,1641,2.0,1.0,103.21
Built-up  Area,Ready To Move,Bommanahalli,1 BHK,,697,1.0,1.0,41.65
Built-up  Area,Ready To Move,Horamavu Agara,4 BHK,,2213,4.0,2.0,155.77
Super built-up  Area,22-Jan,Ulsoor,3 BHK,,1779,3.0,2.0,166.56
Carpet  Area,Ready To Move,Haralur Road,3 BHK,,1542,3.0,1.0,82.16
Plot  Area,19-Dec,Basavanagudi,3 BHK,,1549,4.0,2.0,211.79
Super built-up  Area,Ready To Move,Magadi Road,5 BHK,,3421,5.0,2.0,175.65
Built-up  Area,22-Jan,Jakkur,4 BHK,,2353,4.0,1.0,162.43
Super built-up  Area,19-Dec,Laggere,3 BHK,Society_49,1700 - 1800,4.0,2.0,101.14
Super built-up  Area,19-Dec,MG Road,2 BHK,,1317,3.0,2.0,246.05
Plot  Area,22-Jan,Hennur Road,5 BHK,,3554,5.0,3.0,239.31
Plot  Area,Ready To Move,Cunningham Road,1 BHK,,432,1.0,1.0,101.93
Super built-up  Area,22-Jan,Chamrajpet,4 BHK,,2004 - 2104,3.0,3.0,81.68
Carpet  Area,22-Jan,Bommanahalli,4 BHK,Society_179,2521 - 2621,4.0,2.0,155.12
Super built-up  Area,22-Jan,Uttarahalli,3 BHK,,1639,2.0,0.0,95.32
Super built-up  Area,19-Dec,Chandapura,2 BHK,Society_146,1052,2.0,2.0,33.85
Super built-up  Area,Ready To Move,Bagalur,2 BHK,,1164 - 1264,3.0,2.0,69.6
Built-up  Area,Ready To Move,Girinagar,4 BHK,,2497,4.0,1.0,165.52
Super built-up  Area,Ready To Move,Electronic City,3 BHK,,1784,3.0,0.0,108.33
Super built-up  Area,19-Dec,Kasturi Nagar,3 BHK,Society_64,1443,2.0,2.0,91.79
Super built-up  Area,Ready To Move,Wilson Garden,4 BHK,Society_63,2334,3.0,0.0,189.2
Super built-up  Area,Ready To Move,Peenya,1 BHK,,658,1.0,1.0,35.35
Super built-up  Area,Ready To Move,Narayanapura,2 BHK,,1198,3.0,2.0,79.13
Super built-up  Area,Ready To Move,Bannerghatta Road,3 BHK,Society_162,1321,3.0,0.0,77.44
Super built-up  Area,Ready To Move,Brigade Road,3 BHK,,1744,3.0,2.0,281.49
Built-up  Area,19-Dec,Kudlu Gate,3 BHK,,1266,3.0,2.0,63.54
Plot  Area,Ready To Move,Brigade Road,3 BHK,,1589,2.0,1.0,377.08
Super built-up  Area,Ready To Move,Brigade Road,2 BHK,Society_101,814,2.0,1.0,135.53
Built-up  Area,19-Dec,Rajaji Nagar,3 BHK,,1596,3.0,1.0,218.77
Plot  Area,Ready To Move,Mahadevapura,5 BHK,,3780,4.0,0.0,245.14
Super built-up  Area,Ready To Move,Basavanagudi,3 BHK,,1297,3.0,2.0,167.65
Built-up  Area,22-Jan,Whitefield,3 BHK,,1704,3.0,1.0,100.11
Carpet  Area,Ready To Move,Whitefield,3 BHK,Society_73,1395,3.0,0.0,68.18
Built-up  Area,Ready To Move,Lingarajapuram,4 BHK,,2075,4.0,3.0,117.37
Built-up  Area,19-Dec,Chikkaballapur Road,2 BHK,,1098,1.0,2.0,74.42
Super built-up  Area,Ready To Move,Hosa Road,3 BHK,Society_53,1763,4.0,0.0,97.51
Carpet  Area,22-Jan,Malleshwaram,3 BHK,,1774,4.0,0.0,202.47
Built-up  Area,Ready To Move,Devanahalli,2 BHK,Society_63,1160,3.0,2.0,66.55
Super built-up  Area,Ready To Move,Begur Road,4 BHK,Society_9,2422,4.0,1.0,158.7
Super built-up  Area,22-Jan,Mysore Road,3 BHK,,1526,4.0,1.0,85.17
Carpet  Area,Ready To Move,Jigani,1 BHK,,727,1.0,1.0,47.78
Super built-up  Area,Ready To Move,Jakkur,5 BHK,Society_73,3501,5.0,3.0,240.94
Plot  Area,Ready To Move,Banaswadi,4 BHK,,2146,4.0,1.0,157.3
Super built-up  Area,Ready To Move,Cox Town,3 BHK,,1559,3.0,2.0,95.22
Super built-up  Area,19-Dec,Hebbal,3 BHK,Society_91,1611,4.0,2.0,144.4
Plot  Area,Ready To Move,Rajaji Nagar,2 BHK,,1340,1.0,0.0,206.88
Built-up  Area,22-Jan,Akshaya Nagar,2 BHK,,1112,2.0,1.0,63.35
Carpet  Area,Ready To Move,Fraser Town,4 BHK,,2051,5.0,1.0,152.42
Plot  Area,Ready To Move,MG Road,3 BHK,Society_90,1474,3.0,1.0,338.27
Built-up  Area,19-Dec,Horamavu Agara,5 BHK,Society_176,3670 - 3770,5.0,2.0,201.2
Super built-up  Area,Ready To Move,Hosa Road,2 BHK,Society_14,1288 - 1388,2.0,1.0,75.2
Plot  Area,Ready To Move,Uttarahalli,4 BHK,,2305,3.0,0.0,172.86
Built-up  Area,Ready To Move,Hebbal,2 BHK,Society_123,1269,3.0,0.0,112.04
Super built-up  Area,22-Jan,HBR Layout,1 BHK,,893,2.0,1.0,65.74
Built-up  Area,Ready To Move,Devanahalli,3 BHK,Society_184,1554 - 1654,4.0,3.0,51.58
Plot  Area,Ready To Move,Kudlu Gate,3 BHK,Society_140,1568,3.0,0.0,95.86
Super built-up  Area,Ready To Move,Ramamurthy Nagar,2 BHK,,1138,2.0,0.0,76.22
Super built-up  Area,Ready To Move,Padmanabhanagar,3 BHK,Society_174,1381,3.0,2.0,77.05
Carpet  Area,22-Jan,Mysore Road,3 BHK,,1793,3.0,1.0,110.65
Carpet  Area,Ready To Move,Chamrajpet,3 BHK,,1492,3.0,2.0,125.86
Super built-up  Area,Ready To Move,Anekal,4 BHK,,2531 - 2631,4.0,3.0,73.74
Super built-up  Area,Ready To Move,Wilson Garden,2 BHK,Society_147,1054,2.0,1.0,80.12
Super built-up  Area,Ready To Move,Magadi Road,3 BHK,Society_164,1547,4.0,1.0,109.25
Super built-up  Area,Ready To Move,Mahadevapura,4 BHK,,2227,3.0,0.0,118.97
Built-up  Area,Ready To Move,Sahakara Nagar,4 BHK,,2186,4.0,1.0,145.47
Super built-up  Area,22-Jan,Fraser Town,4 BHK,Society_51,2189 - 2289,4.0,1.0,123.82
Plot  Area,Ready To Move,Kudlu Gate,3 BHK,,1786,3.0,3.0,121.39
Plot  Area,Ready To Move,Ramamurthy Nagar,4 BHK,Society_153,2256,5.0,1.0,180.79
Built-up  Area,Ready To Move,Yeshwanthpur,4 BHK,Society_62,2249,4.0,2.0,131.41
Built-up  Area,22-Jan,Marathahalli,5 BHK,Society_62,3772,6.0,3.0,231.66
Built-up  Area,19-Dec,Bommanahalli,2 BHK,Society_176,1282,2.0,2.0,73.07
Super built-up  Area,Ready To Move,Yeshwanthpur,3 BHK,Society_119,1350,2.0,1.0,75.33
Built-up  Area,Ready To Move,Thanisandra,3 BHK,,1626,4.0,1.0,83.38
Carpet  Area,22-Jan,Raja Rajeshwari Nagar,3 BHK,Society_10,1269,3.0,2.0,78.27
Super built-up  Area,22-Jan,Anekal,3 BHK,,1303,3.0,0.0,45.16
Super built-up  Area,Ready To Move,Gottigere,3 BHK,,1443,3.0,2.0,93.27
Plot  Area,Ready To Move,Wilson Garden,1 BHK,,916,1.0,0.0,103.93
Built-up  Area,22-Jan,Chamrajpet,3 BHK,,1555,3.0,0.0,98.11
Built-up  Area,22-Jan,Old Madras Road,4 BHK,,2413 - 2513,4.0,3.0,141.03
Built-up  Area,Ready To Move,RT Nagar,4 BHK,,2460,4.0,1.0,143.39
Super built-up  Area,22-Jan,MG Road,3 BHK,,1328,3.0,1.0,215.98
Built-up  Area,Ready To Move,Adugodi,2 BHK,,943,3.0,1.0,46.23
Super built-up  Area,19-Dec,Kanakapura Road,2 BHK,Society_4,1332,2.0,2.0,77.84
Plot  Area,Ready To Move,Arekere,3 BHK,,1638,3.0,1.0,129.13
Built-up  Area,Ready To Move,Bannerghatta Road,4 BHK,Society_171,2187,3.0,1.0,129.09
Plot  Area,Ready To Move,Gottigere,3 BHK,,1585,2.0,1.0,92.81
Super built-up  Area,Ready To Move,Peenya,3 BHK,Society_139,1536 - 1636,3.0,2.0,101.04
Built-up  Area,Ready To Move,Bommanahalli,3 BHK,Society_1,1676,3.0,2.0,103.52
Built-up  Area,19-Dec,Koramangala,4 BHK,Society_29,2336,4.0,1.0,273.32
Super built-up  Area,Ready To Move,Bommasandra,3 BHK,Society_130,1743,3.0,1.0,83.95
Plot  Area,Ready To Move,Brigade Road,2 BHK,Society_24,970,1.0,2.0,213.59
Carpet  Area,Ready To Move,Kudlu Gate,2 BHK,,889,3.0,2.0,49.06
Super built-up  Area,19-Dec,Kasturi Nagar,4 BHK,,2158,4.0,1.0,118.04
Carpet  Area,19-Dec,Brigade Road,3 BHK,Society_103,1749,2.0,2.0,364.72
Super built-up  Area,Ready To Move,Laggere,2 BHK,,1231 - 1331,2.0,0.0,75.24
Plot  Area,Ready To Move,Raja Rajeshwari Nagar,3 BHK,Society_69,1250 - 1350,3.0,1.0,90.46
Super built-up  Area,22-Jan,Domlur,2 BHK,Society_180,1259,2.0,0.0,141.96
Plot  Area,Ready To Move,Domlur,5 BHK,Society_11,3873,4.0,1.0,453.31
Super built-up  Area,Ready To Move,HSR Layout,4 BHK,,2207,4.0,2.0,273.82
Built-up  Area,Ready To Move,Bommanahalli,2 BHK,,951,1.0,1.0,65.45
Super built-up  Area,Ready To Move,Attibele,3 BHK,Society_56,1718,2.0,3.0,114.09
Plot  Area,Ready To Move,Ejipura,3 BHK,Society_198,1382,3.0,3.0,124.43
Carpet  Area,Ready To Move,Attibele,2 BHK,,1000,1.0,0.0,66.87
Super built-up  Area,22-Jan,Bagalur,2 BHK,,1030,3.0,1.0,70.51
Super built-up  Area,Ready To Move,Fraser Town,4 BHK,,2112,4.0,2.0,104.68
Carpet  Area,22-Jan,Kadugodi,1 BHK,Society_140,828,1.0,1.0,47.87
Super built-up  Area,Ready To Move,Vasanth Nagar,3 BHK,Society_29,1711,3.0,1.0,270.53
Super built-up  Area,Ready To Move,Rachenahalli,2 BHK,Society_184,1232,3.0,2.0,50.47
Super built-up  Area,Ready To Move,HSR Layout,2 BHK,Society_105,1282,2.0,2.0,120.92
Built-up  Area,Ready To Move,Hoodi,5 BHK,Society_185,3403,5.0,1.0,222.65
Super built-up  Area,Ready To Move,New BEL Road,3 BHK,,1513,4.0,1.0,100.24
Super built-up  Area,19-Dec,Kudlu Gate,3 BHK,Society_20,1686,3.0,2.0,132.63
Built-up  Area,19-Dec,Dasarahalli,3 BHK,Society_81,1602,2.0,2.0,82.53
Built-up  Area,Ready To Move,Horamavu Agara,4 BHK,Society_130,2153 - 2253,5.0,3.0,134.86
Built-up  Area,19-Dec,Vijayanagar,2 BHK,Society_99,1215,1.0,1.0,70.27
Super built-up  Area,Ready To Move,Chikkaballapur Road,3 BHK,,1794,2.0,3.0,124.14
Super built-up  Area,Ready To Move,Koramangala,2 BHK,Society_76,1316,2.0,2.0,177.98
Super built-up  Area,Ready To Move,Mysore Road,3 BHK,,1362,4.0,2.0,88.17
Super built-up  Area,Ready To Move,Vidyaranyapura,3 BHK,,1367 - 1467,3.0,3.0,72.97
Super built-up  Area,Ready To Move,Malleshwaram,5 BHK,,3596,4.0,2.0,533.91
Plot  Area,19-Dec,Dasarahalli,3 BHK,Society_33,1651,4.0,3.0,132.66
Built-up  Area,19-Dec,Kumaraswamy Layout,4 BHK,,2578,5.0,2.0,204.4
Super built-up  Area,Ready To Move,Gottigere,3 BHK,,1668,2.0,3.0,67.97
Plot  Area,Ready To Move,Anekal,3 BHK,,1457,3.0,0.0,51.09
Built-up  Area,22-Jan,Kadugodi,3 BHK,Society_199,1396,4.0,1.0,78.38
Super built-up  Area,Ready To Move,Yeshwanthpur,3 BHK,Society_120,1434 - 1534,3.0,1.0,73.91
Plot  Area,22-Jan,Lavelle Road,3 BHK,Society_183,1719,3.0,0.0,399.19
Carpet  Area,Ready To Move,Bannerghatta Road,2 BHK,,929 - 1029,2.0,2.0,72.48
Super built-up  Area,Ready To Move,Nayandahalli,1 BHK,,582,2.0,1.0,27.06
Plot  Area,Ready To Move,Narayanapura,5 BHK,,3388 - 3488,4.0,3.0,183.08
Built-up  Area,22-Jan,Mahadevapura,3 BHK,,1491,2.0,3.0,71.14
Super built-up  Area,22-Jan,Mysore Road,3 BHK,Society_81,1391,3.0,1.0,88.36
Super built-up  Area,Ready To Move,Anekal,2 BHK,Society_49,885,3.0,2.0,35.01
Super built-up  Area,Ready To Move,Kogilu,2 BHK,,1299 - 1399,2.0,2.0,68.92
Super built-up  Area,19-Dec,Basavanagudi,2 BHK,,1336,2.0,2.0,107.42
Built-up  Area,19-Dec,Laggere,4 BHK,,2487 - 2587,4.0,2.0,159.02
Carpet  Area,Ready To Move,Girinagar,4 BHK,,2375,4.0,1.0,161.45
Super built-up  Area,22-Jan,Hosa Road,3 BHK,,1531,3.0,1.0,82.24
Plot  Area,Ready To Move,Bommasandra,2 BHK,Society_119,1195,1.0,0.0,85.38
Built-up  Area,Ready To Move,Rachenahalli,2 BHK,Society_51,978,1.0,2.0,58.12
Carpet  Area,Ready To Move,MG Road,3 BHK,Society_68,1439,2.0,1.0,225.97
Carpet  Area,22-Jan,Cunningham Road,3 BHK,,1260,3.0,0.0,194.4
Carpet  Area,22-Jan,Thanisandra,2 BHK,,900,3.0,2.0,47.63
Built-up  Area,22-Jan,KR Puram,2 BHK,,1148 - 1248,1.0,0.0,69.64
Plot  Area,Ready To Move,Ulsoor,3 BHK,Society_22,1515,3.0,2.0,193.94
Built-up  Area,Ready To Move,Bagalur,4 BHK,Society_19,2538 - 2638,4.0,2.0,139.08
Built-up  Area,19-Dec,MG Road,2 BHK,,904,2.0,0.0,163.3
Super built-up  Area,19-Dec,Gottigere,4 BHK,,2282,4.0,2.0,113.6
Super built-up  Area,Ready To Move,Jakkur,2 BHK,Society_69,810,2.0,2.0,58.36
Plot  Area,22-Jan,HBR Layout,3 BHK,Society_18,1612 - 1712,3.0,2.0,71.18
Super built-up  Area,19-Dec,Whitefield,5 BHK,Society_60,3664,5.0,2.0,250.91
Plot  Area,Ready To Move,Nagarbhavi,4 BHK,,2322 - 2422,4.0,1.0,167.02
Super built-up  Area,Ready To Move,Magadi Road,3 BHK,,1731 - 1831,4.0,0.0,77.34
Super built-up  Area,Ready To Move,Bagalur,2 BHK,,1184,1.0,1.0,83.94
Carpet  Area,Ready To Move,Rajarajeshwari Nagara,3 BHK,,1352,4.0,3.0,58.45
Super built-up  Area,Ready To Move,Basavanagudi,2 BHK,Society_16,1023,2.0,1.0,93.67
Super built-up  Area,19-Dec,Padmanabhanagar,3 BHK,,1768,2.0,0.0,106.24
Super built-up  Area,22-Jan,Sahakara Nagar,2 BHK,,1013,3.0,2.0,57.47
Super built-up  Area,Ready To Move,JP Nagar,2 BHK,Society_167,1205,2.0,1.0,88.64
Super built-up  Area,Ready To Move,Mahadevapura,3 BHK,Society_44,1774,4.0,0.0,89.97
Built-up  Area,19-Dec,Girinagar,3 BHK,Society_186,1545,2.0,1.0,70.57
Super built-up  Area,Ready To Move,Hulimavu,3 BHK,Society_145,1565,3.0,2.0,92.49
Plot  Area,22-Jan,Begur Road,3 BHK,Society_148,1461,3.0,1.0,105.45
Built-up  Area,Ready To Move,Jigani,3 BHK,,1642,3.0,2.0,77.61
Super built-up  Area,Ready To Move,KR Puram,4 BHK,Society_61,2599,4.0,1.0,193.24
Super built-up  Area,Ready To Move,Uttarahalli,4 BHK,,2072 - 2172,5.0,0.0,141.64
Built-up  Area,Ready To Move,Hebbal,3 BHK,,1762,3.0,2.0,169.84
Super built-up  Area,19-Dec,HSR Layout,3 BHK,Society_167,1527,2.0,1.0,161.86
Built-up  Area,Ready To Move,Benson Town,4 BHK,Society_140,2126,4.0,0.0,132.99
Carpet  Area,Ready To Move,Kudlu Gate,4 BHK,,2334,3.0,2.0,129.05
Built-up  Area,19-Dec,Kudlu Gate,5 BHK,Society_33,3609,6.0,2.0,248.76
Super built-up  Area,Ready To Move,Vijayanagar,2 BHK,,1232,1.0,2.0,62.14
Built-up  Area,19-Dec,Mysore Road,4 BHK,,2080 - 2180,4.0,1.0,153.35
Carpet  Area,22-Jan,Girinagar,3 BHK,Society_69,1626,3.0,1.0,89.81
Super built-up  Area,Ready To Move,Thanisandra Main Road,5 BHK,Society_8,3682,5.0,3.0,217.04
Built-up  Area,Ready To Move,Mysore Road,4 BHK,Society_147,2498,3.0,0.0,105.94
Built-up  Area,Ready To Move,Fraser Town,3 BHK,Society_6,1567,3.0,1.0,84.4
Carpet  Area,19-Dec,HBR Layout,3 BHK,,1406,4.0,0.0,99.79
Super built-up  Area,Ready To Move,Ejipura,2 BHK,,1043,2.0,2.0,80.06
Built-up  Area,Ready To Move,Uttarahalli,3 BHK,Society_85,1496,4.0,0.0,101.5
Built-up  Area,22-Jan,Benson Town,3 BHK,,1536 - 1636,2.0,2.0,73.11
Super built-up  Area,19-Dec,Kogilu,4 BHK,,2160 - 2260,4.0,2.0,128.52
Built-up  Area,Ready To Move,Laggere,3 BHK,Society_156,1619,4.0,1.0,104.72
Super built-up  Area,Ready To Move,Chamrajpet,3 BHK,,1642,4.0,3.0,107.84
Built-up  Area,Ready To Move,Anekal,1 BHK,,578,1.0,1.0,18.54
Super built-up  Area,Ready To Move,Laggere,3 BHK,,1466,3.0,3.0,92.75
Super built-up  Area,Ready To Move,Jigani,3 BHK,,1726,4.0,2.0,120.95
Built-up  Area,Ready To Move,Vasanth Nagar,3 BHK,,1781,3.0,1.0,216.04
Built-up  Area,22-Jan,Electronic City,3 BHK,Society_15,1506,3.0,2.0,63.76
Super built-up  Area,Ready To Move,Bannerghatta Road,1 BHK,,493,1.0,1.0,27.81
Plot  Area,22-Jan,Bannerghatta Road,1 BHK,,731,1.0,1.0,49.07
Carpet  Area,Ready To Move,Hulimavu,3 BHK,,1677 - 1777,3.0,1.0,102.89
Super built-up  Area,22-Jan,Mahadevapura,3 BHK,Society_195,1426,3.0,1.0,93.06
Super built-up  Area,19-Dec,Chikkaballapur Road,4 BHK,,2539,5.0,2.0,211.33
Super built-up  Area,22-Jan,Bommasandra,3 BHK,Society_142,1575,3.0,2.0,90.9
Super built-up  Area,Ready To Move,Hoodi,3 BHK,,1201 - 1301,3.0,1.0,74.62
Built-up  Area,19-Dec,Bagalur,5 BHK,,3552,5.0,1.0,228.67
Super built-up  Area,Ready To Move,Marathahalli,1 BHK,Society_105,735,1.0,1.0,64.07
Super built-up  Area,22-Jan,Wilson Garden,3 BHK,,1511,2.0,2.0,143.48
Super built-up  Area,Ready To Move,Budigere Cross,4 BHK,Society_114,2514,3.0,3.0,198.46
Plot  Area,22-Jan,Arekere,2 BHK,Society_6,1238,2.0,2.0,84.28
Super built-up  Area,Ready To Move,Vijayanagar,3 BHK,,1606,3.0,1.0,103.61
Plot  Area,Ready To Move,Indira Nagar,2 BHK,,1134,1.0,1.0,249.1
Super built-up  Area,Ready To Move,Mysore Road,3 BHK,Society_168,1657,3.0,1.0,102.08
Super built-up  Area,Ready To Move,KR Puram,1 BHK,Society_95,788 - 888,1.0,1.0,53.6
Built-up  Area,22-Jan,Ulsoor,3 BHK,Society_173,1566,3.0,1.0,194.55
Super built-up  Area,Ready To Move,Hosa Road,4 BHK,Society_6,2037 - 2137,3.0,1.0,138.24
Super built-up  Area,22-Jan,Chikkaballapur Road,3 BHK,,1797,3.0,1.0,100.26
Super built-up  Area,Ready To Move,Kasturi Nagar,3 BHK,,1704 - 1804,3.0,1.0,108.61
Plot  Area,Ready To Move,Chikkaballapur Road,3 BHK,,1375,3.0,3.0,92.8
Super built-up  Area,22-Jan,KR Puram,3 BHK,,1324 - 1424,3.0,3.0,76.58
Carpet  Area,Ready To Move,Uttarahalli,4 BHK,,2301,4.0,0.0,142.83
Super built-up  Area,Ready To Move,BTM Layout,4 BHK,,2468,4.0,2.0,250.08
Super built-up  Area,Ready To Move,Hennur Road,4 BHK,,2185,4.0,2.0,133.68
Built-up  Area,Ready To Move,Sarjapur Road,3 BHK,,1469,3.0,2.0,100.43
Plot  Area,Ready To Move,Vijayanagar,2 BHK,,1019 - 1119,2.0,1.0,85.47
Plot  Area,Ready To Move,Thanisandra Main Road,2 BHK,Society_43,846,2.0,1.0,48.51
Super built-up  Area,Ready To Move,Ramamurthy Nagar,2 BHK,,790 - 890,3.0,2.0,47.42
Super built-up  Area,Ready To Move,Hosa Road,1 BHK,Society_105,615,2.0,0.0,42.56
Carpet  Area,22-Jan,Fraser Town,2 BHK,,808,2.0,2.0,50.35
Plot  Area,Ready To Move,Mysore Road,3 BHK,Society_56,1305,3.0,3.0,93.68
Built-up  Area,22-Jan,Domlur,1 BHK,,678,1.0,1.0,77.15
Plot  Area,Ready To Move,MG Road,3 BHK,Society_27,1715,2.0,1.0,366.96
Plot  Area,Ready To Move,Arekere,3 BHK,Society_23,1371,3.0,3.0,119.28
Carpet  Area,Ready To Move,Akshaya Nagar,4 BHK,Society_35,2237,4.0,2.0,126.65
Super built-up  Area,19-Dec,Yeshwanthpur,3 BHK,,1373,3.0,2.0,66.43
Carpet  Area,Ready To Move,Kalyan Nagar,3 BHK,Society_99,1706,3.0,1.0,117.64
Super built-up  Area,Ready To Move,Devanahalli,3 BHK,,1640,4.0,1.0,70.46
Carpet  Area,Ready To Move,Vidyaranyapura,4 BHK,Society_139,2526,4.0,2.0,163.44
Super built-up  Area,Ready To Move,Lavelle Road,3 BHK,,1749 - 1849,4.0,2.0,340.44
Super built-up  Area,Ready To Move,Ejipura,1 BHK,,709,1.0,1.0,57.51
Super built-up  Area,22-Jan,Benson Town,2 BHK,Society_118,1091,2.0,2.0,82.17
Super built-up  Area,Ready To Move,Attibele,2 BHK,Society_76,883,2.0,0.0,49.25
Super built-up  Area,Ready To Move,Hulimavu,2 BHK,,805,2.0,2.0,45.7
Super built-up  Area,Ready To Move,Electronic City,4 BHK,Society_72,2519,4.0,3.0,133.06
Built-up  Area,Ready To Move,Sahakara Nagar,2 BHK,,1233 - 1333,2.0,2.0,94.18
Built-up  Area,19-Dec,Vidyaranyapura,4 BHK,Society_133,2342,5.0,0.0,153.57
Built-up  Area,Ready To Move,Vijayanagar,3 BHK,Society_33,1652,3.0,1.0,82.15
Plot  Area,Ready To Move,Hormavu,2 BHK,Society_127,1209,1.0,1.0,87.75
Super built-up  Area,Ready To Move,Peenya,4 BHK,Society_98,2531 - 2631,3.0,0.0,175.69
Carpet  Area,Ready To Move,Varthur,1 BHK,Society_124,594,1.0,1.0,38.62
Super built-up  Area,Ready To Move,Yeshwanthpur,3 BHK,Society_24,1382,3.0,3.0,99.05
Super built-up  Area,Ready To Move,Jakkur,2 BHK,Society_141,1165,1.0,2.0,65.35
Super built-up  Area,Ready To Move,Mahadevapura,5 BHK,Society_37,3519,4.0,2.0,240.19
Plot  Area,Ready To Move,Kudlu Gate,3 BHK,Society_50,1657,3.0,0.0,110.66
Super built-up  Area,Ready To Move,Brigade Road,3 BHK,,1480,4.0,2.0,233.96
Super built-up  Area,22-Jan,Kogilu,2 BHK,,802,1.0,2.0,42.31
Super built-up  Area,22-Jan,Yelahanka,2 BHK,,956 - 1056,1.0,2.0,52.68
Built-up  Area,Ready To Move,Banashankari,1 BHK,,483,1.0,1.0,30.26
Built-up  Area,22-Jan,Basaveshwara Nagar,5 BHK,Society_14,3452,5.0,2.0,178.92
Built-up  Area,Ready To Move,Vasanth Nagar,3 BHK,,1275,3.0,1.0,210.41
Super built-up  Area,19-Dec,BTM Layout,3 BHK,Society_34,1523,3.0,2.0,122.14
Super built-up  Area,22-Jan,Malleshwaram,4 BHK,,2189,3.0,1.0,316.38
Carpet  Area,19-Dec,Varthur,3 BHK,Society_199,1671,4.0,2.0,109.25
Built-up  Area,Ready To Move,Richmond Town,2 BHK,Society_18,1313,1.0,2.0,196.33
Super built-up  Area,Ready To Move,RT Nagar,3 BHK,,1316,3.0,2.0,70.52
Super built-up  Area,19-Dec,Yeshwanthpur,2 BHK,Society_92,1083,2.0,1.0,64.58
Carpet  Area,22-Jan,Padmanabhanagar,4 BHK,Society_121,2468,5.0,1.0,174.2
Plot  Area,19-Dec,Budigere Cross,3 BHK,,1616,3.0,2.0,105.7
Super built-up  Area,22-Jan,Marathahalli,2 BHK,Society_195,1020,2.0,2.0,73.55
Plot  Area,22-Jan,Banashankari,4 BHK,,2065,3.0,2.0,157.17
Super built-up  Area,Ready To Move,Cunningham Road,5 BHK,Society_29,3374,4.0,1.0,478.81
Super built-up  Area,Ready To Move,Bannerghatta Road,3 BHK,,1639,4.0,1.0,103.49
Super built-up  Area,19-Dec,Kadugodi,2 BHK,,1277,2.0,2.0,66.92
Super built-up  Area,Ready To Move,Laggere,2 BHK,Society_44,850,2.0,0.0,46.28
Super built-up  Area,Ready To Move,Bellandur,2 BHK,,1240,2.0,2.0,80.47
Super built-up  Area,19-Dec,Sarjapur Road,3 BHK,,1539,2.0,1.0,96.55
Plot  Area,Ready To Move,Rachenahalli,4 BHK,,2018 - 2118,4.0,1.0,171.0
Carpet  Area,Ready To Move,Raja Rajeshwari Nagar,2 BHK,Society_83,889,1.0,2.0,62.77
Built-up  Area,Ready To Move,MG Road,5 BHK,,3405,6.0,2.0,485.7
Built-up  Area,Ready To Move,Bommasandra,4 BHK,Society_51,2168 - 2268,4.0,1.0,130.42
Carpet  Area,22-Jan,Fraser Town,3 BHK,,1761,3.0,2.0,98.07
Super built-up  Area,Ready To Move,Sadashiva Nagar,4 BHK,,2110,3.0,3.0,394.72
Super built-up  Area,19-Dec,Kanakapura Road,2 BHK,,948,2.0,1.0,61.4
Built-up  Area,Ready To Move,Nayandahalli,2 BHK,,1234,1.0,1.0,70.95
Built-up  Area,22-Jan,Richmond Town,3 BHK,Society_136,1503,3.0,2.0,179.32
Super built-up  Area,Ready To Move,RT Nagar,3 BHK,,1333 - 1433,3.0,0.0,60.58
Plot  Area,Ready To Move,Mysore Road,2 BHK,,1204,2.0,0.0,65.64
Super built-up  Area,Ready To Move,Hosa Road,1 BHK,Society_111,918,1.0,1.0,52.34
Plot  Area,Ready To Move,MG Road,4 BHK,Society_116,2253,4.0,2.0,435.93
Super built-up  Area,Ready To Move,Kogilu,2 BHK,Society_6,878,2.0,2.0,66.32
Super built-up  Area,19-Dec,Sadashiva Nagar,4 BHK,,2371 - 2471,4.0,2.0,475.61
Super built-up  Area,22-Jan,Arekere,1 BHK,,397 - 497,1.0,1.0,21.08
Carpet  Area,Ready To Move,HBR Layout,3 BHK,,1504,3.0,1.0,96.87
Plot  Area,Ready To Move,Indira Nagar,3 BHK,Society_176,1389,3.0,1.0,235.67
Super built-up  Area,Ready To Move,Mysore Road,5 BHK,Society_84,3406,5.0,1.0,179.0
Super built-up  Area,Ready To Move,Bagalur,3 BHK,Society_194,1762,3.0,1.0,95.32
Built-up  Area,Ready To Move,Jalahalli,2 BHK,,1128 - 1228,2.0,1.0,61.56
Super built-up  Area,22-Jan,Laggere,2 BHK,Society_197,1286,2.0,1.0,75.21
Plot  Area,Ready To Move,Benson Town,3 BHK,Society_58,1445,3.0,1.0,95.67
Built-up  Area,19-Dec,Whitefield,5 BHK,Society_65,3848,5.0,2.0,268.91
Super built-up  Area,22-Jan,Jayanagar,3 BHK,Society_167,1577,4.0,3.0,202.7
Built-up  Area,Ready To Move,Whitefield,2 BHK,,1033,2.0,0.0,56.31
Built-up  Area,Ready To Move,Lingarajapuram,2 BHK,Society_110,1114,2.0,2.0,69.83
Built-up  Area,Ready To Move,Horamavu Agara,3 BHK,,1451,2.0,3.0,90.73
Built-up  Area,Ready To Move,Hoodi,4 BHK,,2160,4.0,2.0,131.37
Built-up  Area,Ready To Move,MG Road,4 BHK,Society_56,2412,4.0,0.0,482.63
Carpet  Area,Ready To Move,CV Raman Nagar,3 BHK,Society_181,1297,3.0,0.0,82.22
Super built-up  Area,19-Dec,Nayandahalli,5 BHK,Society_185,3468 - 3568,5.0,1.0,262.52
Super built-up  Area,19-Dec,Hulimavu,2 BHK,Society_33,973,2.0,2.0,51.27
Plot  Area,Ready To Move,Thanisandra Main Road,3 BHK,,1484,3.0,1.0,92.34
Plot  Area,19-Dec,Padmanabhanagar,3 BHK,,1403,3.0,0.0,90.41
Super built-up  Area,Ready To Move,Malleshwaram,3 BHK,,1348,3.0,1.0,138.06
Built-up  Area,19-Dec,Hormavu,4 BHK,,2115,5.0,1.0,149.19
Super built-up  Area,Ready To Move,Devanahalli,4 BHK,,2461,3.0,1.0,106.73
Super built-up  Area,19-Dec,Haralur Road,4 BHK,,2446,4.0,1.0,127.65
Carpet  Area,19-Dec,Nagarbhavi,2 BHK,,1322,2.0,2.0,78.95
Built-up  Area,Ready To Move,Banaswadi,2 BHK,Society_118,1200,2.0,2.0,79.17
Super built-up  Area,22-Jan,Vijayanagar,4 BHK,,2566,4.0,1.0,172.92
Carpet  Area,Ready To Move,Peenya,3 BHK,,1643,3.0,2.0,62.39
Super built-up  Area,Ready To Move,Uttarahalli,3 BHK,,1340,3.0,2.0,98.61
Super built-up  Area,Ready To Move,Laggere,2 BHK,,850,2.0,2.0,47.58
Super built-up  Area,Ready To Move,Ulsoor,3 BHK,,1631,3.0,2.0,204.96
Super built-up  Area,Ready To Move,Kadugodi,4 BHK,,2072,4.0,2.0,133.8
Super built-up  Area,22-Jan,Gottigere,2 BHK,,1017,2.0,1.0,55.01
Super built-up  Area,22-Jan,Sahakara Nagar,3 BHK,,1508,3.0,1.0,94.37
Super built-up  Area,19-Dec,Wilson Garden,3 BHK,,1351,3.0,2.0,126.32
Super built-up  Area,19-Dec,Jakkur,2 BHK,Society_20,1186,2.0,1.0,84.59
Super built-up  Area,19-Dec,Kanakapura Road,3 BHK,Society_102,1717,3.0,1.0,107.53
Built-up  Area,Ready To Move,Bagalur,3 BHK,,1641,3.0,1.0,100.42
Plot  Area,Ready To Move,Arekere,2 BHK,Society_22,902,2.0,2.0,57.2
Plot  Area,19-Dec,Wilson Garden,2 BHK,,1176,2.0,2.0,99.59
Super built-up  Area,Ready To Move,Kogilu,1 BHK,,775,2.0,1.0,29.56
Plot  Area,Ready To Move,Rachenahalli,3 BHK,,1296,2.0,3.0,90.59
Super built-up  Area,Ready To Move,Akshaya Nagar,5 BHK,,3765,4.0,2.0,279.66
Super built-up  Area,Ready To Move,Yeshwanthpur,2 BHK,,1184,3.0,1.0,77.72
Super built-up  Area,22-Jan,Dasarahalli,2 BHK,Society_149,999,2.0,2.0,37.19
Super built-up  Area,19-Dec,Cox Town,2 BHK,Society_141,1272 - 1372,2.0,2.0,80.53
Super built-up  Area,Ready To Move,Budigere Cross,3 BHK,Society_170,1505,3.0,0.0,98.1
Super built-up  Area,Ready To Move,CV Raman Nagar,3 BHK,,1404,3.0,2.0,93.14
Super built-up  Area,Ready To Move,Anekal,3 BHK,,1423,3.0,3.0,54.79
Super built-up  Area,Ready To Move,Vijayanagar,4 BHK,,2211,4.0,0.0,131.71
Built-up  Area,19-Dec,Kadugodi,3 BHK,Society_88,1246 - 1346,4.0,3.0,79.21
Super built-up  Area,Ready To Move,Brigade Road,2 BHK,,1310,3.0,2.0,228.29
Super built-up  Area,Ready To Move,Sadashiva Nagar,4 BHK,,2100,3.0,1.0,403.38
Super built-up  Area,Ready To Move,Koramangala,4 BHK,Society_9,2117 - 2217,3.0,1.0,263.06
Super built-up  Area,19-Dec,Jakkur,3 BHK,,1588,3.0,2.0,83.07
Super built-up  Area,Ready To Move,Lavelle Road,3 BHK,Society_37,1683 - 1783,2.0,0.0,318.36
Super built-up  Area,Ready To Move,Hulimavu,4 BHK,,2583,4.0,3.0,163.96
Super built-up  Area,Ready To Move,Bommasandra,3 BHK,,1385,3.0,1.0,94.36
Super built-up  Area,Ready To Move,Akshaya Nagar,1 BHK,,411,1.0,0.0,23.44
Carpet  Area,Ready To Move,Bommanahalli,5 BHK,Society_162,3775,5.0,2.0,190.05
Carpet  Area,Ready To Move,Girinagar,4 BHK,Society_55,2405,3.0,2.0,117.86
Carpet  Area,22-Jan,Lavelle Road,2 BHK,Society_186,1299,1.0,0.0,250.56
Super built-up  Area,Ready To Move,Anekal,2 BHK,,973 - 1073,3.0,1.0,36.2
Super built-up  Area,Ready To Move,Hulimavu,3 BHK,Society_70,1672,3.0,3.0,116.07
Super built-up  Area,22-Jan,Bannerghatta Road,3 BHK,,1428 - 1528,3.0,0.0,89.06
Built-up  Area,19-Dec,Richmond Town,2 BHK,Society_32,1223,2.0,2.0,147.82
Super built-up  Area,19-Dec,Attibele,3 BHK,Society_119,1673,3.0,1.0,116.87
Built-up  Area,Ready To Move,Bagalur,3 BHK,Society_35,1443,2.0,0.0,108.56
Carpet  Area,Ready To Move,Cox Town,3 BHK,,1638,2.0,3.0,116.48
Built-up  Area,19-Dec,Yeshwanthpur,2 BHK,Society_199,1208,1.0,0.0,68.1
Carpet  Area,Ready To Move,BTM Layout,2 BHK,,1345,1.0,2.0,110.64
Built-up  Area,Ready To Move,Rachenahalli,2 BHK,,918,2.0,1.0,54.85
Built-up  Area,Ready To Move,Budigere Cross,3 BHK,,1487 - 1587,4.0,3.0,101.46
Super built-up  Area,Ready To Move,Vijayanagar,4 BHK,Society_7,2125 - 2225,4.0,1.0,170.88
Built-up  Area,19-Dec,Jigani,2 BHK,,1001,2.0,0.0,66.39
Plot  Area,Ready To Move,Jayanagar,3 BHK,Society_5,1209 - 1309,3.0,2.0,188.08
Super built-up  Area,22-Jan,Hennur Road,3 BHK,Society_146,1284,2.0,2.0,79.83
Built-up  Area,Ready To Move,Cunningham Road,2 BHK,,834 - 934,2.0,1.0,142.37
Carpet  Area,Ready To Move,HSR Layout,4 BHK,,2011 - 2111,3.0,1.0,152.42
Plot  Area,Ready To Move,HBR Layout,5 BHK,,3558,5.0,1.0,199.83
Built-up  Area,22-Jan,Nagarbhavi,2 BHK,,819,2.0,2.0,44.75
Built-up  Area,19-Dec,Electronic City,3 BHK,,1413,4.0,1.0,86.41
Plot  Area,22-Jan,Lingarajapuram,3 BHK,,1483,2.0,0.0,98.4
Plot  Area,Ready To Move,HSR Layout,3 BHK,Society_118,1701,4.0,3.0,182.99
Super built-up  Area,Ready To Move,Varthur,2 BHK,Society_147,1003,1.0,0.0,43.31
Super built-up  Area,22-Jan,MG Road,3 BHK,Society_95,1289,4.0,2.0,284.44
Plot  Area,Ready To Move,Thanisandra Main Road,5 BHK,,3789,4.0,2.0,214.62
Super built-up  Area,22-Jan,Ejipura,4 BHK,Society_92,2577,5.0,3.0,269.87
Super built-up  Area,22-Jan,Vidyaranyapura,4 BHK,,2197,5.0,2.0,135.57
Super built-up  Area,Ready To Move,Yelahanka,2 BHK,Society_177,1097 - 1197,2.0,1.0,64.99
Built-up  Area,Ready To Move,Padmanabhanagar,2 BHK,,1004,3.0,1.0,55.85
Built-up  Area,22-Jan,MG Road,3 BHK,,1420,3.0,2.0,227.18
Super built-up  Area,22-Jan,Kalyan Nagar,4 BHK,,2580,5.0,2.0,174.54
Plot  Area,Ready To Move,Haralur Road,4 BHK,Society_103,2442 - 2542,4.0,2.0,145.37
Super built-up  Area,22-Jan,MG Road,3 BHK,,1313 - 1413,3.0,2.0,231.64
Built-up  Area,22-Jan,Horamavu Agara,2 BHK,,1331,2.0,1.0,77.27
Plot  Area,Ready To Move,Domlur,3 BHK,Society_30,1544,3.0,0.0,180.14
Plot  Area,22-Jan,Kumaraswamy Layout,4 BHK,,2342 - 2442,4.0,2.0,152.88
Carpet  Area,Ready To Move,Hosa Road,5 BHK,Society_122,3491,6.0,2.0,258.01
Built-up  Area,Ready To Move,Budigere Cross,3 BHK,,1521,3.0,1.0,78.62
Super built-up  Area,Ready To Move,Gottigere,4 BHK,,2272,4.0,1.0,130.51
Built-up  Area,19-Dec,HSR Layout,4 BHK,Society_163,2485 - 2585,4.0,1.0,228.36
Built-up  Area,Ready To Move,Nagarbhavi,1 BHK,Society_141,912,1.0,1.0,58.55
Built-up  Area,19-Dec,RT Nagar,2 BHK,,1017,1.0,1.0,36.17
Super built-up  Area,Ready To Move,Sahakara Nagar,3 BHK,Society_74,1684 - 1784,2.0,2.0,107.74
Built-up  Area,22-Jan,New BEL Road,2 BHK,,1135 - 1235,2.0,2.0,68.65
Super built-up  Area,Ready To Move,Hebbal,3 BHK,Society_187,1585,3.0,1.0,123.4
Super built-up  Area,Ready To Move,Devanahalli,3 BHK,Society_86,1387,4.0,2.0,64.15
Built-up  Area,22-Jan,KR Puram,2 BHK,Society_156,868,2.0,2.0,34.31
Built-up  Area,Ready To Move,Budigere Cross,4 BHK,Society_95,2398,5.0,1.0,135.57
Super built-up  Area,22-Jan,Thanisandra Main Road,2 BHK,,1259,2.0,2.0,74.2
Super built-up  Area,Ready To Move,Basaveshwara Nagar,3 BHK,,1417,3.0,1.0,84.34
Super built-up  Area,22-Jan,Varthur,3 BHK,Society_53,1267,3.0,2.0,73.59
Built-up  Area,Ready To Move,Cox Town,4 BHK,,2174,3.0,2.0,105.12
Super built-up  Area,19-Dec,Haralur Road,3 BHK,,1593,3.0,3.0,82.21
Super built-up  Area,Ready To Move,Rajaji Nagar,4 BHK,,2432 - 2532,4.0,1.0,296.45
Super built-up  Area,19-Dec,Chandapura,4 BHK,,2174 - 2274,3.0,2.0,86.11
Built-up  Area,Ready To Move,Lavelle Road,3 BHK,,1688,2.0,1.0,307.37
Super built-up  Area,Ready To Move,Peenya,4 BHK,Society_82,2554,4.0,3.0,184.63
Super built-up  Area,Ready To Move,Nayandahalli,5 BHK,,3428,4.0,3.0,198.15
Super built-up  Area,22-Jan,Sahakara Nagar,5 BHK,,3784 - 3884,5.0,2.0,235.87
Built-up  Area,22-Jan,Lingarajapuram,4 BHK,,2307,5.0,1.0,126.7
Super built-up  Area,19-Dec,Attibele,3 BHK,,1618,3.0,1.0,89.16
Super built-up  Area,22-Jan,Kudlu Gate,5 BHK,,3638,6.0,3.0,226.67
Built-up  Area,Ready To Move,Vijayanagar,3 BHK,Society_173,1756,3.0,0.0,90.13
Built-up  Area,22-Jan,Rachenahalli,3 BHK,,1794,2.0,1.0,108.58
Carpet  Area,22-Jan,Jakkur,3 BHK,,1787,3.0,2.0,116.03
Built-up  Area,Ready To Move,Kalyan Nagar,2 BHK,Society_57,1338,3.0,0.0,63.58
Built-up  Area,22-Jan,Devanahalli,2 BHK,,789 - 889,1.0,0.0,37.72
Super built-up  Area,Ready To Move,Thanisandra,4 BHK,,2548 - 2648,4.0,1.0,173.08
Super built-up  Area,22-Jan,Kalyan Nagar,2 BHK,,826,2.0,2.0,50.79
Plot  Area,Ready To Move,Gottigere,2 BHK,,856,1.0,0.0,49.04
Super built-up  Area,Ready To Move,Hebbal,3 BHK,,1650,3.0,2.0,136.63
Built-up  Area,Ready To Move,Rajarajeshwari Nagara,2 BHK,,1237,3.0,1.0,90.4
Super built-up  Area,Ready To Move,Padmanabhanagar,3 BHK,Society_74,1436,3.0,1.0,96.14
Carpet  Area,Ready To Move,Sarjapur Road,5 BHK,Society_194,3768 - 3868,6.0,1.0,197.36
Built-up  Area,Ready To Move,Narayanapura,4 BHK,,2122,4.0,0.0,120.17
Built-up  Area,Ready To Move,Begur Road,5 BHK,,3444,5.0,2.0,198.15
Super built-up  Area,22-Jan,RT Nagar,3 BHK,,1277,2.0,1.0,48.3
Carpet  Area,Ready To Move,Varthur,3 BHK,,1465 - 1565,3.0,1.0,92.67
Built-up  Area,Ready To Move,Jalahalli,3 BHK,Society_10,1636 - 1736,2.0,3.0,117.6
Built-up  Area,Ready To Move,Kogilu,3 BHK,,1333,3.0,1.0,65.24
Super built-up  Area,Ready To Move,Mahadevapura,2 BHK,Society_161,845,2.0,0.0,54.35
Super built-up  Area,Ready To Move,Bannerghatta Road,4 BHK,Society_57,2507,4.0,2.0,172.65
Built-up  Area,19-Dec,Hormavu,1 BHK,Society_147,908,1.0,1.0,54.28
Super built-up  Area,Ready To Move,Lavelle Road,4 BHK,Society_53,2167,3.0,1.0,461.81
Carpet  Area,Ready To Move,Kanakapura Road,1 BHK,,573,1.0,0.0,34.69
Super built-up  Area,Ready To Move,Thanisandra,4 BHK,,2462,4.0,2.0,109.34
Carpet  Area,Ready To Move,Horamavu Agara,2 BHK,,1193,1.0,2.0,105.06
Carpet  Area,22-Jan,Lingarajapuram,1 BHK,,544,2.0,1.0,22.7
Built-up  Area,22-Jan,Kudlu Gate,3 BHK,,1522,3.0,1.0,64.67
Super built-up  Area,19-Dec,Jigani,3 BHK,,1595,3.0,0.0,88.54
Carpet  Area,22-Jan,Raja Rajeshwari Nagar,1 BHK,,857,1.0,1.0,43.67
Built-up  Area,19-Dec,Bannerghatta Road,2 BHK,,1118,3.0,2.0,62.58
Super built-up  Area,22-Jan,Cox Town,2 BHK,Society_135,1047,2.0,0.0,63.14
Super built-up  Area,Ready To Move,Uttarahalli,3 BHK,,1364,4.0,1.0,86.45
Super built-up  Area,19-Dec,Benson Town,3 BHK,,1374,3.0,0.0,63.44
Carpet  Area,Ready To Move,Attibele,4 BHK,,2551,4.0,2.0,178.07
Super built-up  Area,Ready To Move,Narayanapura,3 BHK,Society_98,1540,4.0,1.0,120.32
Carpet  Area,Ready To Move,Malleshwaram,3 BHK,,1322,3.0,2.0,220.4
Super built-up  Area,22-Jan,Kadugodi,2 BHK,Society_60,823,3.0,2.0,44.13
Super built-up  Area,Ready To Move,Bannerghatta Road,4 BHK,,2162,4.0,1.0,159.22
Super built-up  Area,Ready To Move,New BEL Road,1 BHK,Society_86,786,1.0,1.0,40.88
Super built-up  Area,Ready To Move,Bommanahalli,3 BHK,,1361,3.0,1.0,99.15
Built-up  Area,Ready To Move,Bagalur,4 BHK,,2474,4.0,1.0,150.87
Super built-up  Area,Ready To Move,Fraser Town,4 BHK,Society_123,2335,4.0,2.0,124.21
Plot  Area,Ready To Move,Bommanahalli,4 BHK,,2446,3.0,2.0,153.96
Built-up  Area,19-Dec,HRBR Layout,3 BHK,,1406,4.0,3.0,96.42
Super built-up  Area,Ready To Move,Thanisandra Main Road,2 BHK,,920 - 1020,2.0,2.0,54.91
Built-up  Area,22-Jan,Narayanapura,4 BHK,Society_34,2349,4.0,2.0,134.02
Super built-up  Area,22-Jan,Lavelle Road,3 BHK,,1473,4.0,1.0,336.73
Built-up  Area,Ready To Move,CV Raman Nagar,2 BHK,,1021,1.0,2.0,42.26
Super built-up  Area,22-Jan,Thanisandra,3 BHK,Society_64,1476,4.0,0.0,88.73
Carpet  Area,19-Dec,Attibele,2 BHK,Society_4,1242,2.0,2.0,90.69
Super built-up  Area,22-Jan,Hosa Road,3 BHK,Society_140,1768,3.0,2.0,114.26
Carpet  Area,Ready To Move,Chandapura,3 BHK,,1264,4.0,1.0,42.47
Super built-up  Area,Ready To Move,Kumaraswamy Layout,4 BHK,Society_32,2418,4.0,3.0,159.98
Super built-up  Area,22-Jan,Chamrajpet,2 BHK,,1245 - 1345,2.0,2.0,90.07
Carpet  Area,Ready To Move,Bellandur,3 BHK,,1475,3.0,2.0,100.98
Super built-up  Area,22-Jan,Peenya,3 BHK,,1402,3.0,3.0,88.0
Super built-up  Area,Ready To Move,Thanisandra,2 BHK,,1323,2.0,2.0,80.98
Built-up  Area,Ready To Move,HSR Layout,5 BHK,,3424,5.0,2.0,318.3
Super built-up  Area,Ready To Move,MG Road,4 BHK,Society_19,2367,4.0,2.0,416.7
Super built-up  Area,22-Jan,Old Madras Road,4 BHK,,2239,4.0,3.0,147.23
Built-up  Area,19-Dec,Sarjapur Road,2 BHK,Society_155,1085,3.0,1.0,60.28
Built-up  Area,22-Jan,Yelahanka,2 BHK,,808,1.0,2.0,48.62
Plot  Area,Ready To Move,Banashankari,3 BHK,,1641,3.0,0.0,111.3
Carpet  Area,22-Jan,Nagarbhavi,2 BHK,,1111,2.0,2.0,62.65
Plot  Area,22-Jan,Hebbal,3 BHK,,1450 - 1550,3.0,2.0,172.74
Built-up  Area,Ready To Move,Thanisandra Main Road,2 BHK,,978,2.0,2.0,62.77
Built-up  Area,Ready To Move,Gottigere,2 BHK,,1009,3.0,1.0,62.16
Built-up  Area,Ready To Move,Bannerghatta Road,3 BHK,Society_144,1700 - 1800,3.0,1.0,108.47
Super built-up  Area,Ready To Move,Rachenahalli,2 BHK,,908 - 1008,1.0,2.0,51.91
Super built-up  Area,19-Dec,Arekere,3 BHK,,1564 - 1664,3.0,1.0,96.33
Built-up  Area,22-Jan,Kengeri,4 BHK,Society_42,2418,4.0,2.0,111.67
Super built-up  Area,19-Dec,Bommanahalli,4 BHK,,2428,4.0,3.0,137.79
Super built-up  Area,19-Dec,Chamrajpet,3 BHK,Society_144,1583,2.0,1.0,93.08
Built-up  Area,Ready To Move,Vasanth Nagar,3 BHK,,1552 - 1652,3.0,1.0,160.24
Carpet  Area,19-Dec,KR Puram,1 BHK,,943,1.0,0.0,59.02
Plot  Area,Ready To Move,Ramamurthy Nagar,3 BHK,Society_27,1629,3.0,0.0,128.92
Built-up  Area,Ready To Move,CV Raman Nagar,2 BHK,,1150,2.0,2.0,57.14
Built-up  Area,22-Jan,HSR Layout,5 BHK,,3516,4.0,1.0,390.74
Super built-up  Area,22-Jan,Gottigere,2 BHK,,1110,2.0,1.0,68.53
Built-up  Area,Ready To Move,Yeshwanthpur,3 BHK,,1681,4.0,1.0,73.26
Plot  Area,Ready To Move,Marathahalli,2 BHK,Society_113,1039 - 1139,2.0,2.0,92.46
Super built-up  Area,22-Jan,Bannerghatta Road,3 BHK,Society_124,1589,4.0,3.0,95.12
Built-up  Area,Ready To Move,Budigere Cross,3 BHK,Society_120,1738,2.0,0.0,105.77
Built-up  Area,Ready To Move,Old Madras Road,3 BHK,Society_103,1485,3.0,0.0,78.89
Carpet  Area,22-Jan,Vijayanagar,2 BHK,Society_32,800,1.0,1.0,40.18
Super built-up  Area,19-Dec,Padmanabhanagar,2 BHK,Society_5,1164,1.0,2.0,89.3
Plot  Area,Ready To Move,Gottigere,3 BHK,Society_144,1768,4.0,1.0,127.31
Built-up  Area,22-Jan,Peenya,5 BHK,,3862,4.0,2.0,277.3
Super built-up  Area,Ready To Move,Rachenahalli,3 BHK,,1610,3.0,1.0,116.37
Carpet  Area,Ready To Move,Vasanth Nagar,3 BHK,Society_171,1636,3.0,2.0,198.06
Super built-up  Area,22-Jan,JP Nagar,3 BHK,Society_192,1303,2.0,1.0,115.34
Built-up  Area,22-Jan,Hormavu,3 BHK,,1262,3.0,0.0,80.83
Super built-up  Area,22-Jan,Magadi Road,2 BHK,Society_110,1103,2.0,1.0,60.11
Super built-up  Area,Ready To Move,Cunningham Road,4 BHK,,2505,4.0,0.0,384.52
Plot  Area,19-Dec,Dasarahalli,3 BHK,,1515,4.0,1.0,112.7
Super built-up  Area,Ready To Move,Cox Town,4 BHK,,2199,5.0,2.0,117.79
Carpet  Area,Ready To Move,Mysore Road,1 BHK,,773,1.0,1.0,49.94
Super built-up  Area,Ready To Move,Cox Town,3 BHK,Society_10,1270,3.0,0.0,78.8
Super built-up  Area,19-Dec,Cox Town,4 BHK,,2373,4.0,2.0,126.24
Plot  Area,Ready To Move,Nagarbhavi,1 BHK,Society_135,784,1.0,1.0,56.81
Super built-up  Area,Ready To Move,Akshaya Nagar,2 BHK,Society_44,1211,2.0,1.0,62.78
Built-up  Area,Ready To Move,Hebbal,2 BHK,Society_191,1301,2.0,1.0,98.44
Plot  Area,22-Jan,Narayanapura,2 BHK,,937,2.0,2.0,80.25
Super built-up  Area,22-Jan,Thanisandra,3 BHK,Society_146,1291 - 1391,2.0,3.0,71.27
Super built-up  Area,Ready To Move,Gottigere,4 BHK,Society_48,2094,3.0,1.0,99.5
Built-up  Area,Ready To Move,Marathahalli,1 BHK,,484,2.0,1.0,29.72
Carpet  Area,Ready To Move,Girinagar,4 BHK,Society_90,2098,3.0,0.0,110.71
Plot  Area,Ready To Move,Bommasandra,5 BHK,,3552,5.0,3.0,184.61
Super built-up  Area,22-Jan,Malleshwaram,3 BHK,Society_130,1481,4.0,1.0,237.7
Super built-up  Area,Ready To Move,Mysore Road,3 BHK,,1565,3.0,1.0,85.52
Super built-up  Area,Ready To Move,Kalyan Nagar,3 BHK,Society_49,1752,4.0,2.0,96.35
Super built-up  Area,Ready To Move,Kumaraswamy Layout,4 BHK,,2165,3.0,2.0,123.68
Super built-up  Area,19-Dec,Nayandahalli,3 BHK,,1571 - 1671,3.0,1.0,109.18
Carpet  Area,19-Dec,Kengeri,2 BHK,,1101,2.0,1.0,66.7
Super built-up  Area,Ready To Move,Sahakara Nagar,5 BHK,,3833 - 3933,5.0,2.0,265.71
Plot  Area,Ready To Move,Hormavu,4 BHK,Society_88,2010 - 2110,4.0,1.0,163.25
Carpet  Area,Ready To Move,Bannerghatta Road,3 BHK,,1577,3.0,0.0,109.22
Built-up  Area,19-Dec,Thanisandra Main Road,2 BHK,Society_19,1300,2.0,1.0,71.99
Super built-up  Area,19-Dec,Cunningham Road,3 BHK,,1258,3.0,1.0,199.03
Plot  Area,Ready To Move,Hosa Road,3 BHK,,1606,3.0,1.0,109.25
Built-up  Area,19-Dec,Uttarahalli,1 BHK,,733,1.0,1.0,44.73
Super built-up  Area,19-Dec,Thanisandra Main Road,3 BHK,Society_163,1418,3.0,2.0,65.01
Plot  Area,22-Jan,Raja Rajeshwari Nagar,3 BHK,,1379 - 1479,4.0,0.0,94.82
Super built-up  Area,Ready To Move,Lingarajapuram,2 BHK,,919,1.0,2.0,62.42
Super built-up  Area,22-Jan,Hennur Road,2 BHK,,1328,2.0,2.0,86.68
Built-up  Area,Ready To Move,Domlur,4 BHK,,2324,4.0,2.0,264.25
Super built-up  Area,19-Dec,Peenya,3 BHK,,1280,3.0,2.0,84.8
Built-up  Area,22-Jan,Nayandahalli,5 BHK,,3831,6.0,0.0,129.3
Super built-up  Area,Ready To Move,Hulimavu,4 BHK,,2429,4.0,2.0,137.44
Super built-up  Area,22-Jan,Old Madras Road,2 BHK,Society_64,1199,2.0,0.0,65.03
Built-up  Area,Ready To Move,HSR Layout,4 BHK,,2515,4.0,1.0,218.95
Super built-up  Area,Ready To Move,Laggere,3 BHK,Society_94,1271,2.0,1.0,66.92
Plot  Area,Ready To Move,Chamrajpet,4 BHK,,2094,3.0,1.0,138.11
Super built-up  Area,19-Dec,Kanakapura Road,2 BHK,Society_167,1008,2.0,1.0,67.57
Built-up  Area,Ready To Move,Jakkur,2 BHK,,1111,2.0,1.0,76.36
Super built-up  Area,Ready To Move,Ramamurthy Nagar,3 BHK,,1611 - 1711,3.0,1.0,101.78
Plot  Area,Ready To Move,Sarjapur Road,3 BHK,,1540,3.0,3.0,116.5
Super built-up  Area,Ready To Move,Hoodi,3 BHK,,1289,3.0,2.0,85.82
Plot  Area,Ready To Move,Yeshwanthpur,3 BHK,,1658,2.0,1.0,108.83
Carpet  Area,19-Dec,Bommanahalli,4 BHK,,2210,4.0,1.0,147.6
Super built-up  Area,Ready To Move,HRBR Layout,2 BHK,Society_183,1317,2.0,2.0,64.83
Built-up  Area,Ready To Move,Narayanapura,3 BHK,Society_44,1635,3.0,1.0,57.27
Built-up  Area,Ready To Move,Malleshwaram,3 BHK,,1433,3.0,1.0,195.16
Built-up  Area,22-Jan,Varthur,2 BHK,,1102,2.0,0.0,70.97
Built-up  Area,Ready To Move,Laggere,3 BHK,,1798,2.0,3.0,115.3
Super built-up  Area,22-Jan,Budigere Cross,3 BHK,Society_180,1469,3.0,1.0,107.29
Super built-up  Area,Ready To Move,Dasarahalli,3 BHK,,1294,4.0,3.0,54.35
Super built-up  Area,19-Dec,Ulsoor,3 BHK,,1721,2.0,2.0,193.42
Built-up  Area,22-Jan,Padmanabhanagar,2 BHK,Society_80,894,2.0,1.0,54.66
Super built-up  Area,22-Jan,Peenya,2 BHK,Society_122,1201,3.0,1.0,74.27
Super built-up  Area,Ready To Move,Bellandur,3 BHK,,1514,3.0,1.0,92.85
Super built-up  Area,22-Jan,Ramamurthy Nagar,2 BHK,,1027,1.0,0.0,72.92
Super built-up  Area,Ready To Move,Hulimavu,4 BHK,Society_53,2241,4.0,1.0,122.55
Plot  Area,19-Dec,Bellandur,1 BHK,Society_51,416,1.0,1.0,31.47
Super built-up  Area,22-Jan,Raja Rajeshwari Nagar,4 BHK,Society_38,2428,4.0,2.0,146.44
Carpet  Area,Ready To Move,Hoodi,3 BHK,,1471,2.0,1.0,70.09
Super built-up  Area,19-Dec,Begur Road,2 BHK,,1032,2.0,2.0,69.06
Plot  Area,Ready To Move,Richmond Town,4 BHK,,2179,3.0,0.0,410.7
Super built-up  Area,22-Jan,Yelahanka,3 BHK,,1520,3.0,0.0,97.94
Super built-up  Area,Ready To Move,Kammanahalli,4 BHK,,2304,4.0,2.0,132.52
Super built-up  Area,Ready To Move,Hulimavu,3 BHK,,1384,2.0,1.0,90.03
Plot  Area,Ready To Move,Chikkaballapur Road,5 BHK,,3503,5.0,2.0,228.67
Super built-up  Area,19-Dec,Wilson Garden,2 BHK,Society_48,1254,2.0,2.0,147.02
Super built-up  Area,22-Jan,Banaswadi,3 BHK,,1356,3.0,0.0,72.84
Super built-up  Area,Ready To Move,Basavanagudi,2 BHK,,1258,2.0,2.0,113.93
Super built-up  Area,22-Jan,Bagalur,4 BHK,,2350 - 2450,4.0,2.0,154.26
Super built-up  Area,Ready To Move,Rajaji Nagar,2 BHK,Society_3,878,1.0,0.0,82.3
Built-up  Area,22-Jan,Sarjapur Road,2 BHK,,952,2.0,2.0,57.03
Super built-up  Area,22-Jan,Jalahalli,3 BHK,,1539,4.0,2.0,79.42
Carpet  Area,19-Dec,Richmond Town,2 BHK,Society_116,1062,2.0,2.0,161.86
Built-up  Area,22-Jan,Rachenahalli,4 BHK,Society_60,2418 - 2518,4.0,1.0,134.2
Built-up  Area,Ready To Move,Cox Town,2 BHK,Society_177,961,1.0,2.0,52.07
Carpet  Area,19-Dec,Adugodi,2 BHK,Society_185,1203,1.0,2.0,66.76
Plot  Area,22-Jan,Vasanth Nagar,2 BHK,Society_23,1029,2.0,1.0,155.29
Built-up  Area,Ready To Move,Yeshwanthpur,4 BHK,,2118,3.0,1.0,122.11
Plot  Area,Ready To Move,Kasturi Nagar,3 BHK,,1342,3.0,2.0,88.84
Built-up  Area,19-Dec,Lingarajapuram,2 BHK,,1287,2.0,1.0,95.43
Built-up  Area,22-Jan,Banashankari,2 BHK,,903,2.0,1.0,38.28
Built-up  Area,Ready To Move,Mahadevapura,5 BHK,Society_103,3508,5.0,0.0,186.25
Super built-up  Area,Ready To Move,Banashankari,3 BHK,,1545,4.0,0.0,91.88
Built-up  Area,Ready To Move,Marathahalli,2 BHK,,890,3.0,1.0,59.48
Built-up  Area,Ready To Move,Banaswadi,2 BHK,,1297,2.0,0.0,65.43
Built-up  Area,22-Jan,HSR Layout,4 BHK,Society_111,2113,5.0,2.0,189.42
Plot  Area,Ready To Move,Thanisandra,3 BHK,,1225 - 1325,2.0,2.0,43.88
Built-up  Area,Ready To Move,Rajarajeshwari Nagara,5 BHK,,3855,5.0,1.0,253.12
Super built-up  Area,19-Dec,Rajaji Nagar,2 BHK,Society_14,1067,3.0,2.0,111.93
Super built-up  Area,Ready To Move,Sarjapur Road,4 BHK,Society_128,2156,4.0,1.0,115.29
Built-up  Area,22-Jan,Hoodi,3 BHK,,1331,2.0,1.0,115.57
Super built-up  Area,Ready To Move,BTM Layout,1 BHK,,490 - 590,1.0,1.0,44.33
Super built-up  Area,Ready To Move,Kogilu,4 BHK,,2228,4.0,3.0,132.54
Super built-up  Area,19-Dec,Koramangala,5 BHK,,3544,4.0,1.0,478.18
Carpet  Area,Ready To Move,Lingarajapuram,3 BHK,,1694,2.0,1.0,110.67
Plot  Area,Ready To Move,HRBR Layout,5 BHK,Society_109,3877,5.0,2.0,315.11
Carpet  Area,22-Jan,Nayandahalli,3 BHK,Society_147,1661,4.0,3.0,127.01
Carpet  Area,Ready To Move,Budigere Cross,1 BHK,,759,1.0,1.0,56.29
Carpet  Area,Ready To Move,Basaveshwara Nagar,3 BHK,,1347,2.0,1.0,90.6
Super built-up  Area,Ready To Move,Padmanabhanagar,2 BHK,,1221,2.0,2.0,67.82
Super built-up  Area,22-Jan,Nayandahalli,5 BHK,,3550,4.0,2.0,204.3
Carpet  Area,Ready To Move,Hulimavu,2 BHK,,890,1.0,0.0,54.3
Super built-up  Area,19-Dec,Girinagar,3 BHK,Society_74,1728,3.0,3.0,118.99
Carpet  Area,Ready To Move,Old Madras Road,2 BHK,Society_48,941,2.0,2.0,47.59
Plot  Area,Ready To Move,Hormavu,3 BHK,,1568,3.0,1.0,79.61
Super built-up  Area,Ready To Move,Whitefield,2 BHK,,1154,2.0,1.0,79.35
Built-up  Area,19-Dec,Kengeri,3 BHK,,1510,2.0,3.0,80.47
Super built-up  Area,Ready To Move,Old Madras Road,1 BHK,,420,1.0,1.0,22.56
Built-up  Area,Ready To Move,Chikkaballapur Road,4 BHK,,2119 - 2219,3.0,1.0,129.11
Built-up  Area,Ready To Move,Banaswadi,4 BHK,,2293,4.0,1.0,151.86
Super built-up  Area,Ready To Move,Budigere Cross,3 BHK,,1700,4.0,3.0,79.22
Plot  Area,22-Jan,Bannerghatta Road,3 BHK,,1580,3.0,0.0,114.26
Super built-up  Area,Ready To Move,HRBR Layout,4 BHK,,2135,4.0,0.0,143.94
Super built-up  Area,Ready To Move,Brigade Road,2 BHK,Society_77,1327,3.0,1.0,206.89
Carpet  Area,Ready To Move,Girinagar,3 BHK,,1396,3.0,2.0,81.3
Super built-up  Area,Ready To Move,Banaswadi,2 BHK,,844,2.0,2.0,39.71
Built-up  Area,22-Jan,Adugodi,3 BHK,,1393,4.0,3.0,75.3
Built-up  Area,22-Jan,Horamavu Agara,3 BHK,Society_40,1251,3.0,1.0,58.87
Super built-up  Area,Ready To Move,Sadashiva Nagar,3 BHK,,1394,3.0,2.0,200.13
Super built-up  Area,22-Jan,Jakkur,2 BHK,,1041,2.0,2.0,72.39
Built-up  Area,Ready To Move,Bommasandra,1 BHK,Society_23,427 - 527,1.0,1.0,29.24
Super built-up  Area,Ready To Move,Rajaji Nagar,4 BHK,Society_27,2500,3.0,1.0,246.32
Super built-up  Area,22-Jan,Bommasandra,4 BHK,Society_157,2435,3.0,1.0,191.7
Plot  Area,19-Dec,New BEL Road,4 BHK,,2152,4.0,2.0,128.09
Plot  Area,Ready To Move,Richmond Town,2 BHK,Society_17,913,2.0,0.0,186.36
Super built-up  Area,19-Dec,Padmanabhanagar,4 BHK,Society_118,2564,5.0,2.0,148.19
Super built-up  Area,Ready To Move,Bommasandra,2 BHK,Society_184,757 - 857,2.0,1.0,52.79
Plot  Area,22-Jan,Bellandur,4 BHK,,2303 - 2403,4.0,1.0,177.88
Super built-up  Area,19-Dec,HSR Layout,2 BHK,Society_151,1318,2.0,2.0,111.23
Plot  Area,Ready To Move,Rajarajeshwari Nagara,2 BHK,Society_87,901,2.0,2.0,63.17
Built-up  Area,22-Jan,Brigade Road,2 BHK,Society_126,1151,2.0,2.0,170.77
Built-up  Area,Ready To Move,Akshaya Nagar,2 BHK,,802,2.0,2.0,62.17
Super built-up  Area,Ready To Move,Kanakapura Road,1 BHK,Society_89,740,1.0,0.0,46.65
Super built-up  Area,22-Jan,Rajarajeshwari Nagara,5 BHK,Society_30,3609,4.0,2.0,237.52
Built-up  Area,19-Dec,Dasarahalli,2 BHK,,1137,2.0,2.0,48.22
Carpet  Area,19-Dec,Kadugodi,3 BHK,,1426 - 1526,3.0,2.0,80.09
Built-up  Area,19-Dec,Richmond Town,2 BHK,,1044,3.0,2.0,163.55
Super built-up  Area,22-Jan,Girinagar,4 BHK,Society_167,2081,4.0,0.0,127.48
Super built-up  Area,Ready To Move,Indira Nagar,4 BHK,Society_125,2228,4.0,3.0,294.13
Built-up  Area,Ready To Move,Rachenahalli,3 BHK,,1752,3.0,0.0,108.59
Carpet  Area,Ready To Move,Old Airport Road,4 BHK,Society_184,2573,4.0,2.0,242.77
Built-up  Area,Ready To Move,Mysore Road,3 BHK,,1702,4.0,2.0,95.91
Built-up  Area,22-Jan,Lavelle Road,2 BHK,,912,3.0,2.0,205.19
Super built-up  Area,Ready To Move,Arekere,4 BHK,,2195,5.0,1.0,130.42
Super built-up  Area,Ready To Move,Kalyan Nagar,3 BHK,,1738,3.0,3.0,106.0
Super built-up  Area,Ready To Move,Lavelle Road,3 BHK,,1545,3.0,3.0,315.92
Built-up  Area,22-Jan,Nayandahalli,2 BHK,,887,3.0,1.0,52.17
Built-up  Area,Ready To Move,Chamrajpet,3 BHK,Society_81,1471,4.0,1.0,95.72
Super built-up  Area,Ready To Move,Richmond Town,2 BHK,Society_37,938,1.0,1.0,147.09
Built-up  Area,22-Jan,HSR Layout,3 BHK,Society_190,1270,2.0,1.0,117.01
Carpet  Area,Ready To Move,Kengeri,3 BHK,,1317,4.0,1.0,64.3
Carpet  Area,19-Dec,Kasturi Nagar,3 BHK,,1691,4.0,3.0,90.39
Built-up  Area,Ready To Move,Rajaji Nagar,4 BHK,,2076,4.0,1.0,207.08
Built-up  Area,Ready To Move,Sahakara Nagar,2 BHK,,1257 - 1357,2.0,2.0,91.79
Super built-up  Area,Ready To Move,Bommanahalli,4 BHK,,2241 - 2341,4.0,1.0,155.01
Built-up  Area,Ready To Move,HSR Layout,3 BHK,,1320,3.0,2.0,112.32
Super built-up  Area,Ready To Move,Thanisandra,3 BHK,Society_186,1719,3.0,3.0,90.84
Built-up  Area,22-Jan,Bommasandra,2 BHK,,935,2.0,1.0,59.43
Built-up  Area,22-Jan,Rachenahalli,2 BHK,Society_84,940 - 1040,3.0,1.0,73.87
Carpet  Area,Ready To Move,Peenya,2 BHK,,827,2.0,0.0,46.75
Built-up  Area,19-Dec,Nayandahalli,5 BHK,,3599 - 3699,5.0,2.0,216.16
Super built-up  Area,Ready To Move,Peenya,3 BHK,,1366,4.0,0.0,81.16
Super built-up  Area,22-Jan,Dasarahalli,3 BHK,Society_137,1755,2.0,2.0,134.77
Plot  Area,Ready To Move,Akshaya Nagar,3 BHK,Society_101,1645 - 1745,3.0,1.0,109.71
Built-up  Area,Ready To Move,HRBR Layout,3 BHK,Society_139,1748,3.0,0.0,131.86
Plot  Area,Ready To Move,Gottigere,3 BHK,,1615,4.0,2.0,96.31
Plot  Area,Ready To Move,Vasanth Nagar,4 BHK,,2504,5.0,2.0,459.57
Built-up  Area,Ready To Move,Sahakara Nagar,4 BHK,,2294,4.0,1.0,134.17
Built-up  Area,Ready To Move,Yelahanka,3 BHK,,1631,2.0,2.0,66.27
Super built-up  Area,19-Dec,Jigani,4 BHK,Society_155,2366,5.0,1.0,198.1
Super built-up  Area,19-Dec,Richmond Town,3 BHK,,1609,4.0,0.0,243.13
Super built-up  Area,Ready To Move,Hormavu,3 BHK,Society_99,1725,4.0,1.0,96.56
Super built-up  Area,22-Jan,Sadashiva Nagar,4 BHK,,2343,4.0,3.0,385.0
Plot  Area,22-Jan,Adugodi,4 BHK,,2539,4.0,2.0,182.85
Plot  Area,22-Jan,Chamrajpet,4 BHK,Society_58,2425,5.0,0.0,199.94
Built-up  Area,Ready To Move,Electronic City,3 BHK,,1679 - 1779,3.0,3.0,87.28
Plot  Area,19-Dec,Kudlu Gate,3 BHK,,1449,3.0,2.0,118.88
Super built-up  Area,Ready To Move,Banashankari,3 BHK,Society_173,1282 - 1382,2.0,2.0,78.41
Super built-up  Area,22-Jan,Chandapura,3 BHK,Society_60,1327 - 1427,3.0,1.0,60.2
Plot  Area,19-Dec,Sadashiva Nagar,4 BHK,,2454,3.0,1.0,496.55
Built-up  Area,Ready To Move,Bommanahalli,5 BHK,,3646,4.0,2.0,202.07
Super built-up  Area,Ready To Move,Sadashiva Nagar,4 BHK,,2100,4.0,1.0,340.31
Super built-up  Area,22-Jan,Mahadevapura,2 BHK,,1061,2.0,1.0,55.07
Super built-up  Area,19-Dec,Kalyan Nagar,1 BHK,,931,1.0,1.0,52.05
Super built-up  Area,22-Jan,Kalyan Nagar,1 BHK,,699,1.0,1.0,49.27
Carpet  Area,19-Dec,Richmond Town,2 BHK,,1088,3.0,1.0,126.28
Plot  Area,Ready To Move,Sahakara Nagar,3 BHK,Society_191,1727,3.0,2.0,124.14
Built-up  Area,Ready To Move,Gottigere,1 BHK,,518,2.0,1.0,36.18
Plot  Area,Ready To Move,Dasarahalli,3 BHK,,1492,3.0,0.0,113.75
Plot  Area,Ready To Move,Yeshwanthpur,3 BHK,Society_99,1545,3.0,2.0,107.56
Super built-up  Area,Ready To Move,Peenya,3 BHK,Society_144,1297,4.0,3.0,75.17
Built-up  Area,Ready To Move,MG Road,3 BHK,Society_39,1446,4.0,2.0,312.35
Super built-up  Area,Ready To Move,Nagarbhavi,4 BHK,Society_190,2179,4.0,1.0,129.8
Super built-up  Area,22-Jan,Chamrajpet,4 BHK,Society_164,2285,5.0,2.0,133.12
Super built-up  Area,Ready To Move,Horamavu Agara,3 BHK,,1573 - 1673,3.0,3.0,81.21
Built-up  Area,Ready To Move,Bagalur,3 BHK,Society_20,1756,4.0,1.0,128.76
Super built-up  Area,Ready To Move,Domlur,2 BHK,,1314,3.0,2.0,161.66
Plot  Area,22-Jan,HSR Layout,4 BHK,,2232,4.0,2.0,229.77
Built-up  Area,Ready To Move,Rajarajeshwari Nagara,2 BHK,Society_86,911,2.0,2.0,47.5
Built-up  Area,Ready To Move,Mahadevapura,4 BHK,,2544,4.0,1.0,127.95
Plot  Area,Ready To Move,Hulimavu,2 BHK,Society_41,1094,1.0,1.0,74.05
Built-up  Area,Ready To Move,Domlur,2 BHK,,1251,1.0,1.0,130.24
Built-up  Area,Ready To Move,CV Raman Nagar,2 BHK,,1159,1.0,2.0,66.94
Super built-up  Area,Ready To Move,Sadashiva Nagar,4 BHK,Society_73,2280,4.0,0.0,383.03
Built-up  Area,Ready To Move,Magadi Road,2 BHK,,1329,2.0,2.0,71.18
Built-up  Area,Ready To Move,JP Nagar,2 BHK,,756 - 856,2.0,1.0,84.95
Plot  Area,22-Jan,Vidyaranyapura,5 BHK,Society_4,3350,5.0,1.0,204.7
Super built-up  Area,Ready To Move,Kanakapura Road,2 BHK,Society_88,1037,2.0,1.0,73.46
Super built-up  Area,Ready To Move,Bommasandra,2 BHK,,922,3.0,2.0,65.22
Built-up  Area,22-Jan,Bommanahalli,3 BHK,,1440,2.0,0.0,61.03
Super built-up  Area,Ready To Move,Hoodi,2 BHK,Society_24,1239,2.0,1.0,73.54
Super built-up  Area,Ready To Move,Magadi Road,5 BHK,Society_33,3409 - 3509,5.0,3.0,231.54
Plot  Area,Ready To Move,Kudlu Gate,3 BHK,,1513 - 1613,4.0,1.0,122.03
Super built-up  Area,22-Jan,Uttarahalli,2 BHK,,1174,1.0,1.0,81.49
Built-up  Area,Ready To Move,Budigere Cross,3 BHK,,1490,2.0,1.0,91.54
Plot  Area,Ready To Move,Yeshwanthpur,3 BHK,,1258,2.0,3.0,68.54
Built-up  Area,22-Jan,Akshaya Nagar,3 BHK,Society_40,1358,3.0,2.0,85.26
Super built-up  Area,Ready To Move,Begur Road,2 BHK,Society_49,1001,2.0,2.0,32.75
Carpet  Area,Ready To Move,Kadugodi,3 BHK,Society_90,1539,3.0,2.0,96.18
Super built-up  Area,Ready To Move,Chikkaballapur Road,3 BHK,,1689,3.0,2.0,119.06
Plot  Area,22-Jan,Hennur Road,3 BHK,Society_88,1274 - 1374,4.0,2.0,78.21
Super built-up  Area,Ready To Move,RT Nagar,3 BHK,,1406,2.0,2.0,102.17
Built-up  Area,22-Jan,Devanahalli,4 BHK,,2522,5.0,1.0,138.14
Built-up  Area,Ready To Move,CV Raman Nagar,4 BHK,Society_122,2315,4.0,1.0,123.39
Super built-up  Area,Ready To Move,Nayandahalli,3 BHK,,1510,3.0,2.0,80.18
Built-up  Area,Ready To Move,Hulimavu,4 BHK,,2238,4.0,1.0,174.53
Super built-up  Area,Ready To Move,Chikkaballapur Road,4 BHK,,2162 - 2262,5.0,2.0,147.41
Built-up  Area,19-Dec,Yelahanka,1 BHK,Society_112,935,1.0,1.0,62.49
Built-up  Area,19-Dec,Devanahalli,3 BHK,,1440,3.0,0.0,68.03
Built-up  Area,19-Dec,Horamavu Agara,3 BHK,,1796,3.0,3.0,74.57
Super built-up  Area,Ready To Move,Vasanth Nagar,3 BHK,Society_150,1344,3.0,1.0,166.24
Super built-up  Area,19-Dec,Begur Road,2 BHK,Society_41,1010,2.0,2.0,51.15
Super built-up  Area,Ready To Move,Hulimavu,4 BHK,,2445,4.0,2.0,133.26
Built-up  Area,Ready To Move,Yeshwanthpur,5 BHK,,3743,5.0,1.0,267.38
Built-up  Area,Ready To Move,Kasturi Nagar,2 BHK,Society_12,1180,2.0,1.0,70.48
Super built-up  Area,22-Jan,Vasanth Nagar,2 BHK,Society_187,867,2.0,1.0,77.59
Plot  Area,Ready To Move,Devanahalli,3 BHK,,1550,2.0,1.0,79.11
Super built-up  Area,Ready To Move,Banaswadi,3 BHK,,1258 - 1358,3.0,2.0,96.38
Plot  Area,Ready To Move,Hosa Road,2 BHK,,1159,2.0,0.0,91.03
Built-up  Area,Ready To Move,Banashankari,3 BHK,,1517,3.0,1.0,73.86
Built-up  Area,Ready To Move,Ejipura,2 BHK,,1175,2.0,2.0,99.54
Super built-up  Area,Ready To Move,Hulimavu,4 BHK,,2373,4.0,2.0,83.24
Super built-up  Area,Ready To Move,Koramangala,3 BHK,Society_29,1443,3.0,0.0,160.64
Plot  Area,19-Dec,Ramamurthy Nagar,5 BHK,,3670,5.0,1.0,269.02
Built-up  Area,22-Jan,HSR Layout,4 BHK,,2278 - 2378,3.0,2.0,175.57
Built-up  Area,19-Dec,Mahadevapura,1 BHK,Society_51,421,2.0,1.0,30.18
Super built-up  Area,22-Jan,Kadugodi,2 BHK,,1277,2.0,1.0,60.99
Built-up  Area,Ready To Move,Kalyan Nagar,4 BHK,,2134,4.0,2.0,148.41
Super built-up  Area,22-Jan,Bannerghatta Road,4 BHK,,2573,4.0,3.0,134.39
Super built-up  Area,Ready To Move,Hebbal,4 BHK,Society_70,2476,4.0,1.0,180.47
Super built-up  Area,22-Jan,Kanakapura Road,4 BHK,,2511,5.0,2.0,133.17
Super built-up  Area,22-Jan,Sarjapur Road,2 BHK,Society_3,929,2.0,2.0,36.44
Built-up  Area,Ready To Move,Akshaya Nagar,2 BHK,Society_89,1042,2.0,2.0,72.75
Built-up  Area,19-Dec,CV Raman Nagar,2 BHK,Society_48,1080,2.0,1.0,59.26
Built-up  Area,22-Jan,Kammanahalli,3 BHK,,1296,3.0,2.0,98.81
Super built-up  Area,19-Dec,Horamavu Agara,4 BHK,Society_73,2462,4.0,2.0,140.58
Built-up  Area,Ready To Move,Rachenahalli,2 BHK,Society_161,1280,1.0,2.0,103.64
Built-up  Area,19-Dec,Bellandur,4 BHK,,2382 - 2482,4.0,2.0,165.44
Super built-up  Area,Ready To Move,Mysore Road,4 BHK,,2322,4.0,3.0,142.77
Super built-up  Area,22-Jan,Bommasandra,2 BHK,Society_122,1046,3.0,2.0,57.29
Super built-up  Area,22-Jan,Hennur Road,5 BHK,,3694,5.0,2.0,200.72
Super built-up  Area,Ready To Move,Haralur Road,3 BHK,Society_162,1654,3.0,1.0,74.76
Super built-up  Area,19-Dec,HSR Layout,3 BHK,,1768,2.0,1.0,161.56
Carpet  Area,Ready To Move,Indira Nagar,3 BHK,,1752,4.0,1.0,225.38
Built-up  Area,22-Jan,Cox Town,2 BHK,Society_59,850,2.0,1.0,50.23
Built-up  Area,Ready To Move,Kogilu,3 BHK,,1289,2.0,3.0,72.28
Super built-up  Area,22-Jan,Attibele,3 BHK,,1372,2.0,2.0,52.01
Super built-up  Area,Ready To Move,Old Madras Road,2 BHK,,1193,2.0,1.0,73.07
Plot  Area,22-Jan,Dasarahalli,3 BHK,,1379 - 1479,2.0,2.0,97.4
Super built-up  Area,Ready To Move,Hennur Road,3 BHK,,1786,2.0,2.0,104.02
Built-up  Area,22-Jan,Old Airport Road,4 BHK,,2207 - 2307,4.0,1.0,271.6
Super built-up  Area,Ready To Move,Begur Road,2 BHK,,1131,1.0,2.0,74.76
Built-up  Area,22-Jan,Banashankari,2 BHK,Society_40,827 - 927,2.0,1.0,48.75
Built-up  Area,Ready To Move,MG Road,2 BHK,,804,1.0,1.0,109.48
Plot  Area,Ready To Move,Sarjapur Road,3 BHK,,1411,2.0,1.0,99.1
Plot  Area,Ready To Move,Rachenahalli,2 BHK,Society_42,1299 - 1399,2.0,2.0,88.78
Built-up  Area,Ready To Move,Vasanth Nagar,5 BHK,Society_148,3859,5.0,0.0,516.95
Plot  Area,22-Jan,Rajaji Nagar,4 BHK,,2304,3.0,3.0,217.57
Super built-up  Area,Ready To Move,New BEL Road,3 BHK,Society_132,1525 - 1625,2.0,2.0,86.09
Plot  Area,22-Jan,Yelahanka,3 BHK,,1696,3.0,1.0,127.91
Built-up  Area,Ready To Move,Benson Town,3 BHK,Society_174,1410 - 1510,2.0,0.0,92.13
Built-up  Area,Ready To Move,Whitefield,3 BHK,,1600 - 1700,4.0,3.0,99.24
Plot  Area,19-Dec,Wilson Garden,2 BHK,,752 - 852,2.0,2.0,79.85
Plot  Area,19-Dec,Bommasandra,2 BHK,,1247,1.0,2.0,88.66
Plot  Area,Ready To Move,Basaveshwara Nagar,4 BHK,Society_143,2455 - 2555,3.0,2.0,167.12
Super built-up  Area,22-Jan,Mahadevapura,3 BHK,Society_82,1474,3.0,2.0,107.58
Plot  Area,Ready To Move,Hosa Road,3 BHK,Society_29,1736,3.0,2.0,114.84
Built-up  Area,Ready To Move,Marathahalli,4 BHK,Society_64,2102,3.0,2.0,160.32
Plot  Area,Ready To Move,BTM Layout,2 BHK,,1245,2.0,1.0,122.82
Carpet  Area,22-Jan,Bagalur,2 BHK,Society_21,1083,2.0,2.0,76.54
Super built-up  Area,Ready To Move,Kammanahalli,3 BHK,,1429,4.0,1.0,66.92
Built-up  Area,Ready To Move,Akshaya Nagar,3 BHK,,1413,2.0,1.0,103.72
Super built-up  Area,19-Dec,Begur Road,5 BHK,Society_8,3645,4.0,3.0,215.53
Carpet  Area,Ready To Move,Hulimavu,3 BHK,,1286,4.0,3.0,88.27
Plot  Area,Ready To Move,Indira Nagar,3 BHK,Society_38,1541,2.0,2.0,326.62
Built-up  Area,Ready To Move,Nagarbhavi,2 BHK,Society_121,986,1.0,2.0,46.66
Plot  Area,Ready To Move,Sahakara Nagar,4 BHK,,2363,3.0,1.0,148.0
Super built-up  Area,Ready To Move,Ulsoor,2 BHK,,1187,2.0,1.0,127.22
Built-up  Area,19-Dec,Laggere,2 BHK,,1167,3.0,2.0,73.35
Built-up  Area,19-Dec,Kengeri,2 BHK,Society_43,1262,1.0,1.0,57.94
Built-up  Area,Ready To Move,Ramamurthy Nagar,2 BHK,Society_171,1266,2.0,0.0,61.54
Built-up  Area,22-Jan,Koramangala,3 BHK,Society_92,1307,2.0,1.0,196.94
Super built-up  Area,19-Dec,JP Nagar,4 BHK,,2464,4.0,3.0,220.17
Super built-up  Area,19-Dec,Brigade Road,4 BHK,,2490,3.0,1.0,565.46
Super built-up  Area,Ready To Move,Devanahalli,3 BHK,,1399 - 1499,3.0,0.0,49.54
Built-up  Area,Ready To Move,Old Airport Road,2 BHK,,932 - 1032,3.0,1.0,132.4
Super built-up  Area,Ready To Move,Laggere,2 BHK,,1176,2.0,2.0,49.49
Built-up  Area,19-Dec,Chikkaballapur Road,3 BHK,Society_108,1325,3.0,1.0,77.61
Plot  Area,19-Dec,Hormavu,2 BHK,,930,2.0,2.0,53.76
Super built-up  Area,Ready To Move,Thanisandra Main Road,3 BHK,,1398,3.0,1.0,77.7
Plot  Area,22-Jan,Nagarbhavi,3 BHK,Society_57,1653,3.0,1.0,150.33
Built-up  Area,Ready To Move,Gottigere,3 BHK,Society_21,1395,3.0,2.0,63.48
Built-up  Area,Ready To Move,Arekere,2 BHK,,970,2.0,1.0,54.46
Super built-up  Area,Ready To Move,Lingarajapuram,4 BHK,,2490,4.0,3.0,129.4
Built-up  Area,Ready To Move,Basavanagudi,1 BHK,Society_49,773,2.0,1.0,113.38
Plot  Area,Ready To Move,Hebbal,3 BHK,Society_83,1745,3.0,3.0,138.83
Plot  Area,Ready To Move,Varthur,4 BHK,Society_83,2115,4.0,0.0,155.45
Carpet  Area,Ready To Move,Whitefield,5 BHK,,3383,4.0,3.0,186.5
Super built-up  Area,19-Dec,Hulimavu,2 BHK,,998,2.0,2.0,51.16
Super built-up  Area,22-Jan,Lingarajapuram,2 BHK,,951,1.0,2.0,51.32
Super built-up  Area,19-Dec,Vijayanagar,3 BHK,Society_136,1585,4.0,2.0,95.29
Plot  Area,Ready To Move,Devanahalli,3 BHK,Society_17,1548,4.0,3.0,73.41
Super built-up  Area,Ready To Move,Begur Road,3 BHK,Society_164,1587,4.0,1.0,97.65
Super built-up  Area,Ready To Move,Hennur Road,3 BHK,,1433,4.0,1.0,108.95
Super built-up  Area,22-Jan,Laggere,2 BHK,,1229 - 1329,1.0,2.0,87.6
Built-up  Area,22-Jan,Lingarajapuram,4 BHK,,2543,5.0,0.0,142.64
Super built-up  Area,22-Jan,Hormavu,4 BHK,,2541,5.0,3.0,180.22
Super built-up  Area,22-Jan,Banaswadi,4 BHK,,2337,5.0,1.0,117.57
Plot  Area,22-Jan,Marathahalli,3 BHK,Society_174,1494,2.0,1.0,107.58
Built-up  Area,Ready To Move,Kammanahalli,2 BHK,,1103,1.0,2.0,51.07
Built-up  Area,19-Dec,Gottigere,3 BHK,Society_30,1541,3.0,2.0,88.16
Built-up  Area,Ready To Move,Begur Road,3 BHK,Society_45,1666,4.0,2.0,87.58
Super built-up  Area,Ready To Move,Budigere Cross,4 BHK,,2354,4.0,1.0,138.03
Super built-up  Area,Ready To Move,Bellandur,2 BHK,Society_30,852,2.0,0.0,83.89
Built-up  Area,22-Jan,Kammanahalli,3 BHK,Society_166,1541,3.0,1.0,87.5
Built-up  Area,19-Dec,Sahakara Nagar,4 BHK,,2485,4.0,0.0,126.98
Plot  Area,Ready To Move,Hormavu,4 BHK,Society_184,2394,5.0,2.0,166.22
Built-up  Area,19-Dec,Kadugodi,3 BHK,,1452 - 1552,2.0,1.0,96.48
Built-up  Area,Ready To Move,Kalyan Nagar,2 BHK,,1092,3.0,1.0,71.39
Super built-up  Area,22-Jan,Thanisandra Main Road,3 BHK,,1420,4.0,2.0,66.62
Built-up  Area,Ready To Move,JP Nagar,3 BHK,Society_85,1269,3.0,2.0,107.78
Super built-up  Area,Ready To Move,Chandapura,2 BHK,Society_125,828,1.0,2.0,29.77
Super built-up  Area,Ready To Move,Bellandur,2 BHK,,865,1.0,1.0,59.68
Carpet  Area,22-Jan,Kalyan Nagar,5 BHK,Society_26,3308 - 3408,4.0,2.0,228.74
Super built-up  Area,19-Dec,Kumaraswamy Layout,3 BHK,,1332 - 1432,2.0,0.0,97.03
Carpet  Area,22-Jan,RT Nagar,1 BHK,Society_173,688,1.0,1.0,39.65
Plot  Area,Ready To Move,Kammanahalli,4 BHK,Society_33,2070,5.0,3.0,187.58
Super built-up  Area,19-Dec,Sahakara Nagar,2 BHK,,1095,2.0,0.0,71.49
Built-up  Area,Ready To Move,Kudlu Gate,5 BHK,,3809,5.0,2.0,279.72
Built-up  Area,Ready To Move,Rachenahalli,2 BHK,Society_110,1145,2.0,2.0,74.04
Super built-up  Area,Ready To Move,JP Nagar,4 BHK,,2095,4.0,0.0,175.46
Carpet  Area,Ready To Move,Jalahalli,3 BHK,Society_21,1438,3.0,0.0,96.81
Carpet  Area,Ready To Move,Rajaji Nagar,3 BHK,Society_157,1395,3.0,2.0,122.23
Super built-up  Area,Ready To Move,Sahakara Nagar,3 BHK,Society_156,1518,3.0,2.0,80.51
Super built-up  Area,19-Dec,Peenya,2 BHK,,1114,2.0,2.0,69.51
Super built-up  Area,Ready To Move,Nagarbhavi,3 BHK,Society_174,1250,3.0,3.0,81.64
Super built-up  Area,22-Jan,Ulsoor,2 BHK,Society_149,1281,2.0,2.0,179.06
Super built-up  Area,Ready To Move,Yeshwanthpur,3 BHK,Society_177,1339,2.0,1.0,69.56
Built-up  Area,22-Jan,Chikkaballapur Road,3 BHK,Society_8,1643,4.0,3.0,97.7
Plot  Area,Ready To Move,Kalyan Nagar,2 BHK,Society_141,839,1.0,0.0,84.11
Super built-up  Area,22-Jan,Jigani,2 BHK,Society_106,1343,1.0,2.0,74.32
Built-up  Area,19-Dec,Kogilu,3 BHK,Society_105,1707,2.0,0.0,131.71
Super built-up  Area,Ready To Move,Dasarahalli,2 BHK,Society_66,814 - 914,1.0,1.0,59.41
Plot  Area,22-Jan,Kumaraswamy Layout,3 BHK,Society_28,1399,4.0,2.0,102.11
Super built-up  Area,Ready To Move,RT Nagar,3 BHK,Society_86,1723 - 1823,3.0,3.0,94.39
Super built-up  Area,Ready To Move,Bommasandra,3 BHK,Society_72,1382,2.0,1.0,89.58
Built-up  Area,Ready To Move,Ejipura,2 BHK,,835,2.0,1.0,69.26
Built-up  Area,Ready To Move,Fraser Town,2 BHK,,1106,2.0,2.0,49.63
Super built-up  Area,Ready To Move,RT Nagar,3 BHK,,1576,2.0,2.0,91.97
Built-up  Area,Ready To Move,KR Puram,2 BHK,,942,1.0,2.0,60.18
Built-up  Area,Ready To Move,Banashankari,2 BHK,Society_19,881,2.0,1.0,31.99
Super built-up  Area,19-Dec,HRBR Layout,2 BHK,Society_127,834,3.0,0.0,55.98
Built-up  Area,Ready To Move,Cox Town,3 BHK,Society_135,1313,3.0,1.0,75.96
Super built-up  Area,Ready To Move,Yeshwanthpur,4 BHK,Society_25,2077,3.0,1.0,147.6
Super built-up  Area,19-Dec,BTM Layout,3 BHK,,1527,3.0,1.0,113.13
Super built-up  Area,Ready To Move,Bommasandra,2 BHK,Society_73,1060,1.0,2.0,60.4
Super built-up  Area,Ready To Move,Sadashiva Nagar,2 BHK,,1054 - 1154,1.0,0.0,220.59
Built-up  Area,22-Jan,Basavanagudi,3 BHK,,1593,3.0,1.0,165.13
Built-up  Area,22-Jan,Fraser Town,4 BHK,,2189,3.0,1.0,109.39
Super built-up  Area,Ready To Move,Mahadevapura,4 BHK,,2283 - 2383,4.0,1.0,142.7
Plot  Area,22-Jan,JP Nagar,2 BHK,,918 - 1018,2.0,2.0,73.62
Built-up  Area,19-Dec,Lavelle Road,3 BHK,,1752,3.0,1.0,325.37
Plot  Area,Ready To Move,Jalahalli,3 BHK,,1691,3.0,2.0,120.99
Carpet  Area,Ready To Move,Narayanapura,2 BHK,,1154,1.0,2.0,68.97
Built-up  Area,Ready To Move,Benson Town,4 BHK,,2379,5.0,2.0,140.33
Plot  Area,19-Dec,MG Road,2 BHK,Society_97,1227 - 1327,3.0,2.0,202.18
Super built-up  Area,Ready To Move,Uttarahalli,2 BHK,,947,3.0,2.0,50.91
Super built-up  Area,19-Dec,Raja Rajeshwari Nagar,2 BHK,Society_139,1009,2.0,2.0,48.43
Super built-up  Area,Ready To Move,Kengeri,3 BHK,,1455,4.0,0.0,101.91
Built-up  Area,Ready To Move,Mysore Road,2 BHK,,1305,2.0,0.0,84.75
Super built-up  Area,Ready To Move,JP Nagar,2 BHK,,985,2.0,2.0,87.58
Super built-up  Area,19-Dec,Vijayanagar,3 BHK,,1264,3.0,2.0,80.68
Built-up  Area,22-Jan,Benson Town,2 BHK,,1292 - 1392,2.0,2.0,92.19
Super built-up  Area,Ready To Move,Jayanagar,3 BHK,Society_98,1412,3.0,2.0,125.81
Built-up  Area,Ready To Move,Jalahalli,2 BHK,,805,3.0,0.0,42.12
Carpet  Area,Ready To Move,Basavanagudi,2 BHK,,1221,3.0,2.0,137.02
Built-up  Area,Ready To Move,Fraser Town,5 BHK,,3479 - 3579,6.0,2.0,246.61
Super built-up  Area,22-Jan,Kammanahalli,2 BHK,Society_173,1078,2.0,0.0,82.39
Super built-up  Area,19-Dec,CV Raman Nagar,5 BHK,,3652,5.0,3.0,202.08
Super built-up  Area,Ready To Move,Bagalur,5 BHK,Society_77,3756,6.0,2.0,246.08
Built-up  Area,19-Dec,Malleshwaram,2 BHK,Society_116,1147,2.0,2.0,111.65
Built-up  Area,Ready To Move,Ulsoor,3 BHK,,1578 - 1678,3.0,1.0,200.89
Built-up  Area,Ready To Move,Cox Town,3 BHK,,1378,3.0,2.0,72.66
Built-up  Area,Ready To Move,Chikkaballapur Road,4 BHK,Society_28,2387,4.0,3.0,130.48
Carpet  Area,Ready To Move,RT Nagar,2 BHK,,1022,2.0,1.0,62.4
Super built-up  Area,22-Jan,Marathahalli,2 BHK,Society_133,1030,2.0,2.0,65.85
Super built-up  Area,Ready To Move,Attibele,3 BHK,Society_3,1234 - 1334,4.0,1.0,68.16
Built-up  Area,22-Jan,Bannerghatta Road,3 BHK,,1377,3.0,0.0,77.44
Super built-up  Area,19-Dec,Cunningham Road,2 BHK,,948,2.0,1.0,129.31
Super built-up  Area,Ready To Move,Basavanagudi,3 BHK,,1495,3.0,1.0,152.33
Built-up  Area,22-Jan,Indira Nagar,3 BHK,Society_51,1660,4.0,1.0,199.49
Super built-up  Area,22-Jan,Magadi Road,3 BHK,,1415,2.0,0.0,84.98
Built-up  Area,22-Jan,Girinagar,1 BHK,Society_120,796,2.0,1.0,58.26
Built-up  Area,Ready To Move,Thanisandra Main Road,2 BHK,,1329,1.0,0.0,104.78
Super built-up  Area,Ready To Move,Begur Road,2 BHK,,1132,1.0,2.0,79.52
Carpet  Area,22-Jan,Hebbal,1 BHK,Society_29,791,1.0,1.0,59.63
Super built-up  Area,Ready To Move,Ejipura,2 BHK,,1310,2.0,2.0,96.91
Built-up  Area,Ready To Move,Chikkaballapur Road,2 BHK,,1141,2.0,2.0,47.3
Built-up  Area,Ready To Move,Rajaji Nagar,3 BHK,Society_90,1445,3.0,1.0,184.44
Built-up  Area,Ready To Move,Rajaji Nagar,3 BHK,,1250,2.0,1.0,149.94
Super built-up  Area,Ready To Move,Uttarahalli,3 BHK,,1453,4.0,0.0,87.01
Built-up  Area,22-Jan,MG Road,4 BHK,Society_8,2228,5.0,1.0,405.06
Carpet  Area,Ready To Move,Chamrajpet,2 BHK,Society_16,1229,2.0,1.0,72.28
Plot  Area,19-Dec,Kasturi Nagar,3 BHK,,1737,4.0,2.0,102.02
Super built-up  Area,19-Dec,New BEL Road,3 BHK,,1339,3.0,2.0,80.34
Super built-up  Area,Ready To Move,Magadi Road,2 BHK,,969,2.0,2.0,66.34
Super built-up  Area,Ready To Move,Wilson Garden,3 BHK,,1253,4.0,2.0,103.69
Built-up  Area,19-Dec,JP Nagar,2 BHK,,903,2.0,2.0,56.2
Super built-up  Area,19-Dec,Kogilu,3 BHK,,1441 - 1541,3.0,1.0,106.05
Super built-up  Area,Ready To Move,Arekere,3 BHK,,1350,3.0,0.0,62.02
Plot  Area,19-Dec,Rajarajeshwari Nagara,2 BHK,Society_10,836,1.0,0.0,61.08
Super built-up  Area,Ready To Move,Laggere,4 BHK,,2460,4.0,2.0,162.92
Built-up  Area,Ready To Move,HRBR Layout,4 BHK,Society_154,2363,5.0,1.0,157.8
Super built-up  Area,Ready To Move,Rachenahalli,3 BHK,Society_109,1321,3.0,2.0,83.0
Super built-up  Area,Ready To Move,Horamavu Agara,3 BHK,,1389,3.0,1.0,64.71
Built-up  Area,22-Jan,Thanisandra,1 BHK,,788,1.0,1.0,49.21
Super built-up  Area,22-Jan,Bommasandra,2 BHK,Society_150,1143,3.0,2.0,68.76
Super built-up  Area,19-Dec,New BEL Road,2 BHK,Society_95,1148 - 1248,2.0,1.0,71.73
Super built-up  Area,Ready To Move,Old Airport Road,4 BHK,Society_30,2165,3.0,2.0,206.81
Super built-up  Area,Ready To Move,Jakkur,2 BHK,,836,2.0,1.0,45.33
Super built-up  Area,Ready To Move,Kasturi Nagar,4 BHK,Society_106,2139,5.0,2.0,123.1
Super built-up  Area,Ready To Move,Vidyaranyapura,2 BHK,,1271,2.0,0.0,83.06
Super built-up  Area,22-Jan,Padmanabhanagar,1 BHK,,806,1.0,1.0,47.22
Super built-up  Area,Ready To Move,Indira Nagar,2 BHK,Society_119,1045,2.0,2.0,192.28
Super built-up  Area,Ready To Move,Padmanabhanagar,3 BHK,,1308 - 1408,3.0,2.0,67.06
Super built-up  Area,Ready To Move,Bannerghatta Road,4 BHK,Society_172,2301,4.0,1.0,185.05
Built-up  Area,22-Jan,Sahakara Nagar,3 BHK,Society_14,1529,4.0,2.0,94.34
Super built-up  Area,Ready To Move,Padmanabhanagar,3 BHK,Society_7,1385,3.0,1.0,79.68
Super built-up  Area,22-Jan,Gottigere,3 BHK,,1556,4.0,1.0,77.82
Built-up  Area,19-Dec,Koramangala,4 BHK,,2173,5.0,2.0,246.14
Built-up  Area,Ready To Move,Raja Rajeshwari Nagar,2 BHK,,965,2.0,2.0,56.3
Super built-up  Area,Ready To Move,Lavelle Road,3 BHK,Society_81,1382,3.0,2.0,247.96
Built-up  Area,22-Jan,Malleshwaram,3 BHK,,1683,2.0,2.0,181.52
Super built-up  Area,22-Jan,Magadi Road,2 BHK,Society_56,1267,3.0,1.0,70.64
Super built-up  Area,Ready To Move,Devanahalli,3 BHK,,1495,3.0,3.0,63.38
Plot  Area,Ready To Move,Attibele,4 BHK,Society_163,2564,3.0,1.0,191.39
Super built-up  Area,19-Dec,Hosa Road,4 BHK,,2389,5.0,2.0,182.12
Super built-up  Area,Ready To Move,Cox Town,4 BHK,,2327,5.0,2.0,137.76
Built-up  Area,19-Dec,HBR Layout,2 BHK,,1176,2.0,1.0,81.94
Plot  Area,22-Jan,Devanahalli,2 BHK,,859,2.0,1.0,46.71
Super built-up  Area,19-Dec,Thanisandra,4 BHK,Society_64,2198,3.0,1.0,157.47
Plot  Area,Ready To Move,Magadi Road,3 BHK,,1689,2.0,2.0,108.22
Built-up  Area,Ready To Move,HRBR Layout,2 BHK,,1005,2.0,1.0,61.7
Super built-up  Area,19-Dec,Padmanabhanagar,3 BHK,,1594 - 1694,2.0,2.0,104.19
Built-up  Area,19-Dec,Wilson Garden,2 BHK,,1129,2.0,1.0,113.65
Plot  Area,22-Jan,BTM Layout,4 BHK,,2069,4.0,0.0,193.6
Super built-up  Area,Ready To Move,Chikkaballapur Road,3 BHK,,1519,3.0,0.0,102.16
Super built-up  Area,22-Jan,Old Madras Road,3 BHK,Society_2,1567,3.0,1.0,109.69
Built-up  Area,22-Jan,Sarjapur Road,3 BHK,,1725,4.0,3.0,112.16
Built-up  Area,22-Jan,JP Nagar,1 BHK,Society_139,755,1.0,1.0,72.98
Built-up  Area,19-Dec,Lingarajapuram,4 BHK,Society_182,2329,5.0,0.0,167.2
Super built-up  Area,Ready To Move,Wilson Garden,2 BHK,Society_87,982,3.0,2.0,112.45
Super built-up  Area,19-Dec,Mahadevapura,3 BHK,Society_84,1404,3.0,0.0,68.63
Super built-up  Area,Ready To Move,Kengeri,3 BHK,Society_31,1557,4.0,1.0,100.54
Built-up  Area,19-Dec,Arekere,3 BHK,Society_17,1253 - 1353,3.0,2.0,107.55
Built-up  Area,Ready To Move,Laggere,2 BHK,,809,2.0,2.0,50.6
Super built-up  Area,Ready To Move,Brigade Road,4 BHK,,2393,5.0,1.0,400.91
Super built-up  Area,19-Dec,Cunningham Road,3 BHK,,1411,3.0,2.0,234.64
Plot  Area,22-Jan,BTM Layout,3 BHK,,1749 - 1849,2.0,1.0,186.59
Carpet  Area,Ready To Move,Malleshwaram,3 BHK,,1788,3.0,2.0,211.99
Built-up  Area,Ready To Move,Hennur Road,3 BHK,,1771,4.0,2.0,94.22
Built-up  Area,Ready To Move,Kammanahalli,1 BHK,,453,1.0,1.0,17.88
Super built-up  Area,22-Jan,Wilson Garden,2 BHK,Society_167,1010,3.0,1.0,90.09
Super built-up  Area,Ready To Move,Chamrajpet,2 BHK,,917,2.0,0.0,56.24
Plot  Area,Ready To Move,Gottigere,4 BHK,Society_130,2516,3.0,1.0,224.97
Plot  Area,Ready To Move,Electronic City,3 BHK,Society_88,1416,3.0,1.0,78.96
Super built-up  Area,Ready To Move,Malleshwaram,3 BHK,,1265,3.0,3.0,124.79
Built-up  Area,19-Dec,New BEL Road,3 BHK,,1378,3.0,1.0,107.76
Carpet  Area,22-Jan,Malleshwaram,3 BHK,Society_71,1489,3.0,1.0,154.68
Plot  Area,Ready To Move,KR Puram,4 BHK,,2482,5.0,3.0,163.31
Built-up  Area,Ready To Move,Girinagar,4 BHK,,2427,5.0,3.0,115.38
Super built-up  Area,22-Jan,Cunningham Road,3 BHK,,1774,2.0,1.0,346.9
Super built-up  Area,Ready To Move,Malleshwaram,4 BHK,,2416,4.0,2.0,310.89
Super built-up  Area,Ready To Move,Marathahalli,2 BHK,,1097,2.0,2.0,79.2
Super built-up  Area,22-Jan,Jayanagar,4 BHK,Society_141,2445,5.0,0.0,254.08
Super built-up  Area,22-Jan,Hosa Road,4 BHK,Society_108,2599,4.0,1.0,177.5
Carpet  Area,19-Dec,Lavelle Road,3 BHK,,1654,2.0,0.0,310.98
Super built-up  Area,19-Dec,Yeshwanthpur,2 BHK,,1032,3.0,0.0,47.05
Plot  Area,19-Dec,Akshaya Nagar,2 BHK,Society_28,1270,3.0,2.0,86.59
Built-up  Area,Ready To Move,Rachenahalli,5 BHK,,3880,5.0,2.0,232.56
Built-up  Area,Ready To Move,CV Raman Nagar,2 BHK,,1201 - 1301,2.0,0.0,58.23
Plot  Area,Ready To Move,Lingarajapuram,2 BHK,Society_146,1256,2.0,2.0,104.72
Super built-up  Area,22-Jan,Malleshwaram,4 BHK,,2148 - 2248,3.0,3.0,234.03
Plot  Area,Ready To Move,Dasarahalli,1 BHK,Society_67,857,1.0,1.0,57.22
Super built-up  Area,19-Dec,Basavanagudi,3 BHK,Society_119,1727,3.0,2.0,212.39
Built-up  Area,Ready To Move,Uttarahalli,3 BHK,,1688,2.0,2.0,85.68
Built-up  Area,Ready To Move,Banashankari,3 BHK,Society_107,1454,3.0,0.0,90.05
Super built-up  Area,19-Dec,Yelahanka,3 BHK,Society_116,1538,3.0,1.0,82.03
Built-up  Area,Ready To Move,Begur Road,2 BHK,Society_160,1089,2.0,1.0,59.17
Carpet  Area,Ready To Move,Nayandahalli,2 BHK,,979,2.0,2.0,68.05
Super built-up  Area,22-Jan,Banashankari,4 BHK,,2355,3.0,2.0,119.22
Plot  Area,Ready To Move,Begur Road,3 BHK,,1593 - 1693,3.0,1.0,136.5
Built-up  Area,22-Jan,Electronic City,3 BHK,,1432,3.0,1.0,90.22
Built-up  Area,Ready To Move,Malleshwaram,3 BHK,Society_153,1432,3.0,0.0,194.12
Plot  Area,19-Dec,Koramangala,4 BHK,,2236 - 2336,4.0,2.0,364.93
Super built-up  Area,Ready To Move,Akshaya Nagar,3 BHK,Society_78,1680,3.0,0.0,96.04
Carpet  Area,Ready To Move,Basavanagudi,5 BHK,Society_52,3895,5.0,3.0,498.12
Built-up  Area,Ready To Move,Wilson Garden,4 BHK,Society_167,2041 - 2141,5.0,1.0,249.78
Super built-up  Area,19-Dec,Arekere,4 BHK,,2081,3.0,2.0,123.18
Built-up  Area,Ready To Move,New BEL Road,4 BHK,Society_119,2548 - 2648,3.0,1.0,144.51
Super built-up  Area,Ready To Move,Hebbal,3 BHK,Society_143,1334 - 1434,3.0,1.0,110.9
Carpet  Area,Ready To Move,Adugodi,4 BHK,,2540,4.0,2.0,131.06
Built-up  Area,Ready To Move,Sahakara Nagar,2 BHK,,1194,3.0,0.0,69.3
Built-up  Area,Ready To Move,Kengeri,2 BHK,,1141,1.0,2.0,84.68
Carpet  Area,Ready To Move,Arekere,4 BHK,Society_33,2402,4.0,0.0,149.89
Built-up  Area,Ready To Move,Horamavu Agara,2 BHK,,1238,3.0,2.0,76.45
Super built-up  Area,22-Jan,Hennur Road,2 BHK,,1221,1.0,0.0,90.26
Carpet  Area,Ready To Move,Budigere Cross,3 BHK,,1603,3.0,1.0,111.86
Super built-up  Area,Ready To Move,Ejipura,1 BHK,,611,1.0,1.0,59.45
Built-up  Area,Ready To Move,CV Raman Nagar,2 BHK,Society_19,952,2.0,2.0,63.87
Plot  Area,22-Jan,Malleshwaram,4 BHK,,2220,3.0,2.0,398.02
Carpet  Area,22-Jan,Peenya,3 BHK,Society_81,1535,2.0,3.0,89.71
Built-up  Area,19-Dec,Laggere,4 BHK,Society_184,2099,5.0,2.0,128.12
Plot  Area,Ready To Move,BTM Layout,3 BHK,,1532,3.0,3.0,160.18
Carpet  Area,Ready To Move,Whitefield,3 BHK,,1506,2.0,2.0,95.11
Super built-up  Area,22-Jan,HBR Layout,2 BHK,Society_148,767 - 867,2.0,0.0,33.1
Carpet  Area,Ready To Move,Basavanagudi,2 BHK,,1245,3.0,0.0,164.75
Carpet  Area,Ready To Move,Kumaraswamy Layout,4 BHK,Society_3,2228,5.0,3.0,107.99
Super built-up  Area,22-Jan,Hulimavu,4 BHK,Society_57,2310,4.0,2.0,137.2
Built-up  Area,22-Jan,Rachenahalli,4 BHK,,2328,3.0,2.0,119.71
Built-up  Area,Ready To Move,Kengeri,2 BHK,,1211,2.0,0.0,60.21
Plot  Area,Ready To Move,HBR Layout,2 BHK,,996,3.0,1.0,68.93
Super built-up  Area,Ready To Move,Uttarahalli,3 BHK,,1496 - 1596,3.0,0.0,87.63
Built-up  Area,Ready To Move,Kalyan Nagar,2 BHK,,817,1.0,1.0,28.41
Plot  Area,Ready To Move,Yeshwanthpur,5 BHK,Society_134,3619,6.0,2.0,230.41
Built-up  Area,Ready To Move,Girinagar,4 BHK,,2411 - 2511,4.0,2.0,200.1
Super built-up  Area,22-Jan,Kanakapura Road,3 BHK,Society_10,1771,3.0,3.0,95.45
Built-up  Area,Ready To Move,Cunningham Road,2 BHK,Society_51,1194,2.0,2.0,241.49
Super built-up  Area,Ready To Move,Varthur,4 BHK,,2204 - 2304,5.0,2.0,139.64
Plot  Area,19-Dec,Nagarbhavi,2 BHK,Society_8,984,2.0,2.0,74.98
Plot  Area,22-Jan,Lavelle Road,4 BHK,,2478 - 2578,5.0,1.0,416.71
Carpet  Area,Ready To Move,Electronic City,3 BHK,,1468,3.0,2.0,92.42
Super built-up  Area,Ready To Move,Akshaya Nagar,2 BHK,,1240,2.0,1.0,77.0
Built-up  Area,22-Jan,Benson Town,1 BHK,Society_53,885 - 985,2.0,1.0,49.52
Built-up  Area,22-Jan,Girinagar,4 BHK,Society_27,2409,4.0,0.0,128.59
Built-up  Area,Ready To Move,Hulimavu,2 BHK,,985,3.0,1.0,44.43
Plot  Area,19-Dec,Anekal,2 BHK,,1025,1.0,0.0,42.85
Super built-up  Area,Ready To Move,Wilson Garden,2 BHK,Society_197,1114,1.0,2.0,111.12
Carpet  Area,19-Dec,Girinagar,3 BHK,,1292,3.0,2.0,84.86
Super built-up  Area,22-Jan,Nagarbhavi,3 BHK,Society_174,1520,3.0,2.0,83.37
Built-up  Area,Ready To Move,Hennur Road,4 BHK,Society_36,2509 - 2609,3.0,1.0,121.8
Super built-up  Area,Ready To Move,Nayandahalli,1 BHK,,488,2.0,1.0,28.74
Super built-up  Area,Ready To Move,Arekere,2 BHK,Society_159,916,2.0,1.0,53.09
Super built-up  Area,Ready To Move,Brigade Road,2 BHK,Society_39,1029,2.0,2.0,225.36
Built-up  Area,22-Jan,Cunningham Road,3 BHK,,1530,2.0,0.0,242.52
Carpet  Area,22-Jan,Jigani,4 BHK,Society_139,2364,4.0,3.0,160.61
Super built-up  Area,Ready To Move,KR Puram,2 BHK,Society_64,976,3.0,1.0,59.49
Built-up  Area,19-Dec,Chamrajpet,3 BHK,Society_31,1586,3.0,1.0,99.41
Super built-up  Area,Ready To Move,Cox Town,3 BHK,,1799,3.0,0.0,105.85
Built-up  Area,22-Jan,Ulsoor,2 BHK,,1336,2.0,1.0,107.51
Super built-up  Area,19-Dec,Thanisandra,3 BHK,,1289,4.0,1.0,75.8
Plot  Area,Ready To Move,Domlur,3 BHK,,1514 - 1614,4.0,1.0,161.9
Plot  Area,Ready To Move,Yelahanka,4 BHK,,2280 - 2380,5.0,1.0,175.12
Built-up  Area,Ready To Move,Vasanth Nagar,4 BHK,,2150 - 2250,4.0,3.0,291.11
Super built-up  Area,Ready To Move,Electronic City,4 BHK,Society_80,2092,3.0,1.0,126.41
Built-up  Area,Ready To Move,Basavanagudi,2 BHK,Society_32,1202,2.0,2.0,166.76
Super built-up  Area,Ready To Move,Mahadevapura,3 BHK,Society_69,1386 - 1486,3.0,3.0,108.18
Carpet  Area,22-Jan,Ramamurthy Nagar,2 BHK,Society_146,1314,2.0,1.0,83.03
Built-up  Area,19-Dec,Dasarahalli,3 BHK,,1722,3.0,2.0,111.39
Super built-up  Area,Ready To Move,Hebbal,5 BHK,Society_17,3802 - 3902,6.0,0.0,444.17
Super built-up  Area,22-Jan,Adugodi,4 BHK,Society_10,2236,4.0,2.0,155.62
Super built-up  Area,19-Dec,Jayanagar,2 BHK,,969,2.0,1.0,75.32
Super built-up  Area,Ready To Move,HSR Layout,3 BHK,,1448,2.0,0.0,116.55
Super built-up  Area,22-Jan,Laggere,4 BHK,,2443,4.0,0.0,127.96
Carpet  Area,19-Dec,HBR Layout,3 BHK,,1534,3.0,1.0,59.13
Carpet  Area,19-Dec,RT Nagar,3 BHK,Society_70,1451,3.0,1.0,91.67
Built-up  Area,Ready To Move,Narayanapura,4 BHK,,2540,4.0,3.0,135.74
Built-up  Area,19-Dec,Vidyaranyapura,2 BHK,Society_36,958,1.0,1.0,48.99
Built-up  Area,19-Dec,Fraser Town,5 BHK,,3616,5.0,2.0,248.12
Super built-up  Area,Ready To Move,Cox Town,4 BHK,Society_157,2484,5.0,2.0,142.03
Super built-up  Area,19-Dec,Thanisandra,4 BHK,Society_108,2503,4.0,1.0,123.07
Carpet  Area,22-Jan,Chamrajpet,3 BHK,Society_61,1507,3.0,2.0,86.54
Built-up  Area,Ready To Move,HRBR Layout,4 BHK,,2417,3.0,0.0,150.05
Super built-up  Area,22-Jan,Laggere,4 BHK,Society_10,2389,3.0,1.0,138.97
Carpet  Area,22-Jan,Wilson Garden,4 BHK,Society_76,2341,5.0,1.0,201.71
Super built-up  Area,Ready To Move,Lavelle Road,3 BHK,,1763,3.0,1.0,305.0
Super built-up  Area,22-Jan,Magadi Road,2 BHK,,809,3.0,2.0,55.85
Super built-up  Area,Ready To Move,Jalahalli,2 BHK,Society_148,909,2.0,1.0,57.19
Plot  Area,Ready To Move,Bannerghatta Road,2 BHK,,1002,2.0,1.0,76.0
Built-up  Area,Ready To Move,Chandapura,3 BHK,Society_107,1529,3.0,2.0,73.38
Plot  Area,Ready To Move,Vasanth Nagar,2 BHK,Society_82,779 - 879,1.0,2.0,129.5
Super built-up  Area,19-Dec,KR Puram,3 BHK,Society_9,1777,3.0,2.0,85.02
Super built-up  Area,Ready To Move,Lingarajapuram,2 BHK,,821,2.0,2.0,56.61
Super built-up  Area,Ready To Move,Bellandur,2 BHK,,856,2.0,1.0,42.83
Carpet  Area,Ready To Move,Dasarahalli,3 BHK,,1423,4.0,1.0,80.49
Built-up  Area,Ready To Move,Rachenahalli,4 BHK,,2256,3.0,3.0,130.04
Carpet  Area,22-Jan,Old Airport Road,3 BHK,,1466,2.0,2.0,150.6
Carpet  Area,19-Dec,Banaswadi,3 BHK,Society_53,1405,3.0,1.0,76.65
Plot  Area,Ready To Move,Anekal,3 BHK,,1532,3.0,1.0,67.7
Plot  Area,Ready To Move,Akshaya Nagar,3 BHK,Society_118,1510,3.0,3.0,99.98
Plot  Area,19-Dec,New BEL Road,4 BHK,Society_73,2547,3.0,2.0,205.13
Carpet  Area,19-Dec,Old Airport Road,2 BHK,,960,2.0,1.0,87.92
Built-up  Area,Ready To Move,Arekere,2 BHK,,957,1.0,1.0,62.12
Carpet  Area,19-Dec,Vasanth Nagar,3 BHK,Society_97,1763,3.0,1.0,278.58
Plot  Area,22-Jan,Chandapura,4 BHK,,2272 - 2372,4.0,1.0,122.5
Built-up  Area,19-Dec,Kudlu Gate,4 BHK,,2299,4.0,1.0,169.65
Super built-up  Area,Ready To Move,Kasturi Nagar,2 BHK,,1224,2.0,0.0,69.28
Carpet  Area,Ready To Move,Mahadevapura,4 BHK,,2064,3.0,1.0,129.67
Plot  Area,19-Dec,Bommasandra,4 BHK,Society_73,2290,4.0,0.0,137.16
Super built-up  Area,19-Dec,Sahakara Nagar,3 BHK,,1783,2.0,1.0,117.5
Super built-up  Area,22-Jan,HBR Layout,4 BHK,,2222,4.0,2.0,125.05
Built-up  Area,Ready To Move,Budigere Cross,2 BHK,,1172,2.0,1.0,80.81
Super built-up  Area,22-Jan,Kanakapura Road,2 BHK,Society_94,1211 - 1311,2.0,2.0,60.46
Built-up  Area,Ready To Move,Hoodi,3 BHK,Society_31,1350,3.0,1.0,77.78
Carpet  Area,Ready To Move,Narayanapura,4 BHK,,2468,4.0,0.0,128.04
Plot  Area,19-Dec,Hulimavu,4 BHK,,2294,4.0,0.0,140.02
Plot  Area,Ready To Move,Kumaraswamy Layout,4 BHK,,2502,4.0,2.0,133.59
Super built-up  Area,22-Jan,Sadashiva Nagar,2 BHK,,1227,2.0,2.0,166.44
Super built-up  Area,Ready To Move,MG Road,3 BHK,Society_91,1396,2.0,3.0,253.54
Super built-up  Area,22-Jan,Rajarajeshwari Nagara,2 BHK,,1345,2.0,2.0,73.48
Built-up  Area,19-Dec,Mysore Road,2 BHK,,814,2.0,1.0,42.96
Super built-up  Area,Ready To Move,Kadugodi,3 BHK,,1270,3.0,2.0,74.73
Built-up  Area,Ready To Move,Bagalur,1 BHK,,553,1.0,1.0,32.01
Carpet  Area,Ready To Move,Kadugodi,2 BHK,Society_93,1242,2.0,0.0,80.33
Super built-up  Area,19-Dec,Peenya,2 BHK,,1105,3.0,2.0,62.65
Plot  Area,19-Dec,Sahakara Nagar,5 BHK,Society_198,3593,6.0,0.0,216.0
Plot  Area,22-Jan,Jalahalli,3 BHK,,1324,3.0,2.0,101.96
Built-up  Area,22-Jan,Ejipura,2 BHK,,843,2.0,1.0,54.69
Super built-up  Area,Ready To Move,Koramangala,2 BHK,Society_96,1065,2.0,2.0,134.84
Super built-up  Area,Ready To Move,Lingarajapuram,2 BHK,,962,2.0,0.0,64.12
Built-up  Area,19-Dec,Jakkur,1 BHK,Society_66,464 - 564,1.0,1.0,34.71
Plot  Area,Ready To Move,Akshaya Nagar,4 BHK,,2539,4.0,0.0,164.81
Built-up  Area,Ready To Move,Electronic City,2 BHK,,1307,2.0,1.0,71.95
Super built-up  Area,Ready To Move,Marathahalli,2 BHK,,1238,1.0,2.0,66.47
Super built-up  Area,22-Jan,HBR Layout,4 BHK,,2501,3.0,1.0,133.4
Plot  Area,Ready To Move,Bommasandra,2 BHK,,1199 - 1299,2.0,2.0,91.74
Built-up  Area,Ready To Move,CV Raman Nagar,3 BHK,,1649,3.0,1.0,103.57
Plot  Area,19-Dec,MG Road,4 BHK,Society_163,2182,3.0,2.0,493.26
Built-up  Area,Ready To Move,Yelahanka,4 BHK,,2542,5.0,3.0,141.87
Super built-up  Area,Ready To Move,Nagarbhavi,3 BHK,,1215 - 1315,3.0,0.0,62.23
Super built-up  Area,Ready To Move,Devanahalli,3 BHK,,1539,4.0,2.0,72.56
Built-up  Area,Ready To Move,Richmond Town,4 BHK,Society_17,2253,4.0,3.0,298.57
Super built-up  Area,19-Dec,Narayanapura,2 BHK,,826,3.0,2.0,49.43
Super built-up  Area,Ready To Move,Akshaya Nagar,4 BHK,,2339,5.0,2.0,157.02
Built-up  Area,Ready To Move,Indira Nagar,3 BHK,Society_44,1363,2.0,0.0,201.65
Super built-up  Area,Ready To Move,Thanisandra Main Road,2 BHK,,1152,2.0,2.0,64.75
Super built-up  Area,Ready To Move,Fraser Town,3 BHK,,1446 - 1546,3.0,0.0,97.12
Super built-up  Area,Ready To Move,Hosa Road,2 BHK,,861,2.0,1.0,44.77
Built-up  Area,Ready To Move,Yelahanka,3 BHK,,1404,3.0,1.0,100.21
Built-up  Area,22-Jan,HBR Layout,2 BHK,,1232,2.0,1.0,69.16
Super built-up  Area,Ready To Move,Horamavu Agara,3 BHK,,1433,3.0,2.0,95.19
Super built-up  Area,Ready To Move,Bagalur,2 BHK,,1205,2.0,2.0,75.15
Carpet  Area,Ready To Move,Bommasandra,4 BHK,,2096,4.0,3.0,140.08
Built-up  Area,Ready To Move,Padmanabhanagar,2 BHK,Society_56,1066 - 1166,2.0,1.0,69.44
Built-up  Area,Ready To Move,Bommanahalli,4 BHK,Society_10,2083,4.0,1.0,108.63
Carpet  Area,Ready To Move,Rajarajeshwari Nagara,3 BHK,Society_32,1781,4.0,1.0,120.83
Super built-up  Area,Ready To Move,Hoodi,3 BHK,Society_1,1592,2.0,1.0,94.46
Carpet  Area,22-Jan,New BEL Road,1 BHK,,884,1.0,1.0,47.9
Built-up  Area,Ready To Move,Lavelle Road,4 BHK,,2153,4.0,2.0,498.61
Plot  Area,Ready To Move,Kengeri,4 BHK,,2231,5.0,2.0,211.41
Super built-up  Area,19-Dec,Hosa Road,3 BHK,,1560 - 1660,3.0,3.0,81.04
Super built-up  Area,Ready To Move,Yeshwanthpur,3 BHK,Society_147,1712,3.0,0.0,93.16
Super built-up  Area,Ready To Move,Kammanahalli,2 BHK,,1069,3.0,0.0,71.26
Super built-up  Area,22-Jan,JP Nagar,3 BHK,,1663,4.0,2.0,110.08
Built-up  Area,Ready To Move,Jayanagar,3 BHK,,1503,3.0,0.0,196.33
Built-up  Area,Ready To Move,BTM Layout,2 BHK,,896,1.0,2.0,54.51
Super built-up  Area,22-Jan,Arekere,1 BHK,Society_112,361 - 461,1.0,1.0,30.02
Plot  Area,Ready To Move,Padmanabhanagar,2 BHK,,1019 - 1119,2.0,0.0,56.5
Plot  Area,19-Dec,Hosa Road,3 BHK,Society_155,1708,4.0,1.0,164.97
Plot  Area,Ready To Move,Adugodi,2 BHK,,985,3.0,0.0,70.0
Carpet  Area,19-Dec,Horamavu Agara,3 BHK,,1565,4.0,2.0,88.39
Built-up  Area,22-Jan,Raja Rajeshwari Nagar,3 BHK,Society_118,1632,2.0,3.0,93.72
Carpet  Area,22-Jan,Sarjapur Road,2 BHK,Society_167,1194,2.0,0.0,69.9
Carpet  Area,19-Dec,Domlur,2 BHK,,1073,2.0,1.0,91.73
Built-up  Area,Ready To Move,Kengeri,3 BHK,,1740,4.0,1.0,104.35
Super built-up  Area,22-Jan,BTM Layout,3 BHK,,1395 - 1495,3.0,1.0,131.58
Built-up  Area,22-Jan,Kammanahalli,2 BHK,,1307,3.0,2.0,74.53
Plot  Area,19-Dec,Old Airport Road,2 BHK,,982,2.0,2.0,110.65
Built-up  Area,Ready To Move,HBR Layout,3 BHK,Society_140,1254 - 1354,3.0,1.0,73.96
Super built-up  Area,19-Dec,Malleshwaram,3 BHK,Society_45,1559,3.0,1.0,142.66
Built-up  Area,Ready To Move,Attibele,3 BHK,,1563,3.0,2.0,103.41
Super built-up  Area,19-Dec,Jakkur,3 BHK,Society_192,1509,2.0,1.0,67.29
Super built-up  Area,19-Dec,Hulimavu,4 BHK,Society_169,2279,4.0,1.0,98.24
Super built-up  Area,Ready To Move,Kengeri,2 BHK,,1011,2.0,2.0,66.17
Super built-up  Area,22-Jan,Hebbal,2 BHK,Society_116,1289,2.0,2.0,112.02
Super built-up  Area,Ready To Move,Anekal,2 BHK,Society_184,809,3.0,1.0,32.07
Plot  Area,Ready To Move,Hosa Road,4 BHK,,2098,4.0,2.0,157.44
Super built-up  Area,19-Dec,Fraser Town,2 BHK,,1108,2.0,1.0,42.83
Plot  Area,Ready To Move,Marathahalli,2 BHK,,850,2.0,0.0,71.48
Plot  Area,19-Dec,Kudlu Gate,2 BHK,Society_57,1052,2.0,0.0,77.03
Built-up  Area,Ready To Move,Thanisandra Main Road,2 BHK,,1144,2.0,2.0,98.18
Built-up  Area,Ready To Move,Lingarajapuram,3 BHK,,1396,3.0,2.0,103.42
Built-up  Area,Ready To Move,New BEL Road,4 BHK,Society_163,2358 - 2458,5.0,0.0,120.84
Super built-up  Area,22-Jan,Mahadevapura,3 BHK,,1249 - 1349,3.0,3.0,65.9
Plot  Area,Ready To Move,Kammanahalli,2 BHK,,954,2.0,2.0,59.92
Plot  Area,Ready To Move,Kengeri,2 BHK,,1268,2.0,1.0,90.61
Plot  Area,Ready To Move,Bannerghatta Road,2 BHK,Society_177,803,2.0,0.0,69.98
Super built-up  Area,Ready To Move,Haralur Road,4 BHK,,2129,5.0,2.0,116.82
Carpet  Area,22-Jan,CV Raman Nagar,5 BHK,,3484,5.0,1.0,190.32
Built-up  Area,Ready To Move,Ramamurthy Nagar,4 BHK,,2543,4.0,0.0,156.54
Carpet  Area,Ready To Move,MG Road,2 BHK,Society_115,1116,2.0,2.0,238.52
Built-up  Area,Ready To Move,Banashankari,4 BHK,,2380,5.0,2.0,139.0
Built-up  Area,19-Dec,Yelahanka,4 BHK,Society_32,2140 - 2240,4.0,1.0,115.77
Super built-up  Area,19-Dec,Varthur,4 BHK,,2297 - 2397,4.0,1.0,134.32
Built-up  Area,22-Jan,Gottigere,3 BHK,Society_17,1276,3.0,1.0,64.27
Plot  Area,Ready To Move,HSR Layout,2 BHK,Society_149,1082,3.0,2.0,121.63
Built-up  Area,22-Jan,Benson Town,3 BHK,Society_139,1301,4.0,2.0,89.9
Super built-up  Area,19-Dec,Chandapura,3 BHK,,1527,4.0,1.0,58.16
Plot  Area,22-Jan,Yelahanka,2 BHK,,954 - 1054,1.0,2.0,82.7
Super built-up  Area,22-Jan,Nayandahalli,3 BHK,,1663,2.0,2.0,78.87
Super built-up  Area,22-Jan,Lavelle Road,2 BHK,,815 - 915,3.0,2.0,179.98
Plot  Area,Ready To Move,Rajaji Nagar,2 BHK,,1101,1.0,1.0,124.15
Built-up  Area,19-Dec,Peenya,3 BHK,,1675,3.0,3.0,85.29
Plot  Area,Ready To Move,Fraser Town,3 BHK,Society_7,1579,4.0,1.0,125.03
Built-up  Area,Ready To Move,Vijayanagar,4 BHK,Society_28,2504,3.0,2.0,143.23
Plot  Area,Ready To Move,Old Airport Road,2 BHK,,1306,2.0,2.0,160.31
Super built-up  Area,Ready To Move,Horamavu Agara,3 BHK,,1609,3.0,3.0,98.42
Plot  Area,Ready To Move,Thanisandra,2 BHK,,1169,2.0,0.0,72.53
Super built-up  Area,19-Dec,Chandapura,4 BHK,,2106,4.0,2.0,68.1
Plot  Area,Ready To Move,Bommasandra,2 BHK,,940,2.0,2.0,64.82
Plot  Area,Ready To Move,Banashankari,3 BHK,Society_93,1553,4.0,2.0,149.65
Super built-up  Area,Ready To Move,Sarjapur Road,4 BHK,,2172,4.0,1.0,126.33
Built-up  Area,Ready To Move,Basavanagudi,3 BHK,Society_36,1516,3.0,1.0,193.13
Super built-up  Area,19-Dec,Rajarajeshwari Nagara,4 BHK,Society_190,2323,4.0,1.0,100.41
Built-up  Area,Ready To Move,BTM Layout,3 BHK,Society_27,1340 - 1440,3.0,0.0,117.04
Super built-up  Area,Ready To Move,Kalyan Nagar,5 BHK,,3505,5.0,1.0,155.11
Super built-up  Area,Ready To Move,New BEL Road,3 BHK,Society_59,1562,3.0,0.0,76.69
Built-up  Area,Ready To Move,KR Puram,2 BHK,Society_111,1251,2.0,2.0,63.73
Plot  Area,Ready To Move,Kalyan Nagar,5 BHK,Society_39,3518,6.0,0.0,291.71
Built-up  Area,22-Jan,Ramamurthy Nagar,3 BHK,Society_98,1787,4.0,1.0,101.71
Built-up  Area,22-Jan,Haralur Road,3 BHK,,1343,2.0,2.0,103.54
Super built-up  Area,Ready To Move,Thanisandra Main Road,3 BHK,,1419,3.0,1.0,92.59
Super built-up  Area,Ready To Move,Peenya,3 BHK,,1729,2.0,1.0,87.89
Plot  Area,22-Jan,Indira Nagar,2 BHK,,1086,2.0,1.0,234.68
Built-up  Area,19-Dec,Kammanahalli,2 BHK,Society_24,1054,3.0,2.0,61.25
Super built-up  Area,22-Jan,Thanisandra,4 BHK,Society_133,2450,3.0,1.0,165.1
Carpet  Area,Ready To Move,KR Puram,2 BHK,Society_84,1026,3.0,2.0,76.09
Super built-up  Area,22-Jan,Bommanahalli,2 BHK,Society_70,850 - 950,3.0,1.0,37.63
Super built-up  Area,Ready To Move,MG Road,5 BHK,,3640,5.0,1.0,692.95
Super built-up  Area,Ready To Move,Old Madras Road,3 BHK,,1509,3.0,3.0,111.06
Super built-up  Area,Ready To Move,Gottigere,3 BHK,,1535,4.0,2.0,86.07
Built-up  Area,19-Dec,Banaswadi,2 BHK,,1228,3.0,2.0,65.75
Super built-up  Area,19-Dec,Gottigere,3 BHK,Society_24,1376,3.0,1.0,62.23
Built-up  Area,19-Dec,Banaswadi,3 BHK,Society_147,1302,2.0,0.0,92.32
Built-up  Area,19-Dec,Peenya,4 BHK,Society_59,2099 - 2199,3.0,2.0,168.02
Super built-up  Area,Ready To Move,Haralur Road,2 BHK,,805,1.0,1.0,51.31
Super built-up  Area,Ready To Move,HSR Layout,3 BHK,,1594 - 1694,3.0,2.0,153.04
Plot  Area,Ready To Move,Benson Town,2 BHK,Society_14,804,3.0,2.0,40.89
Built-up  Area,Ready To Move,Narayanapura,3 BHK,Society_11,1430,2.0,3.0,77.92
Super built-up  Area,Ready To Move,Adugodi,1 BHK,,680,1.0,1.0,36.81
Built-up  Area,22-Jan,Padmanabhanagar,3 BHK,,1426 - 1526,4.0,1.0,103.86
Carpet  Area,22-Jan,Kasturi Nagar,3 BHK,Society_45,1389,2.0,1.0,97.44
Built-up  Area,Ready To Move,Kasturi Nagar,2 BHK,,1130,2.0,1.0,72.14
Super built-up  Area,Ready To Move,CV Raman Nagar,3 BHK,,1461,4.0,1.0,115.23
Plot  Area,Ready To Move,Kasturi Nagar,1 BHK,Society_70,617,1.0,1.0,49.64
Super built-up  Area,Ready To Move,Rachenahalli,3 BHK,,1755,3.0,0.0,62.51
Super built-up  Area,19-Dec,Padmanabhanagar,2 BHK,Society_167,1048,2.0,0.0,72.06
Super built-up  Area,Ready To Move,Sahakara Nagar,5 BHK,,3808,6.0,1.0,237.34
Super built-up  Area,Ready To Move,Indira Nagar,3 BHK,,1450,3.0,0.0,229.6
Super built-up  Area,22-Jan,Bommanahalli,2 BHK,Society_25,1345,1.0,2.0,70.96
Plot  Area,Ready To Move,Devanahalli,2 BHK,Society_138,1175,1.0,2.0,70.61
Plot  Area,Ready To Move,Arekere,3 BHK,,1473,3.0,2.0,82.68
Super built-up  Area,22-Jan,Lavelle Road,3 BHK,,1691,2.0,1.0,405.18
Super built-up  Area,Ready To Move,Marathahalli,3 BHK,Society_195,1468,3.0,1.0,122.86
Built-up  Area,22-Jan,Magadi Road,3 BHK,Society_32,1696,3.0,0.0,120.12
Super built-up  Area,19-Dec,Kanakapura Road,2 BHK,Society_25,1052,3.0,2.0,61.69
Plot  Area,Ready To Move,Raja Rajeshwari Nagar,1 BHK,Society_183,688,1.0,1.0,53.51
Super built-up  Area,22-Jan,Jigani,3 BHK,,1619,2.0,2.0,93.77
Built-up  Area,Ready To Move,HSR Layout,4 BHK,Society_87,2574,5.0,3.0,238.84
Plot  Area,19-Dec,Hormavu,2 BHK,,1303,2.0,1.0,113.29
Plot  Area,Ready To Move,Cunningham Road,2 BHK,,997,2.0,2.0,200.82
Super built-up  Area,Ready To Move,Wilson Garden,2 BHK,Society_33,946,3.0,2.0,102.68
Super built-up  Area,19-Dec,Laggere,4 BHK,Society_115,2157,5.0,1.0,149.06
Built-up  Area,19-Dec,Bommasandra,4 BHK,,2570,4.0,1.0,167.95
Super built-up  Area,19-Dec,Laggere,1 BHK,,597,2.0,1.0,34.9
Plot  Area,Ready To Move,Brigade Road,3 BHK,,1685,3.0,1.0,361.45
Super built-up  Area,19-Dec,Chandapura,3 BHK,Society_19,1611 - 1711,3.0,3.0,63.23
Super built-up  Area,Ready To Move,Hebbal,3 BHK,,1744,2.0,1.0,161.34
Super built-up  Area,Ready To Move,Hebbal,1 BHK,,413,1.0,1.0,48.94
Super built-up  Area,Ready To Move,Uttarahalli,4 BHK,Society_16,2554,4.0,0.0,148.8
Built-up  Area,Ready To Move,Girinagar,4 BHK,,2444,4.0,1.0,130.69
Carpet  Area,22-Jan,Padmanabhanagar,3 BHK,,1302,3.0,0.0,80.12
Super built-up  Area,19-Dec,Lavelle Road,2 BHK,,845,1.0,2.0,139.54
Super built-up  Area,Ready To Move,Kanakapura Road,2 BHK,Society_23,954,2.0,0.0,66.69
Built-up  Area,Ready To Move,HSR Layout,4 BHK,,2401,4.0,1.0,191.35
Built-up  Area,Ready To Move,Budigere Cross,2 BHK,,755 - 855,2.0,2.0,45.79
Super built-up  Area,19-Dec,Ejipura,2 BHK,Society_11,1072,2.0,2.0,69.17
Built-up  Area,Ready To Move,Hoodi,2 BHK,Society_10,1219,3.0,2.0,55.17
Built-up  Area,19-Dec,Malleshwaram,3 BHK,,1619,3.0,3.0,182.69
Super built-up  Area,Ready To Move,Wilson Garden,4 BHK,,2449 - 2549,4.0,1.0,229.79
Plot  Area,22-Jan,Basaveshwara Nagar,2 BHK,,893,2.0,1.0,65.4
Super built-up  Area,Ready To Move,Hebbal,3 BHK,,1383 - 1483,4.0,0.0,120.14
Super built-up  Area,19-Dec,Sadashiva Nagar,3 BHK,Society_176,1660,2.0,3.0,263.2
Built-up  Area,Ready To Move,Old Madras Road,2 BHK,,1314,2.0,2.0,64.8
Super built-up  Area,19-Dec,Akshaya Nagar,1 BHK,,679,1.0,1.0,38.92
Super built-up  Area,Ready To Move,Wilson Garden,4 BHK,,2127,3.0,2.0,213.79
Carpet  Area,19-Dec,Laggere,3 BHK,,1291,3.0,0.0,62.05
Built-up  Area,Ready To Move,Jigani,4 BHK,,2119,4.0,2.0,146.88
Plot  Area,19-Dec,Whitefield,2 BHK,,1228,2.0,0.0,91.6
Built-up  Area,Ready To Move,KR Puram,2 BHK,,1242 - 1342,2.0,1.0,58.84
Super built-up  Area,Ready To Move,Ramamurthy Nagar,4 BHK,Society_50,2327,4.0,1.0,154.83
Super built-up  Area,19-Dec,Old Airport Road,3 BHK,,1769,2.0,1.0,150.63
Built-up  Area,Ready To Move,Richmond Town,3 BHK,Society_9,1410,3.0,2.0,270.8
Plot  Area,Ready To Move,Hosa Road,2 BHK,,1150 - 1250,3.0,2.0,70.36
Built-up  Area,19-Dec,HRBR Layout,3 BHK,,1349,3.0,2.0,82.21
Super built-up  Area,19-Dec,Kalyan Nagar,2 BHK,Society_36,1093,3.0,0.0,71.05
Built-up  Area,Ready To Move,Kadugodi,4 BHK,,2472,3.0,2.0,144.21
Built-up  Area,19-Dec,Benson Town,2 BHK,Society_107,1095,2.0,2.0,94.55
Plot  Area,19-Dec,Hosa Road,2 BHK,,1185,2.0,2.0,77.66
Built-up  Area,Ready To Move,Fraser Town,3 BHK,,1574,4.0,1.0,75.97
Super built-up  Area,Ready To Move,Hebbal,3 BHK,,1313,3.0,3.0,133.95
Super built-up  Area,22-Jan,Arekere,5 BHK,Society_45,3654 - 3754,5.0,3.0,212.67
Plot  Area,19-Dec,Kammanahalli,3 BHK,,1685,3.0,2.0,140.68
Super built-up  Area,Ready To Move,Rajaji Nagar,2 BHK,,1201 - 1301,2.0,0.0,169.64
Carpet  Area,Ready To Move,Lingarajapuram,5 BHK,,3444,6.0,2.0,201.32
Built-up  Area,Ready To Move,Anekal,2 BHK,,989,2.0,1.0,35.44
Built-up  Area,Ready To Move,Hebbal,2 BHK,Society_38,1032,1.0,0.0,87.2
Built-up  Area,Ready To Move,Laggere,3 BHK,,1390,3.0,1.0,93.28
Super built-up  Area,22-Jan,Varthur,3 BHK,,1554,2.0,0.0,108.28
Carpet  Area,Ready To Move,Vijayanagar,4 BHK,,2387,4.0,0.0,117.92
Super built-up  Area,Ready To Move,Brigade Road,5 BHK,,3533,5.0,2.0,664.27
Super built-up  Area,19-Dec,Akshaya Nagar,3 BHK,Society_27,1627,3.0,0.0,87.56
Super built-up  Area,Ready To Move,Hulimavu,2 BHK,,803 - 903,2.0,2.0,35.42
Super built-up  Area,19-Dec,New BEL Road,3 BHK,Society_54,1763,3.0,1.0,88.77
Carpet  Area,Ready To Move,Rajaji Nagar,4 BHK,Society_12,2329,4.0,2.0,289.96
Super built-up  Area,19-Dec,Ejipura,4 BHK,,2166,3.0,0.0,199.36
Super built-up  Area,Ready To Move,Basaveshwara Nagar,5 BHK,,3667 - 3767,4.0,1.0,171.82
Carpet  Area,Ready To Move,Malleshwaram,5 BHK,Society_60,3876,5.0,2.0,520.0
Built-up  Area,22-Jan,Hosa Road,2 BHK,,936 - 1036,2.0,2.0,57.9
Built-up  Area,Ready To Move,Bommanahalli,4 BHK,Society_29,2185,3.0,2.0,105.56
Plot  Area,Ready To Move,Sarjapur Road,2 BHK,Society_41,1093,2.0,1.0,43.19
Super built-up  Area,Ready To Move,Kengeri,4 BHK,,2341,4.0,1.0,127.22
Super built-up  Area,19-Dec,Yelahanka,3 BHK,,1306,2.0,1.0,64.93
Built-up  Area,22-Jan,RT Nagar,3 BHK,Society_175,1301,2.0,1.0,92.22
Plot  Area,Ready To Move,Banashankari,2 BHK,Society_100,1157,2.0,1.0,67.93
Carpet  Area,Ready To Move,Bommasandra,4 BHK,,2240,3.0,2.0,127.81
Built-up  Area,Ready To Move,Hosa Road,4 BHK,,2271,3.0,1.0,130.09
Super built-up  Area,Ready To Move,Ejipura,2 BHK,Society_60,830,3.0,1.0,42.31
Super built-up  Area,22-Jan,Marathahalli,3 BHK,,1563 - 1663,3.0,0.0,108.8
Built-up  Area,Ready To Move,Thanisandra Main Road,2 BHK,,930,2.0,1.0,49.37
Built-up  Area,Ready To Move,Magadi Road,3 BHK,Society_155,1463,4.0,1.0,102.89
Plot  Area,19-Dec,Old Madras Road,3 BHK,Society_60,1462,3.0,1.0,98.03
Plot  Area,19-Dec,Koramangala,3 BHK,Society_106,1676,2.0,2.0,280.9
Super built-up  Area,22-Jan,Kanakapura Road,4 BHK,,2518,4.0,2.0,140.28
Built-up  Area,Ready To Move,Cunningham Road,3 BHK,Society_198,1663,4.0,1.0,296.68
Built-up  Area,19-Dec,Narayanapura,3 BHK,,1703,3.0,2.0,104.76
Super built-up  Area,19-Dec,Anekal,1 BHK,,832,1.0,0.0,26.41
Plot  Area,22-Jan,Sarjapur Road,3 BHK,Society_142,1320 - 1420,3.0,3.0,95.79
Built-up  Area,22-Jan,BTM Layout,2 BHK,,1282,3.0,1.0,92.91
Built-up  Area,Ready To Move,Mysore Road,5 BHK,,3736,5.0,2.0,242.47
Super built-up  Area,Ready To Move,Domlur,2 BHK,Society_113,968 - 1068,3.0,1.0,104.72
Plot  Area,22-Jan,Whitefield,4 BHK,,2353,3.0,1.0,170.24
Built-up  Area,22-Jan,Kumaraswamy Layout,4 BHK,,2508,4.0,1.0,168.75
Built-up  Area,22-Jan,Anekal,2 BHK,,828,2.0,1.0,23.7
Built-up  Area,Ready To Move,Richmond Town,4 BHK,,2395,3.0,0.0,323.42
Plot  Area,Ready To Move,Kanakapura Road,1 BHK,Society_10,697,1.0,1.0,47.14
Super built-up  Area,19-Dec,Kumaraswamy Layout,3 BHK,,1506,3.0,2.0,106.6
Super built-up  Area,22-Jan,Hoodi,4 BHK,Society_81,2106,4.0,2.0,133.71
Super built-up  Area,Ready To Move,Cox Town,3 BHK,,1763,3.0,0.0,115.79
Super built-up  Area,19-Dec,Ejipura,2 BHK,,1295,2.0,2.0,107.87
Built-up  Area,Ready To Move,Chamrajpet,2 BHK,Society_112,858,2.0,2.0,62.75
Built-up  Area,22-Jan,Kudlu Gate,5 BHK,,3577,5.0,2.0,196.37
Super built-up  Area,19-Dec,Ramamurthy Nagar,3 BHK,Society_159,1402,3.0,1.0,94.98
Plot  Area,19-Dec,Sahakara Nagar,2 BHK,,978,3.0,1.0,54.31
Super built-up  Area,Ready To Move,Budigere Cross,4 BHK,Society_69,2418,4.0,2.0,166.4
Plot  Area,22-Jan,Basavanagudi,3 BHK,,1786,3.0,1.0,212.92
Carpet  Area,22-Jan,Kumaraswamy Layout,3 BHK,,1652 - 1752,2.0,1.0,100.37
Super built-up  Area,Ready To Move,Malleshwaram,2 BHK,,1004,2.0,2.0,141.76
Built-up  Area,Ready To Move,Vidyaranyapura,2 BHK,Society_49,849,3.0,2.0,49.94
Carpet  Area,Ready To Move,Koramangala,1 BHK,Society_78,475,1.0,1.0,50.29
Super built-up  Area,Ready To Move,Benson Town,4 BHK,Society_147,2280,3.0,2.0,146.11
Plot  Area,19-Dec,Vidyaranyapura,2 BHK,Society_71,1301,1.0,1.0,107.74
Built-up  Area,Ready To Move,Begur Road,3 BHK,Society_190,1734,4.0,2.0,94.35
Built-up  Area,Ready To Move,Lingarajapuram,3 BHK,,1519,3.0,0.0,74.61
Super built-up  Area,Ready To Move,Bommanahalli,2 BHK,,890,3.0,2.0,43.68
Plot  Area,19-Dec,Magadi Road,5 BHK,,3797,5.0,1.0,391.52
Carpet  Area,Ready To Move,Laggere,3 BHK,,1301,3.0,3.0,84.54
Super built-up  Area,22-Jan,Kasturi Nagar,2 BHK,,1046,2.0,0.0,75.31
Carpet  Area,22-Jan,Cox Town,3 BHK,,1683,3.0,2.0,105.63
Plot  Area,22-Jan,Sarjapur Road,4 BHK,Society_34,2471,4.0,3.0,174.06
Built-up  Area,22-Jan,Horamavu Agara,3 BHK,Society_140,1753,4.0,3.0,109.61
Plot  Area,Ready To Move,Adugodi,3 BHK,Society_53,1484,4.0,2.0,101.65
Plot  Area,Ready To Move,Haralur Road,4 BHK,Society_175,2096,4.0,0.0,122.91
Carpet  Area,Ready To Move,Sadashiva Nagar,1 BHK,Society_195,732,2.0,1.0,132.2
Super built-up  Area,Ready To Move,Sahakara Nagar,2 BHK,,957,3.0,1.0,63.86
Super built-up  Area,Ready To Move,Bommanahalli,3 BHK,,1421,3.0,1.0,93.56
Built-up  Area,19-Dec,Ejipura,2 BHK,Society_24,1260,2.0,2.0,92.32
Super built-up  Area,22-Jan,Brigade Road,4 BHK,,2457,5.0,2.0,483.16
Super built-up  Area,Ready To Move,HRBR Layout,3 BHK,Society_86,1299,3.0,1.0,73.63
Carpet  Area,Ready To Move,Kengeri,2 BHK,,1283,2.0,0.0,55.31
Carpet  Area,Ready To Move,Brigade Road,1 BHK,,558,1.0,1.0,117.52
Built-up  Area,19-Dec,MG Road,3 BHK,Society_196,1373,2.0,1.0,216.83
Super built-up  Area,Ready To Move,Narayanapura,4 BHK,,2121,4.0,1.0,103.46
Plot  Area,Ready To Move,Thanisandra,3 BHK,Society_180,1587,3.0,1.0,104.29
Super built-up  Area,19-Dec,Vidyaranyapura,4 BHK,,2401,4.0,3.0,124.26
Super built-up  Area,19-Dec,Lingarajapuram,2 BHK,,1111,1.0,2.0,81.06
Built-up  Area,22-Jan,Dasarahalli,3 BHK,,1559,2.0,3.0,85.4
Built-up  Area,19-Dec,Uttarahalli,3 BHK,Society_123,1258 - 1358,2.0,3.0,70.0
Super built-up  Area,19-Dec,RT Nagar,4 BHK,,2052,5.0,2.0,105.05
Super built-up  Area,Ready To Move,Yelahanka,3 BHK,Society_198,1739,3.0,0.0,89.27
Super built-up  Area,22-Jan,Chamrajpet,2 BHK,,1170,2.0,2.0,73.67
Built-up  Area,Ready To Move,Kalyan Nagar,3 BHK,Society_168,1266,3.0,3.0,77.65
Super built-up  Area,Ready To Move,Narayanapura,3 BHK,,1729,2.0,0.0,113.7
Super built-up  Area,19-Dec,Ejipura,2 BHK,,999,2.0,2.0,65.4
Carpet  Area,22-Jan,Ulsoor,3 BHK,Society_65,1725,3.0,1.0,171.68
Built-up  Area,Ready To Move,Lavelle Road,3 BHK,,1416,3.0,1.0,328.05
Built-up  Area,22-Jan,New BEL Road,5 BHK,,3723,6.0,0.0,201.93
Plot  Area,Ready To Move,Benson Town,2 BHK,Society_180,899,2.0,1.0,48.46
Super built-up  Area,Ready To Move,HBR Layout,3 BHK,,1458,2.0,2.0,87.65
Carpet  Area,Ready To Move,Ramamurthy Nagar,3 BHK,Society_195,1287,2.0,3.0,73.22
Carpet  Area,22-Jan,Lingarajapuram,2 BHK,,1229,2.0,2.0,88.93
Super built-up  Area,Ready To Move,Ejipura,2 BHK,,1034,2.0,1.0,101.72
Built-up  Area,22-Jan,Laggere,3 BHK,Society_85,1684,4.0,3.0,86.69
Built-up  Area,22-Jan,Kengeri,4 BHK,Society_43,2533 - 2633,4.0,0.0,172.1
Super built-up  Area,Ready To Move,Koramangala,5 BHK,Society_193,3780,5.0,3.0,561.71
Super built-up  Area,Ready To Move,Old Airport Road,3 BHK,Society_55,1698,3.0,1.0,169.6
Built-up  Area,Ready To Move,Koramangala,3 BHK,Society_160,1500,3.0,3.0,193.55
Super built-up  Area,Ready To Move,Lavelle Road,3 BHK,,1585,3.0,3.0,312.13
Built-up  Area,19-Dec,Cunningham Road,3 BHK,,1647,2.0,0.0,303.43
Super built-up  Area,Ready To Move,Devanahalli,2 BHK,,1147,3.0,2.0,61.0
Super built-up  Area,Ready To Move,Girinagar,2 BHK,,972,2.0,0.0,57.9
Super built-up  Area,22-Jan,Lingarajapuram,3 BHK,Society_144,1715,3.0,1.0,89.05
Built-up  Area,Ready To Move,Kalyan Nagar,4 BHK,,2051 - 2151,4.0,1.0,110.13
Built-up  Area,Ready To Move,Nagarbhavi,3 BHK,Society_78,1502,4.0,3.0,109.44
Super built-up  Area,Ready To Move,MG Road,5 BHK,Society_49,3883,4.0,0.0,779.66
Super built-up  Area,Ready To Move,Mysore Road,3 BHK,Society_128,1780,4.0,2.0,130.11
Super built-up  Area,19-Dec,Chamrajpet,4 BHK,,2421,3.0,0.0,150.97
Built-up  Area,Ready To Move,Malleshwaram,4 BHK,,2343,4.0,1.0,264.16
Super built-up  Area,Ready To Move,Vijayanagar,2 BHK,,851,1.0,2.0,52.6
Built-up  Area,Ready To Move,CV Raman Nagar,2 BHK,Society_167,925,2.0,2.0,67.13
Built-up  Area,19-Dec,Lavelle Road,3 BHK,,1523,3.0,2.0,288.29
Super built-up  Area,22-Jan,Bellandur,3 BHK,Society_54,1295,3.0,3.0,108.07
Super built-up  Area,Ready To Move,Hoodi,3 BHK,Society_55,1262,4.0,2.0,62.29
Built-up  Area,Ready To Move,Padmanabhanagar,2 BHK,Society_68,898,2.0,2.0,48.33
Super built-up  Area,Ready To Move,Old Madras Road,3 BHK,Society_73,1781,2.0,0.0,117.04
Super built-up  Area,Ready To Move,KR Puram,2 BHK,,986,2.0,1.0,68.93
Carpet  Area,Ready To Move,Kalyan Nagar,2 BHK,Society_31,875,2.0,2.0,54.22
Plot  Area,Ready To Move,Jakkur,3 BHK,,1323,2.0,0.0,82.01
Super built-up  Area,Ready To Move,Kammanahalli,2 BHK,,818 - 918,2.0,2.0,67.61
Built-up  Area,19-Dec,Attibele,3 BHK,Society_36,1707,3.0,0.0,101.14
Plot  Area,19-Dec,Basavanagudi,3 BHK,Society_45,1747,3.0,2.0,172.25
Built-up  Area,Ready To Move,Chamrajpet,3 BHK,,1549 - 1649,3.0,3.0,82.48
Super built-up  Area,Ready To Move,Chikkaballapur Road,3 BHK,Society_168,1713 - 1813,3.0,1.0,114.06
Plot  Area,Ready To Move,Old Airport Road,2 BHK,,1107,2.0,2.0,142.62
Super built-up  Area,19-Dec,Sadashiva Nagar,2 BHK,,1069 - 1169,2.0,0.0,196.81
Super built-up  Area,Ready To Move,Hebbal,3 BHK,,1645 - 1745,3.0,1.0,129.11
Carpet  Area,22-Jan,Benson Town,2 BHK,,1295,2.0,2.0,96.62
Super built-up  Area,Ready To Move,Akshaya Nagar,5 BHK,Society_91,3895,4.0,0.0,261.01
Plot  Area,Ready To Move,Mahadevapura,2 BHK,Society_144,888,1.0,2.0,65.45
Super built-up  Area,Ready To Move,Mahadevapura,2 BHK,Society_187,1337,2.0,1.0,91.95
Super built-up  Area,Ready To Move,Adugodi,3 BHK,Society_77,1307 - 1407,4.0,2.0,97.16
Super built-up  Area,Ready To Move,Bommasandra,3 BHK,,1370,3.0,1.0,77.22
Plot  Area,Ready To Move,Koramangala,2 BHK,Society_20,1286,2.0,2.0,277.78
Built-up  Area,19-Dec,Jigani,4 BHK,Society_98,2334,5.0,1.0,132.98
Super built-up  Area,19-Dec,Cox Town,4 BHK,Society_137,2110,4.0,0.0,121.97
Super built-up  Area,Ready To Move,Devanahalli,3 BHK,Society_164,1480,3.0,3.0,71.28
Super built-up  Area,Ready To Move,Magadi Road,3 BHK,Society_180,1321,3.0,1.0,60.0
Super built-up  Area,22-Jan,RT Nagar,4 BHK,Society_44,2187,5.0,2.0,155.32
Built-up  Area,22-Jan,Thanisandra Main Road,3 BHK,Society_59,1356,4.0,1.0,81.01
Super built-up  Area,22-Jan,Kogilu,4 BHK,,2233,4.0,2.0,113.44
Carpet  Area,Ready To Move,Kasturi Nagar,3 BHK,Society_2,1472,4.0,2.0,99.84
Plot  Area,Ready To Move,Old Madras Road,1 BHK,Society_86,784,1.0,1.0,53.01
Built-up  Area,Ready To Move,Lavelle Road,4 BHK,Society_183,2145,4.0,1.0,384.26
Carpet  Area,22-Jan,Marathahalli,3 BHK,Society_185,1651,3.0,2.0,111.8
Built-up  Area,Ready To Move,Peenya,3 BHK,,1509,4.0,2.0,98.26
Carpet  Area,Ready To Move,Chikkaballapur Road,3 BHK,Society_117,1616 - 1716,2.0,1.0,102.3
Super built-up  Area,Ready To Move,Sahakara Nagar,4 BHK,,2119,4.0,3.0,104.44
Plot  Area,Ready To Move,Ulsoor,4 BHK,,2420,3.0,3.0,318.74
Built-up  Area,19-Dec,Old Airport Road,2 BHK,,1154,2.0,2.0,105.34
Built-up  Area,19-Dec,Banaswadi,2 BHK,,998 - 1098,2.0,2.0,67.41
Super built-up  Area,22-Jan,Mahadevapura,3 BHK,,1541,3.0,3.0,108.0
Super built-up  Area,22-Jan,Hulimavu,4 BHK,,2173,4.0,1.0,137.56
Super built-up  Area,22-Jan,Devanahalli,5 BHK,,3579,6.0,1.0,155.04
Super built-up  Area,Ready To Move,Ejipura,3 BHK,,1632 - 1732,2.0,3.0,157.42
Super built-up  Area,Ready To Move,Sahakara Nagar,3 BHK,,1644 - 1744,4.0,1.0,112.67
Built-up  Area,Ready To Move,Bagalur,3 BHK,,1729,4.0,2.0,97.45
Carpet  Area,Ready To Move,Basavanagudi,2 BHK,,1159,3.0,2.0,139.88
Super built-up  Area,Ready To Move,Cunningham Road,3 BHK,Society_161,1757,3.0,0.0,317.38
Super built-up  Area,Ready To Move,Fraser Town,3 BHK,,1430,2.0,3.0,101.32
Built-up  Area,22-Jan,Narayanapura,3 BHK,,1763,3.0,2.0,122.28
Super built-up  Area,Ready To Move,Rachenahalli,3 BHK,,1205 - 1305,2.0,1.0,72.95
Carpet  Area,Ready To Move,Girinagar,3 BHK,,1201 - 1301,3.0,2.0,83.34
Built-up  Area,19-Dec,Peenya,4 BHK,,2114,5.0,3.0,129.44
Plot  Area,Ready To Move,JP Nagar,4 BHK,,2342,3.0,2.0,225.27
Super built-up  Area,22-Jan,Whitefield,2 BHK,Society_182,949 - 1049,2.0,2.0,57.37
Built-up  Area,22-Jan,Basavanagudi,3 BHK,Society_157,1362,3.0,1.0,180.83
Built-up  Area,Ready To Move,Kudlu Gate,4 BHK,,2115,3.0,0.0,152.57
Super built-up  Area,Ready To Move,CV Raman Nagar,2 BHK,,1265,2.0,1.0,89.19
Built-up  Area,22-Jan,Padmanabhanagar,3 BHK,Society_193,1536,3.0,0.0,75.01
Built-up  Area,19-Dec,Kadugodi,3 BHK,Society_22,1657 - 1757,3.0,1.0,108.12
Super built-up  Area,19-Dec,Lingarajapuram,3 BHK,,1474,2.0,1.0,97.16
Super built-up  Area,Ready To Move,Kumaraswamy Layout,4 BHK,,2511,5.0,1.0,134.71
Built-up  Area,Ready To Move,Thanisandra,2 BHK,Society_47,993,2.0,1.0,41.79
Built-up  Area,Ready To Move,Uttarahalli,2 BHK,,1161,2.0,2.0,57.2
Super built-up  Area,Ready To Move,Chandapura,3 BHK,,1483,3.0,0.0,50.47
Super built-up  Area,Ready To Move,Vidyaranyapura,1 BHK,,560 - 660,1.0,0.0,29.08
Built-up  Area,19-Dec,Basavanagudi,4 BHK,Society_55,2085,3.0,2.0,162.71
Built-up  Area,Ready To Move,Sadashiva Nagar,4 BHK,,2391,4.0,2.0,414.32
Carpet  Area,Ready To Move,Whitefield,4 BHK,,2194,4.0,1.0,140.38
Super built-up  Area,19-Dec,Thanisandra,3 BHK,,1409 - 1509,3.0,1.0,67.64
Super built-up  Area,Ready To Move,Varthur,2 BHK,,1285,2.0,0.0,89.1
Built-up  Area,22-Jan,Malleshwaram,2 BHK,,1096 - 1196,2.0,1.0,147.9
Super built-up  Area,19-Dec,Sarjapur Road,4 BHK,,2578,5.0,1.0,147.79
Built-up  Area,Ready To Move,Thanisandra,2 BHK,Society_179,1220,2.0,2.0,73.54
Plot  Area,Ready To Move,Lingarajapuram,4 BHK,,2436,4.0,2.0,144.18
Plot  Area,Ready To Move,Rachenahalli,2 BHK,,848,2.0,2.0,52.32
Super built-up  Area,Ready To Move,Sahakara Nagar,2 BHK,Society_87,944,3.0,2.0,70.02
Carpet  Area,22-Jan,HBR Layout,4 BHK,Society_49,2273,4.0,2.0,175.69
Super built-up  Area,22-Jan,Fraser Town,2 BHK,Society_23,877,3.0,1.0,60.68
Built-up  Area,Ready To Move,Bommanahalli,2 BHK,Society_133,1282,2.0,2.0,96.19
Super built-up  Area,19-Dec,Kengeri,3 BHK,,1501 - 1601,2.0,0.0,97.18
Plot  Area,19-Dec,Jigani,3 BHK,,1501,4.0,2.0,102.9
Super built-up  Area,Ready To Move,Lingarajapuram,3 BHK,,1311,3.0,1.0,72.06
Super built-up  Area,22-Jan,Kogilu,2 BHK,,802,2.0,1.0,55.02
Super built-up  Area,Ready To Move,HRBR Layout,3 BHK,,1270,3.0,2.0,49.3
Carpet  Area,Ready To Move,Arekere,1 BHK,Society_184,829,2.0,0.0,47.12
Super built-up  Area,19-Dec,Jakkur,3 BHK,Society_2,1323,4.0,1.0,94.45
Super built-up  Area,Ready To Move,Kogilu,2 BHK,,979,3.0,1.0,57.75
Super built-up  Area,22-Jan,Richmond Town,4 BHK,Society_133,2452 - 2552,4.0,0.0,351.04
Super built-up  Area,22-Jan,Hormavu,2 BHK,,908 - 1008,2.0,2.0,56.24
Built-up  Area,22-Jan,Fraser Town,3 BHK,Society_143,1581,3.0,1.0,83.8
Super built-up  Area,Ready To Move,Brigade Road,3 BHK,,1504,4.0,1.0,272.06
Super built-up  Area,Ready To Move,Lavelle Road,3 BHK,Society_131,1585,3.0,3.0,326.0
Carpet  Area,22-Jan,Anekal,4 BHK,,2191,4.0,1.0,60.34
Built-up  Area,Ready To Move,CV Raman Nagar,2 BHK,,1233,3.0,2.0,92.34
Built-up  Area,19-Dec,Devanahalli,5 BHK,,3714,5.0,1.0,166.6
Super built-up  Area,22-Jan,Ulsoor,2 BHK,,1235,2.0,1.0,130.02
Carpet  Area,Ready To Move,Narayanapura,5 BHK,,3535,5.0,1.0,202.68
Built-up  Area,19-Dec,Old Airport Road,3 BHK,,1788,3.0,0.0,205.99
Plot  Area,Ready To Move,Ulsoor,4 BHK,Society_95,2295,4.0,2.0,301.86
Built-up  Area,19-Dec,RT Nagar,3 BHK,,1297,2.0,2.0,89.51
Super built-up  Area,19-Dec,Bagalur,3 BHK,Society_120,1588,3.0,1.0,92.68
Built-up  Area,Ready To Move,Nayandahalli,3 BHK,,1432,4.0,1.0,86.0
Super built-up  Area,Ready To Move,Domlur,2 BHK,,1101,3.0,1.0,110.39
Super built-up  Area,Ready To Move,Rajaji Nagar,2 BHK,,1105,2.0,2.0,109.22
Built-up  Area,22-Jan,Chamrajpet,4 BHK,Society_161,2372,4.0,0.0,115.81
Super built-up  Area,Ready To Move,Kanakapura Road,3 BHK,Society_164,1667,4.0,3.0,103.43
Built-up  Area,Ready To Move,Jalahalli,2 BHK,,1049,3.0,0.0,58.36
Super built-up  Area,Ready To Move,Varthur,5 BHK,Society_18,3572,5.0,1.0,217.59
Built-up  Area,19-Dec,Ejipura,4 BHK,,2186,4.0,3.0,198.14
Built-up  Area,19-Dec,Banashankari,3 BHK,,1311,2.0,2.0,67.49
Super built-up  Area,Ready To Move,Old Airport Road,3 BHK,Society_96,1756,4.0,1.0,178.03
Super built-up  Area,19-Dec,Bellandur,2 BHK,,1292,3.0,1.0,88.27
Plot  Area,Ready To Move,Bellandur,1 BHK,,484,1.0,0.0,43.97
Super built-up  Area,22-Jan,Ejipura,3 BHK,Society_153,1330,3.0,1.0,122.28
Super built-up  Area,19-Dec,Attibele,5 BHK,,3526 - 3626,6.0,2.0,192.52
Super built-up  Area,22-Jan,Budigere Cross,4 BHK,Society_163,2087,4.0,2.0,148.93
Super built-up  Area,Ready To Move,JP Nagar,3 BHK,,1623,2.0,1.0,138.48
Built-up  Area,Ready To Move,Mysore Road,2 BHK,,1292,2.0,2.0,67.19
Super built-up  Area,19-Dec,Magadi Road,4 BHK,,2432 - 2532,3.0,1.0,139.52
Plot  Area,Ready To Move,Adugodi,2 BHK,,1101 - 1201,2.0,1.0,82.66
Built-up  Area,19-Dec,Bommasandra,4 BHK,,2123,4.0,0.0,159.66
Built-up  Area,Ready To Move,Sahakara Nagar,3 BHK,Society_172,1375,4.0,2.0,80.91
Super built-up  Area,19-Dec,Banaswadi,4 BHK,,2063 - 2163,3.0,3.0,138.59
Super built-up  Area,Ready To Move,Basaveshwara Nagar,3 BHK,,1611,3.0,1.0,106.37
Plot  Area,Ready To Move,CV Raman Nagar,4 BHK,Society_32,2519,4.0,0.0,165.55
Super built-up  Area,Ready To Move,Kudlu Gate,2 BHK,Society_197,951,2.0,1.0,44.6
Built-up  Area,Ready To Move,HBR Layout,1 BHK,Society_81,586,1.0,1.0,30.38
Carpet  Area,19-Dec,Thanisandra Main Road,2 BHK,Society_157,1338,2.0,1.0,104.87
Super built-up  Area,19-Dec,Arekere,3 BHK,,1441,2.0,3.0,107.23
Super built-up  Area,22-Jan,Haralur Road,2 BHK,,862,2.0,1.0,45.23
Super built-up  Area,22-Jan,Kengeri,4 BHK,,2432,4.0,3.0,130.7
Built-up  Area,Ready To Move,Kasturi Nagar,3 BHK,,1365,3.0,2.0,83.84
Built-up  Area,Ready To Move,Benson Town,3 BHK,Society_47,1487,3.0,1.0,75.53
Super built-up  Area,Ready To Move,Chamrajpet,3 BHK,,1303,3.0,2.0,89.58
Built-up  Area,19-Dec,Sarjapur Road,4 BHK,Society_41,2566,4.0,2.0,184.55
Plot  Area,Ready To Move,Ramamurthy Nagar,4 BHK,,2533,5.0,0.0,212.61
Super built-up  Area,Ready To Move,Laggere,3 BHK,,1570 - 1670,3.0,3.0,100.12
Plot  Area,Ready To Move,Richmond Town,3 BHK,,1776,3.0,0.0,227.9
Built-up  Area,Ready To Move,Padmanabhanagar,2 BHK,,1243,2.0,0.0,82.07
Carpet  Area,Ready To Move,Jalahalli,1 BHK,,408,2.0,1.0,25.37
Built-up  Area,Ready To Move,Marathahalli,4 BHK,,2292,4.0,2.0,143.58
Super built-up  Area,19-Dec,Old Madras Road,2 BHK,Society_55,975 - 1075,2.0,2.0,50.57
Super built-up  Area,Ready To Move,CV Raman Nagar,4 BHK,,2533,3.0,1.0,153.63
Built-up  Area,Ready To Move,Sahakara Nagar,5 BHK,,3444,5.0,2.0,223.44
Carpet  Area,Ready To Move,Nagarbhavi,3 BHK,Society_149,1323,3.0,1.0,71.13
Built-up  Area,Ready To Move,Hoodi,3 BHK,,1332,2.0,3.0,77.55
Built-up  Area,Ready To Move,Bannerghatta Road,3 BHK,Society_193,1674,3.0,2.0,93.54
Super built-up  Area,Ready To Move,Electronic City,3 BHK,Society_20,1717,4.0,2.0,88.91
Plot  Area,22-Jan,Jigani,3 BHK,,1591,3.0,2.0,115.73
Super built-up  Area,Ready To Move,Chandapura,2 BHK,,1226,2.0,1.0,46.72
Super built-up  Area,22-Jan,Hoodi,3 BHK,,1668 - 1768,2.0,3.0,116.48
Super built-up  Area,19-Dec,Hebbal,2 BHK,,1239 - 1339,2.0,2.0,130.18
Super built-up  Area,Ready To Move,HRBR Layout,2 BHK,Society_82,1062,2.0,2.0,77.54
Plot  Area,19-Dec,Girinagar,2 BHK,,1006,3.0,2.0,76.03
Super built-up  Area,Ready To Move,Wilson Garden,1 BHK,,522,1.0,1.0,53.92
Plot  Area,22-Jan,Kudlu Gate,3 BHK,,1740,4.0,1.0,116.49
Super built-up  Area,22-Jan,Kanakapura Road,3 BHK,Society_90,1439,2.0,1.0,61.38
Plot  Area,Ready To Move,Hulimavu,4 BHK,,2413,3.0,3.0,147.46
Carpet  Area,Ready To Move,Bommanahalli,4 BHK,Society_199,2266,3.0,2.0,125.74
Super built-up  Area,Ready To Move,Chandapura,3 BHK,Society_95,1564,3.0,3.0,59.72
Plot  Area,Ready To Move,Rajaji Nagar,4 BHK,Society_60,2219,4.0,0.0,240.38
Super built-up  Area,Ready To Move,Vijayanagar,2 BHK,Society_9,1340,2.0,2.0,79.98
Super built-up  Area,Ready To Move,Rajaji Nagar,3 BHK,Society_188,1579,3.0,1.0,193.58
Built-up  Area,Ready To Move,Cunningham Road,3 BHK,,1264,3.0,1.0,263.73
Built-up  Area,Ready To Move,HSR Layout,4 BHK,,2520,4.0,1.0,246.49
Super built-up  Area,Ready To Move,Varthur,3 BHK,,1342,2.0,2.0,75.71
Built-up  Area,Ready To Move,Varthur,3 BHK,,1439,3.0,3.0,77.16
Built-up  Area,Ready To Move,RT Nagar,3 BHK,,1405,3.0,0.0,86.07
Super built-up  Area,Ready To Move,New BEL Road,3 BHK,,1752,3.0,2.0,119.79
Plot  Area,22-Jan,Bannerghatta Road,1 BHK,,885,1.0,1.0,68.38
Super built-up  Area,22-Jan,Fraser Town,2 BHK,,849,3.0,2.0,44.62
Super built-up  Area,Ready To Move,Kogilu,4 BHK,,2099,4.0,2.0,121.79
Built-up  Area,19-Dec,Basavanagudi,4 BHK,,2524,4.0,0.0,295.09
Carpet  Area,Ready To Move,Yeshwanthpur,4 BHK,,2467,4.0,2.0,146.66
Plot  Area,Ready To Move,Adugodi,4 BHK,,2277,4.0,1.0,101.67
Plot  Area,19-Dec,Cox Town,3 BHK,,1372,2.0,1.0,75.74
Super built-up  Area,19-Dec,Gottigere,3 BHK,Society_82,1367,3.0,1.0,84.62
Super built-up  Area,Ready To Move,MG Road,2 BHK,Society_2,1131,2.0,2.0,217.3
Carpet  Area,19-Dec,Ejipura,2 BHK,Society_113,1282,2.0,1.0,90.6
Built-up  Area,22-Jan,HSR Layout,3 BHK,,1401,3.0,2.0,139.37
Super built-up  Area,Ready To Move,Magadi Road,3 BHK,,1401,3.0,1.0,86.99
Built-up  Area,19-Dec,BTM Layout,3 BHK,Society_60,1711,2.0,1.0,147.69
Carpet  Area,Ready To Move,Wilson Garden,4 BHK,,2253,4.0,1.0,295.57
Built-up  Area,Ready To Move,Mysore Road,3 BHK,,1775,4.0,1.0,117.6
Plot  Area,Ready To Move,Jigani,2 BHK,,1163,3.0,2.0,75.42
Super built-up  Area,Ready To Move,HSR Layout,4 BHK,Society_118,2322,4.0,1.0,175.98
Super built-up  Area,Ready To Move,Ulsoor,2 BHK,,1088,2.0,1.0,82.55
Super built-up  Area,Ready To Move,Yelahanka,2 BHK,,808,2.0,2.0,60.12
Super built-up  Area,Ready To Move,Sahakara Nagar,2 BHK,Society_114,1202,2.0,2.0,72.41
Built-up  Area,Ready To Move,Hosa Road,4 BHK,,2512 - 2612,3.0,1.0,175.29
Plot  Area,Ready To Move,Attibele,3 BHK,,1424,3.0,2.0,96.71
Built-up  Area,Ready To Move,Brigade Road,3 BHK,,1528,3.0,1.0,328.44
Super built-up  Area,Ready To Move,Old Madras Road,3 BHK,,1477,3.0,1.0,87.94
Super built-up  Area,22-Jan,Horamavu Agara,3 BHK,Society_191,1748,3.0,3.0,105.87
Plot  Area,Ready To Move,Chikkaballapur Road,1 BHK,,447,1.0,1.0,33.67
Super built-up  Area,Ready To Move,BTM Layout,4 BHK,Society_197,2055,4.0,0.0,126.93
Built-up  Area,22-Jan,Rajarajeshwari Nagara,3 BHK,Society_119,1325,2.0,0.0,81.53
Plot  Area,22-Jan,Rachenahalli,2 BHK,,844,2.0,2.0,61.6
Built-up  Area,19-Dec,Lingarajapuram,3 BHK,Society_32,1576,3.0,3.0,78.56
Carpet  Area,22-Jan,Electronic City,2 BHK,,1148,2.0,0.0,62.06
Super built-up  Area,Ready To Move,Laggere,3 BHK,,1540,4.0,0.0,113.82
Super built-up  Area,Ready To Move,Anekal,2 BHK,,779 - 879,2.0,2.0,29.33
Super built-up  Area,Ready To Move,Rajaji Nagar,3 BHK,Society_149,1414,3.0,1.0,131.85
Built-up  Area,Ready To Move,Jayanagar,3 BHK,Society_17,1474,4.0,1.0,133.38
Super built-up  Area,Ready To Move,Kanakapura Road,3 BHK,,1407,3.0,0.0,71.15
Plot  Area,22-Jan,Hormavu,3 BHK,Society_54,1506,3.0,1.0,114.19
Super built-up  Area,Ready To Move,Vidyaranyapura,4 BHK,,2311,4.0,2.0,126.26
Super built-up  Area,Ready To Move,Budigere Cross,3 BHK,,1347 - 1447,3.0,3.0,80.26
Plot  Area,Ready To Move,Jigani,2 BHK,Society_185,948,2.0,1.0,81.69
Super built-up  Area,Ready To Move,Hosa Road,1 BHK,,481,1.0,1.0,27.85
Super built-up  Area,22-Jan,Kanakapura Road,1 BHK,,760,1.0,1.0,48.05
Plot  Area,22-Jan,Cox Town,3 BHK,Society_196,1616,4.0,2.0,86.57
Super built-up  Area,22-Jan,Wilson Garden,3 BHK,Society_135,1716 - 1816,4.0,1.0,201.34
Super built-up  Area,Ready To Move,Cunningham Road,4 BHK,Society_123,2430,5.0,1.0,417.31
Super built-up  Area,19-Dec,Basaveshwara Nagar,3 BHK,Society_167,1639,3.0,0.0,88.95
Super built-up  Area,19-Dec,Vidyaranyapura,4 BHK,Society_28,2178,4.0,0.0,164.17
Plot  Area,Ready To Move,HBR Layout,3 BHK,,1494,3.0,1.0,107.61
Super built-up  Area,Ready To Move,Banashankari,2 BHK,Society_46,899 - 999,2.0,2.0,52.59
Built-up  Area,19-Dec,Kasturi Nagar,1 BHK,,483,1.0,1.0,29.29
Plot  Area,Ready To Move,Richmond Town,3 BHK,Society_149,1318 - 1418,2.0,2.0,208.97
Built-up  Area,22-Jan,Jigani,2 BHK,,1130,2.0,2.0,71.25
Built-up  Area,Ready To Move,Girinagar,5 BHK,,3469,6.0,1.0,214.51
Plot  Area,Ready To Move,Kasturi Nagar,2 BHK,Society_106,1114,2.0,1.0,73.13
Super built-up  Area,Ready To Move,Dasarahalli,2 BHK,,1158,2.0,1.0,76.72
Built-up  Area,22-Jan,Hebbal,2 BHK,,1324,3.0,2.0,132.55
Super built-up  Area,22-Jan,CV Raman Nagar,4 BHK,,2284,4.0,0.0,114.82
Super built-up  Area,Ready To Move,Ejipura,3 BHK,,1437,3.0,2.0,145.09
Built-up  Area,Ready To Move,HRBR Layout,3 BHK,,1746,3.0,2.0,106.66
Super built-up  Area,Ready To Move,Ramamurthy Nagar,3 BHK,,1509 - 1609,3.0,2.0,87.32
Carpet  Area,Ready To Move,Bagalur,3 BHK,,1656,3.0,1.0,119.53
Super built-up  Area,Ready To Move,Rachenahalli,4 BHK,,2515,5.0,2.0,126.35
Super built-up  Area,Ready To Move,Hosa Road,4 BHK,Society_166,2283,4.0,2.0,136.6
Super built-up  Area,22-Jan,Basaveshwara Nagar,2 BHK,,1215 - 1315,2.0,2.0,82.96
Carpet  Area,19-Dec,Old Airport Road,3 BHK,,1455,3.0,3.0,127.29
Super built-up  Area,19-Dec,Dasarahalli,3 BHK,,1563 - 1663,3.0,2.0,90.32
Super built-up  Area,Ready To Move,Domlur,5 BHK,Society_190,3535,5.0,3.0,350.96
Plot  Area,Ready To Move,Jakkur,3 BHK,,1333,3.0,1.0,76.86
Super built-up  Area,22-Jan,Thanisandra Main Road,1 BHK,,767,1.0,1.0,39.04
Built-up  Area,Ready To Move,Benson Town,3 BHK,,1618,4.0,3.0,81.97
Super built-up  Area,Ready To Move,Mahadevapura,4 BHK,,2516,5.0,1.0,186.85
Built-up  Area,22-Jan,Uttarahalli,5 BHK,,3410,5.0,2.0,261.15
Built-up  Area,19-Dec,Old Airport Road,3 BHK,,1379,3.0,0.0,172.37
Built-up  Area,Ready To Move,Wilson Garden,4 BHK,Society_75,2240,4.0,1.0,243.06
Built-up  Area,Ready To Move,Hennur Road,2 BHK,,935,3.0,1.0,64.02
Super built-up  Area,Ready To Move,Mysore Road,3 BHK,Society_179,1539 - 1639,3.0,1.0,84.0
Super built-up  Area,Ready To Move,Vasanth Nagar,3 BHK,,1225 - 1325,3.0,0.0,206.7
Built-up  Area,19-Dec,Basavanagudi,3 BHK,,1426,2.0,0.0,139.69
Built-up  Area,Ready To Move,Chikkaballapur Road,2 BHK,Society_59,1073,2.0,2.0,73.59
Carpet  Area,Ready To Move,Ulsoor,4 BHK,,2021 - 2121,4.0,1.0,247.15
Built-up  Area,22-Jan,Vasanth Nagar,3 BHK,,1327,4.0,1.0,180.57
Super built-up  Area,Ready To Move,Yeshwanthpur,3 BHK,,1384,4.0,3.0,78.03
Built-up  Area,Ready To Move,Banashankari,4 BHK,Society_182,2367,4.0,3.0,114.07
Super built-up  Area,19-Dec,Haralur Road,3 BHK,Society_12,1621,4.0,2.0,74.27
Super built-up  Area,19-Dec,Akshaya Nagar,1 BHK,Society_9,480,1.0,1.0,27.16
Carpet  Area,Ready To Move,Haralur Road,2 BHK,,1023 - 1123,2.0,2.0,69.67
Plot  Area,22-Jan,Domlur,2 BHK,,856,2.0,2.0,129.33
Super built-up  Area,Ready To Move,Bommanahalli,1 BHK,Society_88,711,1.0,1.0,31.47
Carpet  Area,22-Jan,JP Nagar,3 BHK,Society_149,1319,4.0,1.0,125.96
Super built-up  Area,19-Dec,JP Nagar,4 BHK,,2220,3.0,1.0,194.05
Plot  Area,22-Jan,MG Road,2 BHK,,1246 - 1346,3.0,2.0,289.92
Super built-up  Area,22-Jan,Rajaji Nagar,4 BHK,Society_58,2585,4.0,1.0,268.66
Super built-up  Area,22-Jan,Rajarajeshwari Nagara,2 BHK,Society_109,1197,2.0,0.0,79.63
Built-up  Area,Ready To Move,Bannerghatta Road,2 BHK,,1274,2.0,1.0,105.94
Built-up  Area,Ready To Move,Gottigere,3 BHK,Society_161,1261,2.0,3.0,54.35
Super built-up  Area,Ready To Move,Vijayanagar,3 BHK,,1523,2.0,2.0,82.36
Built-up  Area,Ready To Move,Rajaji Nagar,3 BHK,,1407 - 1507,4.0,2.0,158.58
Plot  Area,19-Dec,Basavanagudi,3 BHK,,1771,2.0,1.0,263.19
Built-up  Area,Ready To Move,Jakkur,3 BHK,,1481,3.0,2.0,67.77
Super built-up  Area,19-Dec,Banashankari,2 BHK,,882,2.0,1.0,54.24
Built-up  Area,22-Jan,Arekere,4 BHK,,2544,3.0,1.0,173.78
Built-up  Area,Ready To Move,Vijayanagar,3 BHK,,1275,3.0,2.0,69.22
Super built-up  Area,19-Dec,HSR Layout,4 BHK,Society_96,2557,4.0,2.0,210.7
Super built-up  Area,19-Dec,Adugodi,3 BHK,,1420,3.0,2.0,82.67
Super built-up  Area,Ready To Move,Mysore Road,3 BHK,Society_127,1710,3.0,2.0,109.15
Super built-up  Area,Ready To Move,Devanahalli,3 BHK,,1411,3.0,2.0,63.27
Plot  Area,22-Jan,Vasanth Nagar,3 BHK,Society_183,1533,3.0,0.0,222.98
Built-up  Area,Ready To Move,HRBR Layout,2 BHK,Society_51,823,2.0,2.0,59.02
Super built-up  Area,Ready To Move,Malleshwaram,3 BHK,,1494,3.0,3.0,211.23
Super built-up  Area,19-Dec,New BEL Road,2 BHK,,877,2.0,2.0,50.79
Built-up  Area,Ready To Move,Budigere Cross,2 BHK,,1067,2.0,0.0,55.6
Plot  Area,22-Jan,CV Raman Nagar,3 BHK,Society_83,1288 - 1388,3.0,0.0,91.05
Super built-up  Area,22-Jan,Mysore Road,3 BHK,,1407,3.0,1.0,68.65
Super built-up  Area,Ready To Move,Wilson Garden,3 BHK,,1257,3.0,1.0,137.64
Super built-up  Area,Ready To Move,KR Puram,4 BHK,,2195,4.0,2.0,135.85
Plot  Area,19-Dec,Jakkur,4 BHK,,2119,4.0,3.0,145.85
Built-up  Area,19-Dec,HBR Layout,3 BHK,,1593,3.0,2.0,106.14
Carpet  Area,19-Dec,Horamavu Agara,4 BHK,,2379,5.0,3.0,141.2
Plot  Area,19-Dec,Rajarajeshwari Nagara,2 BHK,Society_45,904,3.0,2.0,52.24
Plot  Area,19-Dec,Yeshwanthpur,3 BHK,,1322,2.0,2.0,87.79
Super built-up  Area,Ready To Move,Thanisandra Main Road,3 BHK,Society_106,1640,2.0,3.0,112.46
Built-up  Area,Ready To Move,Marathahalli,2 BHK,,835 - 935,3.0,2.0,47.66
Built-up  Area,Ready To Move,Kalyan Nagar,2 BHK,,1253,3.0,2.0,52.4
Super built-up  Area,Ready To Move,Nagarbhavi,2 BHK,,1057,2.0,2.0,55.69
Super built-up  Area,19-Dec,Girinagar,2 BHK,,1187,2.0,1.0,72.67
Built-up  Area,Ready To Move,Rajarajeshwari Nagara,2 BHK,Society_86,1008,1.0,1.0,65.07
Super built-up  Area,Ready To Move,Benson Town,2 BHK,Society_175,1263,2.0,0.0,94.17
Super built-up  Area,19-Dec,Mysore Road,2 BHK,Society_41,1205,2.0,1.0,61.8
Built-up  Area,22-Jan,Banashankari,2 BHK,,1284,2.0,2.0,101.62
Carpet  Area,22-Jan,Marathahalli,4 BHK,Society_197,2238,4.0,1.0,217.99
Built-up  Area,22-Jan,Kammanahalli,2 BHK,,1309,1.0,1.0,101.28
Super built-up  Area,Ready To Move,Gottigere,3 BHK,Society_133,1466 - 1566,2.0,1.0,69.91
Carpet  Area,Ready To Move,Padmanabhanagar,2 BHK,,1106 - 1206,3.0,0.0,62.46
Built-up  Area,19-Dec,Jigani,2 BHK,Society_71,1069,2.0,2.0,55.15
Plot  Area,22-Jan,Lavelle Road,3 BHK,,1771,2.0,1.0,380.5
Carpet  Area,Ready To Move,Vidyaranyapura,3 BHK,Society_197,1288 - 1388,3.0,1.0,75.47
Plot  Area,22-Jan,Chamrajpet,3 BHK,Society_182,1500 - 1600,3.0,3.0,116.16
Plot  Area,Ready To Move,Nayandahalli,3 BHK,Society_128,1346,2.0,1.0,109.98
Super built-up  Area,Ready To Move,Raja Rajeshwari Nagar,2 BHK,,1225,3.0,1.0,75.57
Built-up  Area,Ready To Move,Thanisandra,2 BHK,,1304,3.0,2.0,58.01
Built-up  Area,Ready To Move,Vijayanagar,2 BHK,Society_148,1316,2.0,2.0,68.12
Super built-up  Area,Ready To Move,Nagarbhavi,4 BHK,,2468,4.0,0.0,145.65
Super built-up  Area,Ready To Move,Old Airport Road,3 BHK,Society_195,1509,4.0,2.0,111.87
Plot  Area,Ready To Move,Horamavu Agara,4 BHK,Society_114,2536 - 2636,4.0,2.0,165.37
Super built-up  Area,22-Jan,Jakkur,4 BHK,,2579,4.0,2.0,182.75
Carpet  Area,22-Jan,Indira Nagar,3 BHK,Society_155,1747,3.0,0.0,297.0
Carpet  Area,Ready To Move,Devanahalli,3 BHK,,1322 - 1422,3.0,3.0,54.36
Super built-up  Area,22-Jan,Kudlu Gate,3 BHK,,1470,3.0,3.0,123.12
Built-up  Area,Ready To Move,Wilson Garden,2 BHK,,1099,3.0,1.0,113.22
Super built-up  Area,22-Jan,Brigade Road,3 BHK,,1328 - 1428,3.0,2.0,211.19
Super built-up  Area,22-Jan,BTM Layout,4 BHK,,2489,4.0,0.0,223.98
Super built-up  Area,Ready To Move,Devanahalli,1 BHK,Society_32,491 - 591,1.0,1.0,21.08
Built-up  Area,Ready To Move,Kanakapura Road,3 BHK,,1474,2.0,0.0,76.58
Built-up  Area,22-Jan,Hebbal,4 BHK,,2513,3.0,0.0,183.88
Carpet  Area,22-Jan,Vijayanagar,4 BHK,,2093,4.0,2.0,118.43
Super built-up  Area,Ready To Move,Chikkaballapur Road,2 BHK,,1215,3.0,1.0,70.11
Plot  Area,Ready To Move,Uttarahalli,1 BHK,Society_161,617,1.0,1.0,48.72
Super built-up  Area,Ready To Move,Whitefield,2 BHK,Society_53,1114,2.0,1.0,68.04
Super built-up  Area,Ready To Move,Thanisandra Main Road,3 BHK,,1562,4.0,2.0,63.25
Built-up  Area,Ready To Move,Lavelle Road,3 BHK,,1791,3.0,1.0,493.63
Carpet  Area,Ready To Move,Rachenahalli,3 BHK,,1743,3.0,0.0,126.17
Built-up  Area,Ready To Move,Bannerghatta Road,2 BHK,,811,2.0,2.0,56.88
Plot  Area,19-Dec,Attibele,4 BHK,,2273 - 2373,4.0,2.0,143.28
Super built-up  Area,Ready To Move,Cox Town,4 BHK,,2407,3.0,3.0,179.18
Super built-up  Area,22-Jan,Bellandur,3 BHK,,1411,3.0,3.0,96.52
Built-up  Area,22-Jan,Kudlu Gate,3 BHK,Society_67,1419,3.0,1.0,81.24
Super built-up  Area,Ready To Move,Sahakara Nagar,4 BHK,,2118,3.0,1.0,101.86
Built-up  Area,Ready To Move,Lavelle Road,2 BHK,,827,1.0,2.0,175.54
Super built-up  Area,19-Dec,Begur Road,1 BHK,Society_31,829,1.0,1.0,45.7
Built-up  Area,19-Dec,Hebbal,1 BHK,Society_18,767,2.0,1.0,88.26
Built-up  Area,Ready To Move,Ulsoor,3 BHK,Society_135,1287 - 1387,3.0,1.0,203.53
Plot  Area,Ready To Move,Hulimavu,3 BHK,,1465 - 1565,3.0,1.0,114.32
Built-up  Area,22-Jan,Kammanahalli,2 BHK,,827,2.0,1.0,67.41
Built-up  Area,19-Dec,JP Nagar,2 BHK,,1311,2.0,2.0,113.59
Built-up  Area,Ready To Move,Attibele,2 BHK,,950,1.0,2.0,68.19
Built-up  Area,19-Dec,Brigade Road,3 BHK,,1779,3.0,0.0,345.51
Built-up  Area,Ready To Move,Kumaraswamy Layout,4 BHK,Society_147,2244 - 2344,3.0,2.0,141.33
Built-up  Area,22-Jan,JP Nagar,2 BHK,Society_125,853 - 953,2.0,0.0,60.11
Built-up  Area,19-Dec,Narayanapura,3 BHK,,1660,2.0,2.0,99.09
Super built-up  Area,Ready To Move,JP Nagar,2 BHK,Society_23,1236 - 1336,1.0,2.0,117.88
Plot  Area,Ready To Move,CV Raman Nagar,1 BHK,,943,1.0,1.0,69.93
Super built-up  Area,Ready To Move,Arekere,4 BHK,,2190,3.0,1.0,135.38
Super built-up  Area,19-Dec,HBR Layout,3 BHK,,1703,3.0,0.0,118.83
Super built-up  Area,Ready To Move,Vijayanagar,3 BHK,Society_1,1400,3.0,1.0,90.02
Built-up  Area,19-Dec,Kammanahalli,4 BHK,,2139,5.0,3.0,121.41
Built-up  Area,19-Dec,Fraser Town,3 BHK,Society_94,1749,3.0,2.0,116.58
Super built-up  Area,Ready To Move,Indira Nagar,1 BHK,Society_39,831,1.0,0.0,162.36
Carpet  Area,19-Dec,Vasanth Nagar,4 BHK,Society_60,2426,4.0,2.0,297.54
Super built-up  Area,Ready To Move,Old Madras Road,3 BHK,,1369,3.0,2.0,77.04
Plot  Area,22-Jan,Brigade Road,5 BHK,Society_19,3881,4.0,1.0,875.85
Super built-up  Area,Ready To Move,Bellandur,3 BHK,,1363,3.0,1.0,111.63
Built-up  Area,19-Dec,HBR Layout,2 BHK,Society_14,1161,2.0,2.0,73.09
Super built-up  Area,Ready To Move,Padmanabhanagar,2 BHK,,959,3.0,2.0,66.15
Super built-up  Area,22-Jan,RT Nagar,2 BHK,,1332,2.0,1.0,70.92
Super built-up  Area,19-Dec,Thanisandra Main Road,3 BHK,,1375 - 1475,3.0,0.0,111.52
Plot  Area,22-Jan,Jayanagar,2 BHK,Society_161,1238 - 1338,2.0,1.0,158.9
Built-up  Area,Ready To Move,Kudlu Gate,3 BHK,,1634,2.0,1.0,81.34
Super built-up  Area,19-Dec,Vidyaranyapura,5 BHK,Society_51,3549,4.0,0.0,140.98
Carpet  Area,19-Dec,Yeshwanthpur,3 BHK,,1455 - 1555,3.0,2.0,93.95
Plot  Area,Ready To Move,Hulimavu,3 BHK,Society_47,1387,3.0,0.0,113.57
Built-up  Area,19-Dec,Old Madras Road,2 BHK,,923,3.0,2.0,57.06
Super built-up  Area,Ready To Move,Kogilu,3 BHK,Society_36,1704,3.0,0.0,100.65
Plot  Area,22-Jan,Rachenahalli,5 BHK,,3570,6.0,2.0,260.91
Carpet  Area,Ready To Move,Brigade Road,4 BHK,,2193,3.0,1.0,396.16
Super built-up  Area,Ready To Move,Kanakapura Road,3 BHK,,1756,2.0,1.0,99.89
Built-up  Area,22-Jan,Koramangala,3 BHK,,1734,3.0,1.0,226.89
Built-up  Area,Ready To Move,Kanakapura Road,4 BHK,,2406,4.0,1.0,125.2
Super built-up  Area,19-Dec,Basavanagudi,3 BHK,,1351,3.0,0.0,169.04
Super built-up  Area,Ready To Move,Jayanagar,4 BHK,,2247,3.0,1.0,264.41
Super built-up  Area,22-Jan,Vijayanagar,2 BHK,,1007,2.0,2.0,76.38
Built-up  Area,22-Jan,Basaveshwara Nagar,3 BHK,Society_150,1398,2.0,2.0,102.61
Built-up  Area,19-Dec,Hoodi,2 BHK,,1166,1.0,1.0,65.81
Built-up  Area,Ready To Move,Lingarajapuram,5 BHK,,3682,5.0,0.0,248.15
Built-up  Area,Ready To Move,Nagarbhavi,3 BHK,,1274,4.0,1.0,86.12
Super built-up  Area,19-Dec,Akshaya Nagar,4 BHK,,2079,4.0,0.0,127.05
Super built-up  Area,19-Dec,Laggere,4 BHK,,2413,3.0,3.0,144.19
Super built-up  Area,19-Dec,Indira Nagar,2 BHK,Society_137,921,3.0,1.0,164.06
Plot  Area,19-Dec,Girinagar,4 BHK,,2070 - 2170,4.0,1.0,190.19
Built-up  Area,Ready To Move,Wilson Garden,2 BHK,Society_35,882 - 982,2.0,1.0,83.75
Carpet  Area,22-Jan,Hoodi,3 BHK,,1583,3.0,0.0,80.35
Super built-up  Area,Ready To Move,Kogilu,4 BHK,,2545,4.0,2.0,145.39
Built-up  Area,Ready To Move,Devanahalli,3 BHK,Society_116,1364,2.0,1.0,69.33
Carpet  Area,Ready To Move,Hoodi,2 BHK,Society_124,969,2.0,2.0,69.22
Super built-up  Area,22-Jan,Rachenahalli,3 BHK,,1586,3.0,3.0,72.53
Built-up  Area,Ready To Move,Raja Rajeshwari Nagar,4 BHK,,2314,4.0,1.0,149.2
Plot  Area,Ready To Move,Banaswadi,1 BHK,Society_162,925,1.0,1.0,80.83
Built-up  Area,19-Dec,Brigade Road,5 BHK,,3758 - 3858,5.0,1.0,526.23
Carpet  Area,Ready To Move,Jakkur,5 BHK,,3574,5.0,1.0,218.48
Super built-up  Area,Ready To Move,Kengeri,4 BHK,,2364,4.0,3.0,133.18
Super built-up  Area,Ready To Move,Uttarahalli,3 BHK,,1558 - 1658,2.0,2.0,112.05
Built-up  Area,19-Dec,Kogilu,2 BHK,Society_37,890,3.0,1.0,56.13
Super built-up  Area,Ready To Move,Vijayanagar,3 BHK,Society_34,1556,3.0,1.0,105.62
Carpet  Area,19-Dec,Koramangala,3 BHK,,1429 - 1529,4.0,2.0,226.75
Carpet  Area,Ready To Move,Domlur,4 BHK,Society_24,2499,4.0,1.0,293.7
Built-up  Area,22-Jan,Magadi Road,4 BHK,Society_144,2403,4.0,1.0,99.26
Carpet  Area,Ready To Move,Brigade Road,2 BHK,,1134 - 1234,3.0,2.0,218.59
Super built-up  Area,Ready To Move,Yeshwanthpur,3 BHK,,1320,3.0,2.0,81.0
Super built-up  Area,19-Dec,Begur Road,5 BHK,Society_77,3686,5.0,1.0,189.72
Built-up  Area,22-Jan,Malleshwaram,3 BHK,,1683,3.0,1.0,201.87
Built-up  Area,Ready To Move,Mahadevapura,4 BHK,,2094,4.0,1.0,145.34
Built-up  Area,19-Dec,JP Nagar,3 BHK,,1542,4.0,1.0,119.56
Plot  Area,Ready To Move,Vasanth Nagar,4 BHK,Society_10,2214,4.0,2.0,393.78
Super built-up  Area,Ready To Move,HBR Layout,1 BHK,Society_42,874,2.0,1.0,52.23
Super built-up  Area,19-Dec,Richmond Town,3 BHK,Society_138,1321,4.0,2.0,145.77
Carpet  Area,Ready To Move,Devanahalli,1 BHK,,496,1.0,1.0,23.5
Built-up  Area,Ready To Move,Hennur Road,2 BHK,,994,2.0,1.0,64.61
Super built-up  Area,Ready To Move,Sadashiva Nagar,1 BHK,Society_131,547,1.0,1.0,75.38
Plot  Area,Ready To Move,Chamrajpet,3 BHK,Society_151,1451,3.0,1.0,108.48
Carpet  Area,19-Dec,Lavelle Road,3 BHK,,1468,3.0,2.0,271.79
Plot  Area,Ready To Move,Ulsoor,2 BHK,Society_84,886,2.0,1.0,115.69
Built-up  Area,22-Jan,Akshaya Nagar,3 BHK,Society_71,1511 - 1611,3.0,1.0,66.71
Super built-up  Area,Ready To Move,HSR Layout,3 BHK,,1576,4.0,1.0,113.16
Super built-up  Area,Ready To Move,Bannerghatta Road,3 BHK,Society_53,1667,3.0,2.0,98.15
Carpet  Area,Ready To Move,Kalyan Nagar,2 BHK,,1100,2.0,0.0,60.34
Built-up  Area,Ready To Move,Nagarbhavi,3 BHK,Society_95,1559 - 1659,4.0,1.0,107.9
Super built-up  Area,Ready To Move,Begur Road,3 BHK,,1431 - 1531,3.0,2.0,116.33
Built-up  Area,Ready To Move,Kogilu,3 BHK,,1480,3.0,0.0,85.16
Plot  Area,Ready To Move,KR Puram,4 BHK,Society_146,2072,4.0,3.0,141.66
Carpet  Area,Ready To Move,Ejipura,3 BHK,Society_34,1732,2.0,3.0,148.33
Built-up  Area,Ready To Move,Ramamurthy Nagar,4 BHK,,2557,4.0,3.0,160.07
Super built-up  Area,19-Dec,Anekal,2 BHK,,1088,2.0,1.0,37.85
Super built-up  Area,22-Jan,Koramangala,2 BHK,,828,2.0,2.0,123.0
Super built-up  Area,19-Dec,Cunningham Road,3 BHK,Society_118,1587,3.0,2.0,255.91
Carpet  Area,19-Dec,Kanakapura Road,2 BHK,Society_80,970,1.0,2.0,46.63
Super built-up  Area,Ready To Move,Budigere Cross,3 BHK,,1518,3.0,1.0,95.96
Super built-up  Area,Ready To Move,Akshaya Nagar,1 BHK,,830,2.0,1.0,39.99
Built-up  Area,22-Jan,Jigani,3 BHK,Society_91,1773,2.0,2.0,103.38
Plot  Area,Ready To Move,Electronic City,3 BHK,,1268,3.0,1.0,96.4
Super built-up  Area,Ready To Move,Raja Rajeshwari Nagar,3 BHK,,1287,3.0,2.0,73.67
Built-up  Area,19-Dec,Uttarahalli,3 BHK,,1784,3.0,3.0,109.4
Super built-up  Area,Ready To Move,JP Nagar,4 BHK,Society_102,2290,4.0,3.0,170.25
Plot  Area,22-Jan,Ramamurthy Nagar,4 BHK,,2573,5.0,1.0,196.71
Built-up  Area,19-Dec,Fraser Town,5 BHK,,3563,6.0,3.0,207.85
Built-up  Area,22-Jan,Bommasandra,3 BHK,,1410,4.0,0.0,65.92
Built-up  Area,Ready To Move,Girinagar,4 BHK,,2374,3.0,2.0,129.63
Super built-up  Area,22-Jan,Jayanagar,2 BHK,,1217,1.0,1.0,162.74
Super built-up  Area,Ready To Move,Rajaji Nagar,4 BHK,Society_111,2110,4.0,1.0,201.34
Carpet  Area,19-Dec,Domlur,4 BHK,,2180,4.0,2.0,253.71
Super built-up  Area,Ready To Move,Kudlu Gate,3 BHK,,1788,3.0,0.0,83.18
Plot  Area,Ready To Move,Budigere Cross,3 BHK,Society_132,1734,3.0,0.0,112.74
Carpet  Area,19-Dec,Basavanagudi,1 BHK,Society_91,786,1.0,1.0,94.65
Plot  Area,Ready To Move,HBR Layout,2 BHK,Society_58,1020,2.0,2.0,85.04
Super built-up  Area,Ready To Move,Budigere Cross,3 BHK,,1470,3.0,0.0,99.3
Carpet  Area,Ready To Move,Kadugodi,5 BHK,,3871,6.0,3.0,225.22
Super built-up  Area,22-Jan,Magadi Road,2 BHK,,891,2.0,0.0,49.13
Plot  Area,Ready To Move,HSR Layout,5 BHK,Society_173,3390,6.0,1.0,354.67
Built-up  Area,19-Dec,Nayandahalli,4 BHK,,2537,3.0,0.0,121.98
Built-up  Area,Ready To Move,Sadashiva Nagar,1 BHK,Society_168,465,1.0,1.0,86.58
Super built-up  Area,22-Jan,Attibele,3 BHK,,1598,3.0,2.0,88.96
Super built-up  Area,19-Dec,Vijayanagar,2 BHK,,1153,2.0,2.0,72.88
Super built-up  Area,Ready To Move,Kasturi Nagar,3 BHK,,1613,3.0,3.0,106.33
Super built-up  Area,Ready To Move,Dasarahalli,1 BHK,,548,1.0,1.0,32.33
Built-up  Area,22-Jan,Sahakara Nagar,3 BHK,,1682,3.0,1.0,99.63
Super built-up  Area,19-Dec,Kudlu Gate,3 BHK,Society_197,1424 - 1524,3.0,1.0,80.17
Built-up  Area,19-Dec,Hennur Road,2 BHK,,874 - 974,3.0,1.0,61.67
Built-up  Area,Ready To Move,Hosa Road,2 BHK,Society_57,1300,2.0,1.0,69.84
Super built-up  Area,22-Jan,Benson Town,2 BHK,,1208,2.0,2.0,71.5
Built-up  Area,22-Jan,Jalahalli,3 BHK,,1626,3.0,2.0,96.52
Plot  Area,Ready To Move,Hebbal,4 BHK,,2126,4.0,0.0,236.93
Carpet  Area,19-Dec,Brigade Road,5 BHK,Society_80,3797,5.0,0.0,609.47
Super built-up  Area,Ready To Move,Banaswadi,4 BHK,Society_103,2056 - 2156,4.0,0.0,141.81
Plot  Area,19-Dec,Wilson Garden,2 BHK,Society_25,1269,2.0,2.0,113.08
Plot  Area,Ready To Move,Peenya,4 BHK,,2388,5.0,0.0,166.05
Super built-up  Area,Ready To Move,Vijayanagar,3 BHK,,1630,3.0,0.0,111.54
Built-up  Area,22-Jan,Gottigere,3 BHK,Society_162,1551 - 1651,2.0,3.0,99.02
Built-up  Area,Ready To Move,Wilson Garden,2 BHK,Society_30,996,2.0,2.0,90.35
Super built-up  Area,19-Dec,Hormavu,2 BHK,,1159,2.0,2.0,62.91
Plot  Area,Ready To Move,Electronic City,4 BHK,,2388,4.0,2.0,146.33
Super built-up  Area,19-Dec,Girinagar,5 BHK,,3472,4.0,3.0,279.76
Plot  Area,Ready To Move,Bellandur,3 BHK,,1577,3.0,1.0,204.87
Plot  Area,22-Jan,Hoodi,3 BHK,Society_79,1778,4.0,3.0,124.4
Super built-up  Area,19-Dec,Bellandur,3 BHK,Society_149,1252,4.0,2.0,96.71
Super built-up  Area,22-Jan,Old Airport Road,3 BHK,,1394,3.0,3.0,164.41
Super built-up  Area,22-Jan,Chikkaballapur Road,2 BHK,Society_131,972 - 1072,2.0,0.0,72.28
Super built-up  Area,22-Jan,Lavelle Road,1 BHK,Society_180,467 - 567,2.0,1.0,154.5
Built-up  Area,Ready To Move,Richmond Town,3 BHK,,1628,3.0,2.0,234.3
Super built-up  Area,Ready To Move,Wilson Garden,3 BHK,,1255,3.0,0.0,139.06
Plot  Area,Ready To Move,Haralur Road,5 BHK,,3851,5.0,1.0,322.03
Super built-up  Area,Ready To Move,Ejipura,1 BHK,Society_105,839,1.0,1.0,69.1
Plot  Area,19-Dec,Horamavu Agara,4 BHK,,2402,5.0,2.0,175.52
Carpet  Area,Ready To Move,BTM Layout,2 BHK,,1212,2.0,1.0,117.49
Super built-up  Area,22-Jan,Wilson Garden,3 BHK,,1652,2.0,0.0,142.92
Super built-up  Area,19-Dec,Bannerghatta Road,4 BHK,,2589,4.0,1.0,187.99
Built-up  Area,19-Dec,Yelahanka,3 BHK,,1272,4.0,1.0,78.89
Built-up  Area,Ready To Move,Ulsoor,3 BHK,Society_92,1685,3.0,1.0,216.3
Super built-up  Area,Ready To Move,Kumaraswamy Layout,2 BHK,Society_134,1209,2.0,2.0,64.9
Super built-up  Area,22-Jan,Nayandahalli,5 BHK,Society_40,3556,5.0,2.0,184.06
Super built-up  Area,Ready To Move,Mysore Road,4 BHK,Society_126,2448,4.0,0.0,138.95
Super built-up  Area,Ready To Move,Kumaraswamy Layout,2 BHK,,1136,2.0,2.0,57.09
Carpet  Area,22-Jan,Jakkur,3 BHK,,1635,4.0,1.0,106.43
Super built-up  Area,19-Dec,Akshaya Nagar,3 BHK,,1334,4.0,3.0,70.07
Super built-up  Area,19-Dec,Richmond Town,2 BHK,,1181,2.0,1.0,175.85
Super built-up  Area,19-Dec,Peenya,2 BHK,,1316,3.0,1.0,78.09
Carpet  Area,19-Dec,Haralur Road,2 BHK,Society_12,1132 - 1232,1.0,0.0,90.75
Built-up  Area,22-Jan,Peenya,3 BHK,Society_152,1704 - 1804,2.0,0.0,98.35
Built-up  Area,Ready To Move,Vasanth Nagar,3 BHK,Society_193,1442,4.0,1.0,165.93
Super built-up  Area,19-Dec,Kammanahalli,3 BHK,,1692 - 1792,3.0,2.0,90.38
Carpet  Area,Ready To Move,Hennur Road,4 BHK,,2308,4.0,3.0,138.89
Built-up  Area,22-Jan,Cox Town,4 BHK,Society_138,2207,4.0,1.0,119.54
Super built-up  Area,19-Dec,Raja Rajeshwari Nagar,2 BHK,Society_137,1067,2.0,2.0,69.62
Built-up  Area,19-Dec,Hulimavu,3 BHK,,1704,2.0,3.0,109.29
Super built-up  Area,Ready To Move,Thanisandra Main Road,3 BHK,Society_21,1304,2.0,3.0,75.7
Super built-up  Area,Ready To Move,Laggere,3 BHK,Society_136,1324,3.0,2.0,84.93
Built-up  Area,22-Jan,Cunningham Road,2 BHK,Society_36,951,3.0,2.0,123.19
Built-up  Area,Ready To Move,Begur Road,3 BHK,,1602,3.0,3.0,111.38
Built-up  Area,Ready To Move,Chamrajpet,3 BHK,Society_50,1698,3.0,0.0,117.11
Super built-up  Area,Ready To Move,Padmanabhanagar,4 BHK,,2235,4.0,1.0,150.41
Super built-up  Area,22-Jan,Cunningham Road,3 BHK,Society_54,1337,3.0,2.0,219.13
Carpet  Area,Ready To Move,Devanahalli,3 BHK,,1651,3.0,0.0,75.29
Built-up  Area,22-Jan,Wilson Garden,3 BHK,,1596,3.0,0.0,122.25
Super built-up  Area,Ready To Move,Anekal,3 BHK,Society_111,1364,3.0,1.0,50.03
Super built-up  Area,Ready To Move,Arekere,3 BHK,Society_187,1507,4.0,1.0,85.36
Super built-up  Area,19-Dec,Old Airport Road,3 BHK,,1744 - 1844,4.0,2.0,167.51
Super built-up  Area,Ready To Move,Budigere Cross,2 BHK,,1283,2.0,2.0,81.93
Super built-up  Area,22-Jan,Hebbal,3 BHK,Society_53,1582,4.0,3.0,174.06
Plot  Area,22-Jan,JP Nagar,3 BHK,,1282,3.0,2.0,106.17
Super built-up  Area,22-Jan,Bommasandra,2 BHK,,891,2.0,2.0,50.3
Plot  Area,22-Jan,Sarjapur Road,4 BHK,,2502,4.0,2.0,148.98
Super built-up  Area,Ready To Move,Nagarbhavi,4 BHK,,2410,3.0,3.0,151.78
Built-up  Area,22-Jan,Kammanahalli,3 BHK,,1545,3.0,1.0,94.36
Plot  Area,Ready To Move,CV Raman Nagar,3 BHK,,1387,3.0,1.0,96.37
Built-up  Area,22-Jan,Sahakara Nagar,5 BHK,Society_182,3598,5.0,2.0,221.51
Carpet  Area,Ready To Move,Domlur,2 BHK,Society_5,1026,2.0,0.0,116.9
Super built-up  Area,Ready To Move,Ulsoor,3 BHK,Society_114,1639,2.0,0.0,195.68
Super built-up  Area,19-Dec,Ulsoor,2 BHK,,1063,2.0,2.0,101.37
Super built-up  Area,19-Dec,Peenya,3 BHK,,1539,4.0,1.0,115.19
Super built-up  Area,22-Jan,Narayanapura,4 BHK,,2373,5.0,3.0,152.55
Super built-up  Area,Ready To Move,Chamrajpet,4 BHK,Society_16,2442,4.0,1.0,146.32
Built-up  Area,Ready To Move,Raja Rajeshwari Nagar,4 BHK,,2066,5.0,0.0,126.99
Carpet  Area,Ready To Move,RT Nagar,2 BHK,Society_62,1224,1.0,1.0,48.94
Built-up  Area,19-Dec,Kengeri,5 BHK,,3789,5.0,2.0,229.3
Super built-up  Area,Ready To Move,Nagarbhavi,4 BHK,,2263,4.0,0.0,171.72
Super built-up  Area,Ready To Move,HBR Layout,4 BHK,Society_153,2225,3.0,3.0,134.48
Super built-up  Area,Ready To Move,Hennur Road,3 BHK,,1542,3.0,1.0,102.51
Plot  Area,22-Jan,Indira Nagar,3 BHK,,1607,2.0,1.0,276.48
Plot  Area,19-Dec,Basavanagudi,3 BHK,Society_120,1626,3.0,1.0,212.83
Super built-up  Area,Ready To Move,Old Airport Road,5 BHK,Society_85,3506,4.0,1.0,325.61
Super built-up  Area,Ready To Move,Nayandahalli,1 BHK,,947,1.0,1.0,53.86
Carpet  Area,22-Jan,Richmond Town,4 BHK,Society_186,2331,4.0,2.0,260.0
Super built-up  Area,Ready To Move,Padmanabhanagar,2 BHK,,1313,3.0,2.0,57.24
Super built-up  Area,19-Dec,Hormavu,3 BHK,,1746,3.0,2.0,96.76
Super built-up  Area,19-Dec,Horamavu Agara,3 BHK,,1606,4.0,2.0,102.63
Super built-up  Area,22-Jan,Kudlu Gate,2 BHK,Society_49,925,2.0,1.0,52.59
Super built-up  Area,22-Jan,Bellandur,3 BHK,Society_146,1576,3.0,2.0,107.6
Super built-up  Area,22-Jan,Marathahalli,4 BHK,Society_9,2529,5.0,2.0,199.02
Super built-up  Area,19-Dec,Thanisandra,3 BHK,,1295,3.0,2.0,76.78
Plot  Area,Ready To Move,Hebbal,5 BHK,Society_192,3828,5.0,0.0,426.83
Super built-up  Area,19-Dec,Chikkaballapur Road,3 BHK,Society_33,1750,3.0,1.0,112.19
Super built-up  Area,22-Jan,Uttarahalli,2 BHK,Society_33,952,2.0,2.0,53.5
Super built-up  Area,Ready To Move,Uttarahalli,4 BHK,Society_33,2080,5.0,1.0,130.23
Super built-up  Area,Ready To Move,Sahakara Nagar,5 BHK,,3777 - 3877,5.0,2.0,233.56
Built-up  Area,22-Jan,Whitefield,1 BHK,,769,2.0,1.0,41.73
Super built-up  Area,Ready To Move,Yeshwanthpur,2 BHK,Society_114,875,1.0,2.0,66.4
Plot  Area,19-Dec,New BEL Road,3 BHK,,1314,3.0,3.0,75.76
Super built-up  Area,Ready To Move,Kadugodi,4 BHK,Society_103,2390,3.0,2.0,138.23
Plot  Area,Ready To Move,RT Nagar,2 BHK,Society_113,998,3.0,1.0,69.44
Plot  Area,Ready To Move,Nagarbhavi,2 BHK,,1049,2.0,1.0,78.06
Built-up  Area,Ready To Move,Begur Road,4 BHK,,2211,4.0,1.0,182.69
Built-up  Area,22-Jan,Jigani,4 BHK,Society_92,2297,4.0,2.0,126.65
Built-up  Area,Ready To Move,Old Madras Road,4 BHK,,2572,4.0,1.0,158.28
Super built-up  Area,19-Dec,Ulsoor,3 BHK,,1691,3.0,1.0,208.55
Super built-up  Area,19-Dec,Cunningham Road,2 BHK,Society_59,990,3.0,1.0,126.15
Built-up  Area,Ready To Move,Old Madras Road,2 BHK,,1098 - 1198,3.0,1.0,84.01
Built-up  Area,Ready To Move,Whitefield,2 BHK,,1267,2.0,1.0,86.86
Built-up  Area,Ready To Move,Bellandur,2 BHK,Society_19,1240,3.0,0.0,114.09
Super built-up  Area,Ready To Move,Bagalur,2 BHK,,892,3.0,2.0,54.22
Super built-up  Area,Ready To Move,Domlur,2 BHK,Society_197,1039 - 1139,2.0,0.0,149.55
Super built-up  Area,19-Dec,Nayandahalli,3 BHK,,1735,3.0,1.0,93.94
Plot  Area,Ready To Move,Chikkaballapur Road,3 BHK,Society_138,1582,2.0,2.0,105.84
Super built-up  Area,22-Jan,CV Raman Nagar,3 BHK,Society_114,1704,3.0,1.0,116.29
Built-up  Area,Ready To Move,Budigere Cross,3 BHK,Society_107,1394,2.0,3.0,106.75
Plot  Area,Ready To Move,Rachenahalli,5 BHK,Society_27,3569,5.0,2.0,257.9
Plot  Area,Ready To Move,Ejipura,4 BHK,,2344,4.0,2.0,183.01
Built-up  Area,19-Dec,Nayandahalli,3 BHK,,1257 - 1357,3.0,0.0,70.08
Plot  Area,Ready To Move,Padmanabhanagar,4 BHK,Society_57,2554,5.0,1.0,165.99
Carpet  Area,Ready To Move,Jakkur,3 BHK,Society_26,1451,4.0,1.0,78.59
Built-up  Area,Ready To Move,Bommasandra,2 BHK,,820,2.0,2.0,45.27
Built-up  Area,Ready To Move,Peenya,1 BHK,Society_19,790 - 890,1.0,1.0,43.11
Super built-up  Area,19-Dec,Thanisandra,1 BHK,,418,1.0,1.0,22.41
Carpet  Area,19-Dec,Nayandahalli,3 BHK,,1577,3.0,0.0,96.52
Built-up  Area,22-Jan,Kasturi Nagar,3 BHK,Society_42,1540,3.0,1.0,111.45
Built-up  Area,Ready To Move,Cox Town,4 BHK,Society_78,2051,4.0,0.0,120.57
Plot  Area,19-Dec,Rajarajeshwari Nagara,2 BHK,,1143 - 1243,2.0,2.0,85.38
Super built-up  Area,Ready To Move,Kalyan Nagar,4 BHK,Society_103,2100,4.0,2.0,133.67
Carpet  Area,Ready To Move,Kalyan Nagar,4 BHK,,2548,4.0,1.0,142.47
Built-up  Area,22-Jan,Banashankari,3 BHK,Society_40,1278,3.0,2.0,87.37
Carpet  Area,22-Jan,Nayandahalli,3 BHK,Society_139,1556,4.0,2.0,109.35
Built-up  Area,Ready To Move,Lavelle Road,4 BHK,,2324 - 2424,5.0,2.0,522.66
Built-up  Area,Ready To Move,Kogilu,3 BHK,,1229 - 1329,3.0,3.0,87.25
Plot  Area,22-Jan,Jigani,2 BHK,,879,1.0,1.0,74.69
Super built-up  Area,22-Jan,Lavelle Road,4 BHK,Society_191,2503,5.0,2.0,536.52
Super built-up  Area,Ready To Move,Horamavu Agara,2 BHK,,1083,3.0,2.0,68.43
Built-up  Area,Ready To Move,RT Nagar,2 BHK,,1229,2.0,2.0,77.8
Super built-up  Area,Ready To Move,Lingarajapuram,2 BHK,Society_106,1315,2.0,0.0,79.49
Super built-up  Area,22-Jan,Chandapura,4 BHK,Society_101,2099 - 2199,4.0,1.0,92.3
Built-up  Area,Ready To Move,HBR Layout,4 BHK,Society_47,2356,5.0,1.0,153.8
Carpet  Area,Ready To Move,Domlur,3 BHK,,1526,2.0,2.0,137.02
Super built-up  Area,Ready To Move,Nagarbhavi,2 BHK,Society_47,820,3.0,2.0,52.43
Carpet  Area,22-Jan,Ejipura,3 BHK,,1797,3.0,1.0,187.33
Super built-up  Area,19-Dec,Sarjapur Road,4 BHK,,2221,5.0,3.0,131.73
Carpet  Area,Ready To Move,RT Nagar,2 BHK,Society_54,1007,2.0,2.0,60.09
Super built-up  Area,Ready To Move,Laggere,1 BHK,,853,1.0,1.0,49.36
Super built-up  Area,19-Dec,Thanisandra,2 BHK,Society_189,1024,2.0,2.0,54.35
Super built-up  Area,Ready To Move,Peenya,3 BHK,,1610,3.0,0.0,103.58
Super built-up  Area,Ready To Move,Sarjapur Road,4 BHK,Society_133,2512,5.0,1.0,159.2
Super built-up  Area,Ready To Move,Malleshwaram,3 BHK,,1660,3.0,0.0,256.82
Plot  Area,Ready To Move,Ejipura,1 BHK,,853,1.0,1.0,82.68
Super built-up  Area,Ready To Move,Devanahalli,4 BHK,,2319,4.0,1.0,113.15
Super built-up  Area,22-Jan,Thanisandra,2 BHK,Society_3,992,1.0,2.0,63.94
Built-up  Area,Ready To Move,Magadi Road,4 BHK,Society_144,2107,5.0,0.0,128.38
Built-up  Area,Ready To Move,Nagarbhavi,3 BHK,,1453,4.0,1.0,113.09
Super built-up  Area,Ready To Move,Bommasandra,3 BHK,,1715,3.0,1.0,130.22
Super built-up  Area,Ready To Move,HRBR Layout,4 BHK,Society_42,2064,4.0,2.0,118.64
Super built-up  Area,Ready To Move,Ramamurthy Nagar,3 BHK,Society_101,1384,3.0,2.0,89.8
Super built-up  Area,Ready To Move,Kumaraswamy Layout,2 BHK,,1161,2.0,0.0,77.01
Super built-up  Area,Ready To Move,Vijayanagar,3 BHK,,1268,2.0,1.0,86.63
Plot  Area,Ready To Move,Raja Rajeshwari Nagar,2 BHK,,1327,1.0,2.0,80.81
Super built-up  Area,Ready To Move,Vasanth Nagar,4 BHK,,2146,4.0,3.0,245.2
Super built-up  Area,Ready To Move,Raja Rajeshwari Nagar,3 BHK,,1599,3.0,1.0,88.18
Built-up  Area,Ready To Move,Sahakara Nagar,4 BHK,,2517,5.0,1.0,138.91
Built-up  Area,Ready To Move,Fraser Town,3 BHK,Society_5,1588,4.0,2.0,99.46
Super built-up  Area,22-Jan,Hosa Road,2 BHK,,881,3.0,1.0,57.79
Super built-up  Area,22-Jan,Girinagar,5 BHK,,3573,5.0,1.0,270.81
Super built-up  Area,19-Dec,Ulsoor,3 BHK,,1498,2.0,1.0,139.75
Super built-up  Area,22-Jan,Hosa Road,3 BHK,,1708,3.0,3.0,102.03
Carpet  Area,19-Dec,Kammanahalli,2 BHK,,1239,2.0,2.0,78.11
Super built-up  Area,Ready To Move,Jakkur,3 BHK,Society_37,1377,4.0,1.0,112.03
Super built-up  Area,Ready To Move,Wilson Garden,4 BHK,,2487,4.0,2.0,230.3
Super built-up  Area,Ready To Move,Vidyaranyapura,2 BHK,Society_119,925,2.0,1.0,62.48
Super built-up  Area,19-Dec,HSR Layout,4 BHK,,2278,4.0,2.0,210.79
Super built-up  Area,Ready To Move,Whitefield,2 BHK,,1069,2.0,1.0,63.11
Super built-up  Area,Ready To Move,Akshaya Nagar,4 BHK,,2216,4.0,1.0,122.67
Built-up  Area,Ready To Move,Cunningham Road,3 BHK,,1296,3.0,3.0,184.9
Super built-up  Area,Ready To Move,Fraser Town,4 BHK,Society_9,2458,4.0,2.0,133.03
Built-up  Area,Ready To Move,Hosa Road,4 BHK,,2117,4.0,2.0,124.81
Built-up  Area,22-Jan,Chamrajpet,3 BHK,,1614,2.0,0.0,117.35
Super built-up  Area,Ready To Move,Lingarajapuram,4 BHK,,2369,5.0,1.0,116.56
Plot  Area,Ready To Move,Ejipura,1 BHK,Society_58,658,1.0,1.0,64.19
Plot  Area,19-Dec,Kanakapura Road,2 BHK,,895,2.0,2.0,54.59
Super built-up  Area,Ready To Move,Attibele,2 BHK,Society_24,1325,2.0,2.0,82.6
Super built-up  Area,Ready To Move,Horamavu Agara,5 BHK,,3369 - 3469,5.0,1.0,166.14
Super built-up  Area,Ready To Move,Nagarbhavi,4 BHK,,2586,4.0,0.0,168.69
Super built-up  Area,Ready To Move,RT Nagar,5 BHK,,3815,5.0,2.0,238.67
Super built-up  Area,22-Jan,Banaswadi,3 BHK,,1710,3.0,1.0,110.02
Built-up  Area,Ready To Move,Ramamurthy Nagar,2 BHK,Society_58,967,2.0,1.0,71.47
Super built-up  Area,Ready To Move,Banashankari,2 BHK,Society_187,1280,2.0,2.0,68.88
Super built-up  Area,Ready To Move,Rajarajeshwari Nagara,3 BHK,Society_10,1283 - 1383,4.0,3.0,66.32
Plot  Area,Ready To Move,MG Road,3 BHK,,1339,3.0,2.0,272.84
Super built-up  Area,Ready To Move,Kogilu,2 BHK,,1287 - 1387,2.0,1.0,66.35
Plot  Area,Ready To Move,Chandapura,3 BHK,Society_149,1682,3.0,3.0,78.6
Plot  Area,Ready To Move,Raja Rajeshwari Nagar,4 BHK,,2515 - 2615,3.0,1.0,163.06
Super built-up  Area,22-Jan,Peenya,3 BHK,Society_178,1374,4.0,3.0,104.8
Built-up  Area,22-Jan,Kammanahalli,4 BHK,Society_44,2533,4.0,3.0,124.06
Built-up  Area,Ready To Move,Banaswadi,2 BHK,Society_15,803,1.0,1.0,56.2
Super built-up  Area,Ready To Move,Uttarahalli,2 BHK,,1135,3.0,2.0,76.84
Super built-up  Area,Ready To Move,Kalyan Nagar,2 BHK,,1349,3.0,2.0,78.97
Super built-up  Area,Ready To Move,Vijayanagar,5 BHK,,3694,5.0,3.0,207.38
Super built-up  Area,22-Jan,Bommanahalli,2 BHK,,755 - 855,1.0,1.0,45.54
Super built-up  Area,19-Dec,Chandapura,5 BHK,Society_94,3803,5.0,0.0,182.22
Super built-up  Area,Ready To Move,RT Nagar,3 BHK,,1709,3.0,2.0,104.4
Built-up  Area,Ready To Move,Kammanahalli,3 BHK,Society_102,1323,3.0,0.0,82.6
Carpet  Area,Ready To Move,Jakkur,3 BHK,Society_152,1341 - 1441,3.0,2.0,73.49
Super built-up  Area,Ready To Move,HRBR Layout,2 BHK,,1049 - 1149,1.0,0.0,58.48
Built-up  Area,19-Dec,Hulimavu,2 BHK,,1004 - 1104,2.0,2.0,63.63
Super built-up  Area,Ready To Move,Kogilu,4 BHK,Society_79,2316,5.0,1.0,164.11
Built-up  Area,22-Jan,Basaveshwara Nagar,3 BHK,,1273,4.0,2.0,84.84
Built-up  Area,Ready To Move,Kogilu,2 BHK,,752 - 852,2.0,2.0,51.55
Built-up  Area,19-Dec,Kalyan Nagar,1 BHK,,880,1.0,1.0,44.1
Super built-up  Area,22-Jan,Vasanth Nagar,5 BHK,,3669,5.0,1.0,526.24
Super built-up  Area,Ready To Move,Vijayanagar,3 BHK,,1657 - 1757,3.0,1.0,115.44
Super built-up  Area,22-Jan,Ulsoor,3 BHK,,1429,3.0,2.0,211.15
Built-up  Area,Ready To Move,Jayanagar,2 BHK,,982,2.0,1.0,142.21
Carpet  Area,19-Dec,Kammanahalli,4 BHK,,2389,5.0,1.0,141.23
Super built-up  Area,22-Jan,Kadugodi,3 BHK,Society_27,1502,3.0,2.0,82.88
Super built-up  Area,Ready To Move,HRBR Layout,2 BHK,Society_175,844,2.0,2.0,45.67
Super built-up  Area,22-Jan,Rajarajeshwari Nagara,4 BHK,Society_95,2594,5.0,0.0,145.7
Super built-up  Area,Ready To Move,Peenya,3 BHK,Society_88,1720,3.0,1.0,121.5
Super built-up  Area,Ready To Move,Hormavu,3 BHK,Society_143,1523,2.0,3.0,70.41
Built-up  Area,Ready To Move,HRBR Layout,3 BHK,,1467,4.0,0.0,73.86
Built-up  Area,22-Jan,Electronic City,3 BHK,,1331,2.0,2.0,75.37
Carpet  Area,19-Dec,Ulsoor,2 BHK,Society_82,1348,2.0,0.0,157.1
Built-up  Area,22-Jan,Vidyaranyapura,3 BHK,Society_50,1756,3.0,2.0,123.72
Built-up  Area,Ready To Move,Malleshwaram,4 BHK,Society_125,2180 - 2280,4.0,3.0,229.7
Built-up  Area,Ready To Move,Jalahalli,2 BHK,Society_118,961,2.0,0.0,46.68
Super built-up  Area,Ready To Move,Fraser Town,3 BHK,,1290 - 1390,4.0,1.0,95.33
Carpet  Area,Ready To Move,Kumaraswamy Layout,3 BHK,,1776,2.0,1.0,118.57
Plot  Area,Ready To Move,Hormavu,4 BHK,,2588,5.0,0.0,173.07
Plot  Area,Ready To Move,New BEL Road,4 BHK,,2195,4.0,3.0,139.52
Super built-up  Area,Ready To Move,Sahakara Nagar,3 BHK,,1377,3.0,2.0,78.11
Plot  Area,19-Dec,Brigade Road,2 BHK,Society_158,929 - 1029,2.0,2.0,170.42
Carpet  Area,19-Dec,Ulsoor,2 BHK,,920 - 1020,3.0,0.0,83.73
Plot  Area,19-Dec,Hebbal,3 BHK,Society_52,1793,2.0,1.0,179.92
Plot  Area,Ready To Move,Vidyaranyapura,3 BHK,,1585,3.0,1.0,116.29
Super built-up  Area,19-Dec,CV Raman Nagar,3 BHK,Society_43,1392,2.0,0.0,100.12
Super built-up  Area,19-Dec,Mysore Road,1 BHK,Society_70,820,1.0,1.0,53.72
Super built-up  Area,Ready To Move,Yelahanka,3 BHK,Society_154,1653,2.0,1.0,77.81
Built-up  Area,Ready To Move,MG Road,3 BHK,,1403,3.0,2.0,217.73
Built-up  Area,Ready To Move,Horamavu Agara,3 BHK,,1587,3.0,1.0,90.14
Carpet  Area,19-Dec,Kudlu Gate,2 BHK,,1275,2.0,1.0,86.79
Built-up  Area,Ready To Move,Sahakara Nagar,2 BHK,,1184,1.0,2.0,72.12
Super built-up  Area,Ready To Move,Begur Road,4 BHK,Society_10,2319,4.0,1.0,135.77
Super built-up  Area,Ready To Move,Rajarajeshwari Nagara,2 BHK,,1186,3.0,0.0,74.19
Built-up  Area,Ready To Move,Dasarahalli,3 BHK,,1475,2.0,2.0,85.05
Carpet  Area,Ready To Move,Hosa Road,3 BHK,,1724 - 1824,3.0,1.0,65.14
Super built-up  Area,22-Jan,Hormavu,2 BHK,,1242,3.0,0.0,68.99
Super built-up  Area,Ready To Move,Bommasandra,2 BHK,,1078 - 1178,3.0,1.0,72.44
Carpet  Area,Ready To Move,Peenya,2 BHK,Society_138,1178,3.0,2.0,65.74
Super built-up  Area,Ready To Move,Devanahalli,3 BHK,Society_158,1742 - 1842,4.0,1.0,65.5
Super built-up  Area,Ready To Move,Mysore Road,4 BHK,,2393,3.0,3.0,145.7
Carpet  Area,Ready To Move,Thanisandra,2 BHK,,1035,1.0,2.0,54.45
Super built-up  Area,Ready To Move,Mahadevapura,1 BHK,Society_160,621 - 721,2.0,1.0,48.95
Super built-up  Area,22-Jan,Hosa Road,2 BHK,,969,3.0,2.0,62.88
Super built-up  Area,Ready To Move,Kanakapura Road,2 BHK,,1084,2.0,1.0,73.06
Carpet  Area,Ready To Move,Marathahalli,3 BHK,Society_83,1287,3.0,3.0,93.44
Plot  Area,Ready To Move,Vidyaranyapura,3 BHK,,1645,3.0,0.0,130.15
Super built-up  Area,22-Jan,Hosa Road,3 BHK,Society_96,1463,3.0,2.0,99.09
Super built-up  Area,Ready To Move,Vijayanagar,2 BHK,Society_185,1304,2.0,2.0,69.29
Super built-up  Area,19-Dec,Hennur Road,3 BHK,Society_56,1312 - 1412,3.0,2.0,80.16
Super built-up  Area,19-Dec,Indira Nagar,3 BHK,Society_124,1643,3.0,2.0,272.55
Plot  Area,Ready To Move,Old Airport Road,3 BHK,,1753,4.0,1.0,164.31
Super built-up  Area,Ready To Move,Hebbal,2 BHK,Society_6,1087,2.0,1.0,107.01
Built-up  Area,19-Dec,Koramangala,3 BHK,Society_26,1420,3.0,1.0,179.31
Super built-up  Area,Ready To Move,MG Road,2 BHK,Society_3,837,3.0,2.0,138.54
Built-up  Area,Ready To Move,Akshaya Nagar,3 BHK,Society_133,1416,2.0,1.0,75.69
Plot  Area,22-Jan,Marathahalli,4 BHK,Society_62,2461,3.0,0.0,203.75
Super built-up  Area,Ready To Move,HBR Layout,3 BHK,,1746,2.0,1.0,129.67
Built-up  Area,Ready To Move,Sadashiva Nagar,4 BHK,Society_97,2210,4.0,1.0,315.61
Super built-up  Area,Ready To Move,Brigade Road,2 BHK,,1050,2.0,2.0,175.65
Built-up  Area,Ready To Move,Benson Town,1 BHK,Society_106,854,1.0,0.0,62.62
Built-up  Area,Ready To Move,Lingarajapuram,2 BHK,,1082,1.0,1.0,71.88
Carpet  Area,22-Jan,Wilson Garden,3 BHK,,1488,3.0,2.0,135.48
Plot  Area,Ready To Move,KR Puram,1 BHK,Society_79,811,2.0,0.0,48.89
Super built-up  Area,19-Dec,Basavanagudi,3 BHK,Society_39,1793,4.0,2.0,234.24
Built-up  Area,Ready To Move,Chamrajpet,3 BHK,,1741,3.0,0.0,106.7
Super built-up  Area,19-Dec,Banaswadi,3 BHK,Society_119,1254,3.0,3.0,87.68
Super built-up  Area,19-Dec,Bellandur,4 BHK,Society_69,2213,3.0,2.0,175.21
Super built-up  Area,22-Jan,Lingarajapuram,3 BHK,,1208 - 1308,4.0,3.0,76.06
Built-up  Area,22-Jan,Kanakapura Road,2 BHK,,1184 - 1284,3.0,2.0,64.88
Plot  Area,Ready To Move,Chamrajpet,5 BHK,,3791,5.0,1.0,249.15
Plot  Area,Ready To Move,Cunningham Road,4 BHK,,2249,4.0,1.0,385.71
Super built-up  Area,Ready To Move,Mahadevapura,3 BHK,,1321,2.0,2.0,74.97
Plot  Area,Ready To Move,Sarjapur Road,2 BHK,,1191,3.0,2.0,84.13
Plot  Area,22-Jan,Brigade Road,3 BHK,,1499,2.0,0.0,209.09
Built-up  Area,19-Dec,Ulsoor,3 BHK,,1340,3.0,3.0,181.19
Super built-up  Area,Ready To Move,Wilson Garden,2 BHK,Society_185,1142,2.0,2.0,110.25
Built-up  Area,Ready To Move,Kasturi Nagar,3 BHK,Society_116,1730,4.0,2.0,95.11
Built-up  Area,Ready To Move,Gottigere,4 BHK,Society_111,2387,4.0,2.0,146.67
Built-up  Area,Ready To Move,Dasarahalli,2 BHK,Society_56,862,1.0,2.0,65.41
Built-up  Area,22-Jan,Sarjapur Road,4 BHK,Society_45,2410,4.0,3.0,156.81
Built-up  Area,22-Jan,Sahakara Nagar,3 BHK,,1336,3.0,2.0,83.87
Built-up  Area,22-Jan,Bellandur,2 BHK,Society_79,831,2.0,0.0,68.66
Super built-up  Area,Ready To Move,Benson Town,2 BHK,,862,3.0,1.0,45.19
Built-up  Area,Ready To Move,Hoodi,1 BHK,Society_39,834 - 934,1.0,1.0,49.48
Super built-up  Area,Ready To Move,Domlur,3 BHK,Society_17,1631,2.0,2.0,175.6
Super built-up  Area,Ready To Move,RT Nagar,3 BHK,,1776,3.0,2.0,103.1
Plot  Area,22-Jan,Kumaraswamy Layout,2 BHK,Society_36,810,2.0,2.0,48.64
Super built-up  Area,Ready To Move,Ulsoor,4 BHK,Society_114,2148,4.0,2.0,226.21
Plot  Area,22-Jan,Kanakapura Road,4 BHK,,2576,4.0,2.0,162.96
Super built-up  Area,Ready To Move,Rajarajeshwari Nagara,3 BHK,Society_137,1722,2.0,1.0,91.57
Built-up  Area,Ready To Move,Bommanahalli,3 BHK,Society_62,1259 - 1359,3.0,2.0,67.17
Super built-up  Area,Ready To Move,Sarjapur Road,3 BHK,Society_144,1542,2.0,3.0,76.23
Super built-up  Area,22-Jan,Vasanth Nagar,5 BHK,Society_22,3561,6.0,2.0,476.12
Built-up  Area,22-Jan,Attibele,1 BHK,Society_99,449,1.0,1.0,25.61
Built-up  Area,Ready To Move,Fraser Town,3 BHK,,1441,4.0,1.0,69.62
Super built-up  Area,Ready To Move,Kogilu,2 BHK,Society_132,1078,3.0,1.0,58.19
Super built-up  Area,Ready To Move,Hulimavu,3 BHK,,1612,4.0,3.0,114.52
Super built-up  Area,Ready To Move,Electronic City,2 BHK,Society_21,981,2.0,1.0,52.72
Built-up  Area,Ready To Move,Basavanagudi,4 BHK,,2442,5.0,0.0,313.16
Super built-up  Area,22-Jan,KR Puram,4 BHK,,2431,4.0,2.0,179.78
Built-up  Area,Ready To Move,HSR Layout,2 BHK,,1095,3.0,1.0,97.09
Built-up  Area,22-Jan,Ramamurthy Nagar,2 BHK,Society_7,879,2.0,1.0,47.46
Built-up  Area,Ready To Move,Basavanagudi,1 BHK,,930,1.0,1.0,102.7
Super built-up  Area,Ready To Move,Yeshwanthpur,2 BHK,,1006,3.0,2.0,61.7
Built-up  Area,Ready To Move,Rajarajeshwari Nagara,4 BHK,,2071,4.0,2.0,136.87
Built-up  Area,Ready To Move,Anekal,4 BHK,,2295,3.0,3.0,95.43
Built-up  Area,19-Dec,BTM Layout,3 BHK,,1548,3.0,0.0,101.03
Super built-up  Area,Ready To Move,Kogilu,2 BHK,,891,3.0,2.0,53.02
Carpet  Area,Ready To Move,Hormavu,3 BHK,,1332 - 1432,2.0,0.0,74.01
Built-up  Area,Ready To Move,Ulsoor,4 BHK,,2507,5.0,2.0,246.23
Plot  Area,Ready To Move,Thanisandra,3 BHK,Society_6,1320,3.0,1.0,82.72
Carpet  Area,Ready To Move,Hosa Road,4 BHK,Society_34,2182,3.0,2.0,134.26
Super built-up  Area,Ready To Move,Horamavu Agara,2 BHK,Society_26,921,1.0,2.0,56.71
Built-up  Area,Ready To Move,Basaveshwara Nagar,2 BHK,,1320,3.0,0.0,94.93
Plot  Area,Ready To Move,Kammanahalli,3 BHK,Society_13,1658,3.0,0.0,156.19
Carpet  Area,Ready To Move,Hulimavu,4 BHK,,2361,5.0,0.0,140.46
Super built-up  Area,Ready To Move,Hormavu,3 BHK,,1311 - 1411,2.0,0.0,105.31
Carpet  Area,Ready To Move,Hennur Road,4 BHK,Society_88,2463 - 2563,4.0,1.0,164.99
Super built-up  Area,Ready To Move,Bellandur,3 BHK,,1320,4.0,3.0,99.35
Super built-up  Area,Ready To Move,Bannerghatta Road,2 BHK,,1216,1.0,2.0,79.53
Plot  Area,Ready To Move,HSR Layout,3 BHK,,1377 - 1477,3.0,2.0,109.83
Carpet  Area,22-Jan,Sarjapur Road,2 BHK,,888,2.0,1.0,55.02
Super built-up  Area,19-Dec,Indira Nagar,4 BHK,,2223,4.0,2.0,332.87
Carpet  Area,Ready To Move,Girinagar,2 BHK,,876,1.0,2.0,49.33
Super built-up  Area,22-Jan,JP Nagar,3 BHK,,1766,2.0,0.0,175.58
Built-up  Area,22-Jan,Anekal,3 BHK,Society_45,1785,3.0,1.0,65.85
Super built-up  Area,Ready To Move,Sarjapur Road,3 BHK,,1457,3.0,2.0,60.19
Plot  Area,Ready To Move,Jakkur,1 BHK,,610,1.0,1.0,49.23
Super built-up  Area,Ready To Move,HBR Layout,4 BHK,,2132,3.0,0.0,141.35
Built-up  Area,22-Jan,Begur Road,4 BHK,,2442 - 2542,3.0,2.0,142.34
Built-up  Area,19-Dec,Mysore Road,4 BHK,Society_22,2059,5.0,1.0,135.35
Super built-up  Area,Ready To Move,Vasanth Nagar,3 BHK,Society_83,1536,2.0,3.0,216.47
Plot  Area,Ready To Move,Mysore Road,2 BHK,,1129,2.0,1.0,62.77
Plot  Area,Ready To Move,Domlur,3 BHK,,1442,3.0,3.0,164.19
Super built-up  Area,Ready To Move,Kasturi Nagar,4 BHK,,2414,5.0,2.0,162.31
Carpet  Area,Ready To Move,Kogilu,3 BHK,,1576,4.0,2.0,84.56
Super built-up  Area,Ready To Move,Kengeri,2 BHK,Society_104,854 - 954,3.0,2.0,66.39
Super built-up  Area,22-Jan,Mahadevapura,2 BHK,,1069,2.0,2.0,72.38
Plot  Area,Ready To Move,Banaswadi,3 BHK,,1292 - 1392,3.0,3.0,87.21
Super built-up  Area,19-Dec,Kanakapura Road,3 BHK,,1694,4.0,0.0,84.29
Carpet  Area,Ready To Move,New BEL Road,3 BHK,,1708,3.0,3.0,103.83
Super built-up  Area,Ready To Move,Bannerghatta Road,2 BHK,Society_199,1092,2.0,2.0,66.42
Built-up  Area,22-Jan,Vasanth Nagar,2 BHK,,886,2.0,2.0,116.57
Super built-up  Area,Ready To Move,Budigere Cross,3 BHK,Society_82,1385,3.0,3.0,77.9
Super built-up  Area,Ready To Move,Benson Town,3 BHK,Society_189,1709,3.0,1.0,100.81
Super built-up  Area,Ready To Move,Thanisandra Main Road,4 BHK,Society_168,2101,5.0,0.0,114.49
Built-up  Area,Ready To Move,Kudlu Gate,4 BHK,Society_96,2521,4.0,1.0,153.07
Super built-up  Area,19-Dec,Electronic City,4 BHK,,2535,4.0,1.0,117.35
Super built-up  Area,22-Jan,Narayanapura,3 BHK,,1490,3.0,1.0,91.87
Super built-up  Area,Ready To Move,Bagalur,2 BHK,,1295,2.0,1.0,67.83
Built-up  Area,Ready To Move,HBR Layout,2 BHK,Society_176,980,2.0,0.0,65.65
Plot  Area,Ready To Move,Nayandahalli,3 BHK,,1683,3.0,0.0,85.77
Built-up  Area,22-Jan,Girinagar,3 BHK,Society_75,1386,3.0,1.0,89.27
Built-up  Area,22-Jan,Akshaya Nagar,4 BHK,,2140,5.0,0.0,115.79
Carpet  Area,Ready To Move,Peenya,3 BHK,,1715 - 1815,2.0,1.0,94.39
Plot  Area,Ready To Move,Kumaraswamy Layout,4 BHK,,2399,4.0,2.0,234.18
Plot  Area,Ready To Move,Lavelle Road,2 BHK,,890,3.0,2.0,154.35
Plot  Area,19-Dec,Uttarahalli,2 BHK,Society_144,939,3.0,1.0,69.36
Plot  Area,Ready To Move,Raja Rajeshwari Nagar,3 BHK,,1451,3.0,1.0,99.54
Plot  Area,Ready To Move,Nagarbhavi,4 BHK,,2217,5.0,2.0,157.23
Super built-up  Area,22-Jan,Chamrajpet,3 BHK,Society_140,1544,4.0,0.0,107.04
Built-up  Area,22-Jan,Wilson Garden,3 BHK,,1500,2.0,3.0,148.31
Built-up  Area,22-Jan,Yeshwanthpur,5 BHK,,3864,5.0,0.0,274.52
Built-up  Area,Ready To Move,Kanakapura Road,3 BHK,Society_104,1427 - 1527,3.0,3.0,71.55
Plot  Area,19-Dec,Kammanahalli,1 BHK,Society_190,809,1.0,0.0,55.26
Super built-up  Area,Ready To Move,Laggere,3 BHK,Society_82,1292,3.0,2.0,84.85
Super built-up  Area,Ready To Move,Jigani,3 BHK,Society_73,1662,2.0,2.0,87.62
Built-up  Area,Ready To Move,Chamrajpet,4 BHK,,2222 - 2322,3.0,2.0,147.32
Super built-up  Area,Ready To Move,MG Road,2 BHK,Society_177,981,3.0,0.0,134.56
Super built-up  Area,19-Dec,Hosa Road,4 BHK,,2557,5.0,3.0,121.27
Built-up  Area,22-Jan,Cox Town,4 BHK,,2194,4.0,1.0,120.69
Built-up  Area,19-Dec,Begur Road,2 BHK,,960,2.0,2.0,57.93
Built-up  Area,Ready To Move,Kammanahalli,5 BHK,,3474,4.0,0.0,183.56
Carpet  Area,22-Jan,Chikkaballapur Road,2 BHK,Society_28,979 - 1079,3.0,2.0,64.66
Built-up  Area,19-Dec,Laggere,3 BHK,,1668,3.0,1.0,123.81
Plot  Area,22-Jan,Nagarbhavi,2 BHK,Society_181,915,2.0,2.0,74.01
Built-up  Area,19-Dec,Horamavu Agara,2 BHK,Society_84,1131,2.0,2.0,79.85
Super built-up  Area,Ready To Move,Jakkur,3 BHK,,1706,3.0,1.0,104.93
Super built-up  Area,Ready To Move,Hoodi,4 BHK,,2359,3.0,1.0,110.57
Plot  Area,22-Jan,Ulsoor,3 BHK,Society_36,1437,3.0,0.0,185.1
Carpet  Area,19-Dec,Wilson Garden,3 BHK,Society_198,1264,2.0,2.0,145.31
Plot  Area,Ready To Move,RT Nagar,4 BHK,Society_28,2149 - 2249,5.0,2.0,160.06
Carpet  Area,19-Dec,Gottigere,3 BHK,,1535,2.0,1.0,99.05
Built-up  Area,Ready To Move,Jakkur,4 BHK,,2272,4.0,3.0,159.91
Built-up  Area,Ready To Move,Lingarajapuram,4 BHK,,2486 - 2586,3.0,2.0,189.46
Built-up  Area,Ready To Move,Hormavu,2 BHK,,1020,2.0,2.0,55.5
Super built-up  Area,19-Dec,Chikkaballapur Road,2 BHK,Society_124,1252,2.0,2.0,80.49
Built-up  Area,Ready To Move,Marathahalli,1 BHK,,471,1.0,1.0,30.32
Super built-up  Area,Ready To Move,Padmanabhanagar,3 BHK,,1285,3.0,1.0,68.99
Super built-up  Area,Ready To Move,Thanisandra Main Road,5 BHK,Society_41,3600,4.0,2.0,244.83
Super built-up  Area,19-Dec,Kogilu,2 BHK,,1332,1.0,1.0,77.74
Plot  Area,Ready To Move,Electronic City,2 BHK,Society_39,1100,2.0,1.0,49.48
Super built-up  Area,Ready To Move,Basaveshwara Nagar,3 BHK,,1685,3.0,3.0,64.55
Super built-up  Area,Ready To Move,Indira Nagar,3 BHK,Society_110,1426,4.0,1.0,210.34
Built-up  Area,19-Dec,Narayanapura,3 BHK,,1259,3.0,3.0,68.58
Carpet  Area,Ready To Move,Ejipura,3 BHK,Society_45,1477,2.0,3.0,133.41
Super built-up  Area,22-Jan,Dasarahalli,3 BHK,,1678 - 1778,4.0,1.0,118.84
Built-up  Area,Ready To Move,Mysore Road,3 BHK,Society_95,1603,2.0,1.0,90.52
Built-up  Area,19-Dec,Hulimavu,3 BHK,Society_11,1605,3.0,3.0,86.88
Plot  Area,Ready To Move,Devanahalli,4 BHK,,2220,4.0,1.0,105.05
Built-up  Area,Ready To Move,Akshaya Nagar,4 BHK,,2115,4.0,2.0,145.11
Carpet  Area,19-Dec,Yelahanka,2 BHK,Society_187,1061,2.0,2.0,67.56
Super built-up  Area,Ready To Move,Hormavu,4 BHK,,2300,4.0,2.0,117.63
Super built-up  Area,Ready To Move,Sahakara Nagar,1 BHK,Society_108,486,2.0,0.0,26.31
Built-up  Area,22-Jan,Kumaraswamy Layout,2 BHK,Society_9,856,2.0,1.0,54.16
Super built-up  Area,22-Jan,KR Puram,3 BHK,,1715,3.0,0.0,72.96
Super built-up  Area,19-Dec,Thanisandra Main Road,3 BHK,,1482,3.0,2.0,85.9
Built-up  Area,Ready To Move,Banashankari,2 BHK,,1125,2.0,2.0,72.11
Carpet  Area,19-Dec,Nagarbhavi,4 BHK,Society_178,2435,5.0,3.0,141.24
Super built-up  Area,22-Jan,Ramamurthy Nagar,3 BHK,,1600,3.0,2.0,90.27
Super built-up  Area,19-Dec,New BEL Road,2 BHK,,1187,2.0,2.0,75.11
Built-up  Area,19-Dec,Kalyan Nagar,3 BHK,,1374,3.0,0.0,92.26
Super built-up  Area,Ready To Move,Kasturi Nagar,4 BHK,,2056 - 2156,5.0,0.0,127.41
Super built-up  Area,19-Dec,Basavanagudi,3 BHK,Society_39,1496,2.0,2.0,166.96
Built-up  Area,Ready To Move,Adugodi,1 BHK,Society_185,485,1.0,1.0,28.75
Carpet  Area,19-Dec,Jalahalli,2 BHK,Society_65,1174,3.0,0.0,80.84
Super built-up  Area,Ready To Move,Akshaya Nagar,3 BHK,,1662,4.0,2.0,132.33
Super built-up  Area,Ready To Move,Budigere Cross,3 BHK,,1460,3.0,3.0,71.59
Built-up  Area,19-Dec,HBR Layout,3 BHK,Society_20,1570 - 1670,4.0,2.0,74.41
Carpet  Area,Ready To Move,Yeshwanthpur,4 BHK,,2578,5.0,1.0,164.37
Carpet  Area,Ready To Move,Vasanth Nagar,4 BHK,,2324 - 2424,4.0,3.0,412.16
Super built-up  Area,22-Jan,Lingarajapuram,3 BHK,Society_157,1264,4.0,1.0,85.41
Carpet  Area,Ready To Move,Hormavu,2 BHK,,1078,2.0,0.0,63.48
Carpet  Area,22-Jan,Padmanabhanagar,3 BHK,Society_44,1311,3.0,1.0,75.66
Super built-up  Area,Ready To Move,Hormavu,1 BHK,,491,2.0,1.0,26.48
Super built-up  Area,22-Jan,Old Airport Road,3 BHK,,1720,2.0,0.0,202.65
Built-up  Area,22-Jan,Budigere Cross,2 BHK,Society_18,1172 - 1272,3.0,2.0,93.04
Plot  Area,Ready To Move,Jalahalli,2 BHK,Society_22,856,3.0,1.0,76.43
Built-up  Area,19-Dec,Thanisandra Main Road,4 BHK,Society_106,2422,4.0,1.0,214.71
Built-up  Area,Ready To Move,Hoodi,2 BHK,,1011,1.0,2.0,64.53
Super built-up  Area,Ready To Move,Banashankari,3 BHK,Society_77,1635,3.0,1.0,96.09
Built-up  Area,19-Dec,Richmond Town,3 BHK,Society_140,1374,4.0,0.0,201.42
Plot  Area,Ready To Move,Cox Town,2 BHK,,1014,1.0,2.0,58.12
Plot  Area,Ready To Move,Cox Town,2 BHK,Society_92,1064,1.0,1.0,65.3
Plot  Area,19-Dec,JP Nagar,2 BHK,,1307,2.0,2.0,147.33
Super built-up  Area,Ready To Move,Cunningham Road,3 BHK,,1357,3.0,1.0,244.79
Super built-up  Area,Ready To Move,Ejipura,2 BHK,,1117,2.0,2.0,99.46
Super built-up  Area,19-Dec,Rajaji Nagar,3 BHK,,1608,3.0,1.0,132.41
Built-up  Area,Ready To Move,Lavelle Road,3 BHK,,1498,3.0,1.0,230.37
Built-up  Area,22-Jan,Haralur Road,3 BHK,,1252,3.0,0.0,70.24
Carpet  Area,22-Jan,Rajarajeshwari Nagara,3 BHK,Society_188,1278,3.0,0.0,88.34
Built-up  Area,Ready To Move,Mahadevapura,3 BHK,Society_165,1693,2.0,3.0,97.86
Plot  Area,19-Dec,Horamavu Agara,2 BHK,,1195 - 1295,1.0,2.0,86.3
Super built-up  Area,Ready To Move,Begur Road,2 BHK,Society_142,1216,2.0,2.0,82.51
Plot  Area,Ready To Move,BTM Layout,3 BHK,,1776,4.0,1.0,175.34
Built-up  Area,22-Jan,RT Nagar,4 BHK,Society_54,2241,4.0,3.0,140.29
Super built-up  Area,Ready To Move,Banashankari,4 BHK,,2169,4.0,1.0,104.98
Super built-up  Area,22-Jan,Nayandahalli,3 BHK,,1798,2.0,3.0,84.5
Super built-up  Area,Ready To Move,Arekere,3 BHK,,1498,3.0,2.0,81.37
Carpet  Area,Ready To Move,Kudlu Gate,3 BHK,,1438,3.0,2.0,83.09
Super built-up  Area,22-Jan,CV Raman Nagar,4 BHK,,2327,4.0,2.0,120.17
Super built-up  Area,Ready To Move,Yelahanka,3 BHK,,1305,3.0,2.0,74.04
Carpet  Area,Ready To Move,Gottigere,2 BHK,Society_143,880,2.0,1.0,46.23
Built-up  Area,22-Jan,Kumaraswamy Layout,2 BHK,,1304,3.0,2.0,78.29
Built-up  Area,Ready To Move,Haralur Road,3 BHK,,1448,3.0,2.0,82.2
Carpet  Area,Ready To Move,Yelahanka,3 BHK,,1464,2.0,2.0,94.11
Carpet  Area,Ready To Move,Lingarajapuram,3 BHK,Society_190,1495,2.0,1.0,88.68
Plot  Area,Ready To Move,Lingarajapuram,2 BHK,,1121,3.0,1.0,62.08
Built-up  Area,Ready To Move,Anekal,2 BHK,,1173,3.0,1.0,44.39
Super built-up  Area,19-Dec,Rachenahalli,4 BHK,,2226,4.0,2.0,117.98
Built-up  Area,19-Dec,Kanakapura Road,3 BHK,Society_5,1457,4.0,3.0,99.08
Super built-up  Area,19-Dec,Rajaji Nagar,5 BHK,,3370 - 3470,5.0,0.0,398.74
Super built-up  Area,19-Dec,Akshaya Nagar,3 BHK,,1646,2.0,2.0,107.89
Plot  Area,Ready To Move,Jigani,2 BHK,,1227 - 1327,2.0,0.0,55.08
Super built-up  Area,Ready To Move,Hulimavu,5 BHK,Society_194,3620,6.0,1.0,212.19
Super built-up  Area,Ready To Move,Hennur Road,3 BHK,,1750,3.0,1.0,106.19
Carpet  Area,Ready To Move,Girinagar,3 BHK,,1521,3.0,1.0,70.77
Plot  Area,Ready To Move,Old Airport Road,2 BHK,Society_57,872,1.0,0.0,97.61
Built-up  Area,19-Dec,Thanisandra,1 BHK,,546,1.0,1.0,32.91
Carpet  Area,Ready To Move,Ramamurthy Nagar,3 BHK,,1670,2.0,0.0,92.75
Built-up  Area,Ready To Move,Electronic City,3 BHK,,1565,3.0,3.0,69.36
Super built-up  Area,Ready To Move,Brigade Road,5 BHK,,3367,4.0,2.0,567.06
Built-up  Area,22-Jan,Basavanagudi,2 BHK,,1125,3.0,2.0,74.3
Super built-up  Area,Ready To Move,Malleshwaram,3 BHK,Society_159,1608 - 1708,2.0,3.0,227.84
Super built-up  Area,Ready To Move,Sarjapur Road,5 BHK,Society_163,3440,5.0,1.0,245.73
Super built-up  Area,Ready To Move,Anekal,4 BHK,Society_184,2486 - 2586,4.0,3.0,88.79
Built-up  Area,Ready To Move,Richmond Town,2 BHK,,894,2.0,2.0,126.16
Built-up  Area,Ready To Move,HBR Layout,3 BHK,Society_161,1781,3.0,3.0,102.75
Super built-up  Area,22-Jan,Vijayanagar,3 BHK,,1209 - 1309,3.0,0.0,91.05
Built-up  Area,22-Jan,CV Raman Nagar,4 BHK,,2207 - 2307,4.0,2.0,127.39
Built-up  Area,19-Dec,Hennur Road,3 BHK,Society_31,1314 - 1414,4.0,2.0,58.44
Super built-up  Area,19-Dec,Wilson Garden,4 BHK,,2373,4.0,1.0,265.7
Plot  Area,22-Jan,Kammanahalli,2 BHK,Society_106,983,2.0,2.0,63.3
Super built-up  Area,19-Dec,Raja Rajeshwari Nagar,3 BHK,,1385,2.0,1.0,72.55
Super built-up  Area,22-Jan,Vijayanagar,3 BHK,Society_11,1251 - 1351,4.0,2.0,66.13
Super built-up  Area,Ready To Move,HBR Layout,3 BHK,,1650,3.0,2.0,96.12
Built-up  Area,22-Jan,Magadi Road,3 BHK,,1207 - 1307,2.0,1.0,73.16
Built-up  Area,Ready To Move,Girinagar,4 BHK,,2363,5.0,2.0,158.87
Super built-up  Area,Ready To Move,Devanahalli,4 BHK,Society_75,2599,4.0,0.0,121.55
Super built-up  Area,19-Dec,Adugodi,2 BHK,Society_98,874,2.0,0.0,66.77
Super built-up  Area,Ready To Move,Sahakara Nagar,2 BHK,Society_155,1163,2.0,1.0,59.37
Super built-up  Area,Ready To Move,Begur Road,4 BHK,,2293,4.0,2.0,160.55
Super built-up  Area,Ready To Move,Marathahalli,3 BHK,,1423,3.0,2.0,108.52
Super built-up  Area,Ready To Move,Sahakara Nagar,4 BHK,Society_70,2144,5.0,1.0,94.75
Built-up  Area,Ready To Move,Budigere Cross,1 BHK,Society_102,883 - 983,1.0,1.0,64.14
Super built-up  Area,Ready To Move,Kanakapura Road,3 BHK,,1586,3.0,2.0,111.74
Super built-up  Area,22-Jan,Vasanth Nagar,2 BHK,Society_46,1095,2.0,2.0,169.66
Super built-up  Area,Ready To Move,Kengeri,3 BHK,,1610,3.0,3.0,92.42
Built-up  Area,19-Dec,Kengeri,2 BHK,Society_80,1183,2.0,2.0,54.32
Carpet  Area,19-Dec,Anekal,2 BHK,,1187 - 1287,3.0,0.0,32.1
Super built-up  Area,22-Jan,Yelahanka,2 BHK,Society_35,1333,3.0,1.0,82.95
Super built-up  Area,Ready To Move,Hennur Road,2 BHK,,1001,2.0,1.0,58.17
Built-up  Area,22-Jan,Kasturi Nagar,4 BHK,,2375,3.0,2.0,136.36
Built-up  Area,Ready To Move,Kammanahalli,4 BHK,Society_95,2526,3.0,1.0,124.67
Built-up  Area,22-Jan,Fraser Town,3 BHK,Society_181,1779,2.0,2.0,105.33
Super built-up  Area,19-Dec,KR Puram,4 BHK,,2309 - 2409,4.0,1.0,143.88
Super built-up  Area,Ready To Move,Bellandur,4 BHK,Society_119,2439,4.0,0.0,212.41
Built-up  Area,Ready To Move,Horamavu Agara,5 BHK,Society_90,3390 - 3490,6.0,1.0,202.85
Super built-up  Area,19-Dec,Hennur Road,3 BHK,,1388,3.0,2.0,92.82
Built-up  Area,Ready To Move,Lavelle Road,2 BHK,Society_42,1012,1.0,2.0,211.96
Super built-up  Area,Ready To Move,Kanakapura Road,3 BHK,,1633,2.0,2.0,112.38
Built-up  Area,19-Dec,Uttarahalli,3 BHK,,1629,2.0,1.0,98.54
Built-up  Area,22-Jan,Old Airport Road,2 BHK,Society_127,863 - 963,2.0,2.0,83.27
Super built-up  Area,19-Dec,Magadi Road,3 BHK,Society_158,1638 - 1738,3.0,1.0,97.34
Built-up  Area,Ready To Move,Hormavu,2 BHK,,863,3.0,2.0,50.18
Built-up  Area,Ready To Move,Bommasandra,3 BHK,Society_97,1306,3.0,2.0,82.86
Built-up  Area,Ready To Move,Haralur Road,3 BHK,,1635 - 1735,2.0,2.0,83.87
Carpet  Area,Ready To Move,Basavanagudi,2 BHK,Society_110,977,2.0,1.0,114.74
Super built-up  Area,Ready To Move,Hebbal,4 BHK,Society_168,2276 - 2376,4.0,1.0,220.08
Built-up  Area,19-Dec,Malleshwaram,3 BHK,Society_34,1521,4.0,0.0,223.13
Plot  Area,22-Jan,Akshaya Nagar,3 BHK,Society_50,1547,3.0,2.0,154.07
Super built-up  Area,Ready To Move,KR Puram,2 BHK,Society_30,922,2.0,2.0,57.74
Built-up  Area,Ready To Move,Bagalur,3 BHK,,1472 - 1572,2.0,1.0,103.53
Built-up  Area,Ready To Move,Benson Town,4 BHK,Society_4,2479,4.0,2.0,126.89
Plot  Area,22-Jan,Ulsoor,2 BHK,Society_37,1090 - 1190,2.0,1.0,158.75
Plot  Area,22-Jan,Kalyan Nagar,3 BHK,,1446 - 1546,2.0,1.0,129.81
Built-up  Area,Ready To Move,Cox Town,2 BHK,,818,2.0,1.0,41.96
Super built-up  Area,Ready To Move,Electronic City,2 BHK,,1274,2.0,1.0,69.62
Carpet  Area,Ready To Move,Yelahanka,3 BHK,Society_180,1728,2.0,2.0,133.12
Super built-up  Area,Ready To Move,Narayanapura,1 BHK,Society_177,526,1.0,1.0,31.94
Built-up  Area,Ready To Move,Laggere,4 BHK,,2562,4.0,1.0,169.57
Built-up  Area,19-Dec,Devanahalli,4 BHK,,2363 - 2463,4.0,3.0,101.79
Super built-up  Area,Ready To Move,Sadashiva Nagar,2 BHK,,1132,2.0,2.0,156.64
Plot  Area,22-Jan,Brigade Road,2 BHK,,795 - 895,2.0,1.0,134.49
Built-up  Area,Ready To Move,Vijayanagar,4 BHK,,2371,5.0,2.0,149.69
Built-up  Area,Ready To Move,Attibele,3 BHK,,1339,2.0,1.0,83.66
Plot  Area,Ready To Move,Electronic City,4 BHK,Society_128,2375,3.0,2.0,103.1
Super built-up  Area,22-Jan,Yeshwanthpur,4 BHK,Society_173,2318 - 2418,4.0,1.0,142.19
Super built-up  Area,Ready To Move,Raja Rajeshwari Nagar,3 BHK,,1269,3.0,2.0,75.18
Built-up  Area,22-Jan,Varthur,2 BHK,,1306,3.0,0.0,80.77
Plot  Area,Ready To Move,Indira Nagar,4 BHK,,2142,3.0,2.0,304.97
Super built-up  Area,22-Jan,Laggere,3 BHK,Society_28,1505,3.0,3.0,84.04
Super built-up  Area,Ready To Move,Indira Nagar,3 BHK,,1457,2.0,3.0,184.62
Built-up  Area,22-Jan,Varthur,4 BHK,,2353,5.0,0.0,136.73
Built-up  Area,Ready To Move,Chandapura,3 BHK,Society_153,1381,3.0,0.0,57.56
Super built-up  Area,Ready To Move,Vidyaranyapura,5 BHK,,3523,5.0,1.0,140.08
Built-up  Area,Ready To Move,Vasanth Nagar,4 BHK,,2327,5.0,2.0,270.19
Carpet  Area,22-Jan,Attibele,3 BHK,,1348,3.0,1.0,85.98
Super built-up  Area,19-Dec,Brigade Road,3 BHK,Society_126,1785,3.0,1.0,347.93
Super built-up  Area,19-Dec,Narayanapura,3 BHK,Society_130,1692,2.0,2.0,87.32
Plot  Area,Ready To Move,Girinagar,3 BHK,Society_107,1383,3.0,0.0,103.74
Super built-up  Area,Ready To Move,Anekal,2 BHK,,941,2.0,2.0,41.37
Carpet  Area,Ready To Move,Basaveshwara Nagar,3 BHK,Society_93,1698,3.0,2.0,89.34
Super built-up  Area,19-Dec,Dasarahalli,3 BHK,,1460,3.0,2.0,66.76
Super built-up  Area,Ready To Move,Domlur,2 BHK,,888 - 988,2.0,0.0,115.85
Carpet  Area,Ready To Move,Bellandur,2 BHK,Society_89,1099,1.0,1.0,83.81
Built-up  Area,19-Dec,Begur Road,3 BHK,,1499,3.0,2.0,124.72
Carpet  Area,Ready To Move,Bommanahalli,3 BHK,Society_134,1626,3.0,3.0,124.96
Super built-up  Area,Ready To Move,Laggere,2 BHK,Society_125,899,3.0,1.0,68.4
Built-up  Area,19-Dec,Peenya,2 BHK,,1212,1.0,2.0,65.12
Built-up  Area,19-Dec,Begur Road,2 BHK,,1190,2.0,2.0,79.29
Super built-up  Area,22-Jan,Benson Town,3 BHK,,1738,3.0,0.0,108.84
Built-up  Area,19-Dec,New BEL Road,3 BHK,,1579,2.0,3.0,92.5
Super built-up  Area,Ready To Move,Benson Town,3 BHK,Society_163,1629,2.0,1.0,102.57
Super built-up  Area,19-Dec,MG Road,4 BHK,,2416,4.0,1.0,380.35
Super built-up  Area,Ready To Move,Anekal,3 BHK,,1729,3.0,1.0,62.75
Plot  Area,Ready To Move,Old Madras Road,3 BHK,,1516,3.0,2.0,104.33
Super built-up  Area,19-Dec,BTM Layout,2 BHK,,1006 - 1106,1.0,1.0,99.18
Plot  Area,19-Dec,Hulimavu,5 BHK,,3706 - 3806,5.0,1.0,258.09
Super built-up  Area,Ready To Move,Benson Town,1 BHK,Society_25,497 - 597,1.0,1.0,42.49
Plot  Area,Ready To Move,Old Airport Road,3 BHK,,1709,3.0,3.0,164.45
Super built-up  Area,Ready To Move,Nagarbhavi,3 BHK,,1387,3.0,2.0,95.14
Built-up  Area,22-Jan,Wilson Garden,5 BHK,Society_24,3478,5.0,3.0,372.35
Plot  Area,22-Jan,Mysore Road,2 BHK,,1176,2.0,0.0,80.35
Super built-up  Area,Ready To Move,Hormavu,3 BHK,Society_181,1448,3.0,2.0,79.97
Super built-up  Area,Ready To Move,BTM Layout,2 BHK,Society_84,933 - 1033,2.0,2.0,68.96
Built-up  Area,Ready To Move,Cunningham Road,3 BHK,,1606,4.0,2.0,298.83
Built-up  Area,Ready To Move,Kasturi Nagar,3 BHK,Society_106,1497,3.0,2.0,84.49
Carpet  Area,22-Jan,MG Road,1 BHK,,725,1.0,1.0,115.32
Super built-up  Area,Ready To Move,Jalahalli,2 BHK,Society_128,810 - 910,2.0,2.0,43.01
Built-up  Area,Ready To Move,Ulsoor,5 BHK,,3443,6.0,0.0,413.01
Built-up  Area,Ready To Move,Jigani,2 BHK,,975 - 1075,2.0,1.0,72.84
Plot  Area,19-Dec,Hosa Road,2 BHK,,1182,3.0,2.0,90.55
Built-up  Area,Ready To Move,Peenya,4 BHK,,2150,3.0,3.0,146.41
Built-up  Area,Ready To Move,Akshaya Nagar,4 BHK,Society_172,2189,4.0,2.0,127.59
Built-up  Area,Ready To Move,Dasarahalli,2 BHK,,1156,2.0,2.0,67.44
Plot  Area,Ready To Move,HBR Layout,3 BHK,Society_100,1291,3.0,3.0,84.12
Plot  Area,Ready To Move,Indira Nagar,2 BHK,Society_137,1097,3.0,1.0,199.72
Built-up  Area,Ready To Move,Mysore Road,3 BHK,Society_98,1403,3.0,2.0,80.09
Carpet  Area,Ready To Move,Nagarbhavi,3 BHK,,1787,3.0,3.0,124.99
Carpet  Area,22-Jan,Kammanahalli,2 BHK,,1121,1.0,2.0,62.07
Super built-up  Area,22-Jan,New BEL Road,3 BHK,,1320 - 1420,4.0,2.0,91.8
Super built-up  Area,Ready To Move,Chikkaballapur Road,2 BHK,Society_41,961,3.0,1.0,50.93
Carpet  Area,22-Jan,Horamavu Agara,3 BHK,,1296,4.0,1.0,76.43
Carpet  Area,Ready To Move,Marathahalli,2 BHK,Society_30,1117,2.0,2.0,80.5
Carpet  Area,Ready To Move,Uttarahalli,2 BHK,,1105,2.0,0.0,45.38
Plot  Area,Ready To Move,Kogilu,3 BHK,,1615,3.0,0.0,141.96
Super built-up  Area,Ready To Move,Rajarajeshwari Nagara,5 BHK,,3794,5.0,0.0,236.85
Built-up  Area,Ready To Move,Benson Town,2 BHK,,1161,2.0,2.0,50.55
Built-up  Area,Ready To Move,Haralur Road,2 BHK,,1051,2.0,2.0,46.92
Super built-up  Area,Ready To Move,Vijayanagar,4 BHK,,2103,4.0,2.0,105.91
Built-up  Area,22-Jan,Horamavu Agara,4 BHK,,2319,4.0,1.0,154.54
Super built-up  Area,Ready To Move,Kadugodi,2 BHK,,1009 - 1109,1.0,2.0,55.62
Super built-up  Area,Ready To Move,Ramamurthy Nagar,4 BHK,Society_35,2558,3.0,1.0,140.49
Super built-up  Area,Ready To Move,Electronic City,4 BHK,,2058,5.0,1.0,114.66
Super built-up  Area,19-Dec,Bellandur,2 BHK,,931,2.0,2.0,74.06
Plot  Area,Ready To Move,Banashankari,4 BHK,,2390,4.0,2.0,139.67
Super built-up  Area,Ready To Move,Haralur Road,2 BHK,Society_94,1349,2.0,1.0,96.06
Super built-up  Area,22-Jan,RT Nagar,3 BHK,Society_192,1583,3.0,0.0,85.78
Super built-up  Area,Ready To Move,Bommasandra,4 BHK,Society_5,2264,4.0,3.0,114.92
Built-up  Area,Ready To Move,Uttarahalli,3 BHK,,1380,2.0,1.0,79.56
Built-up  Area,Ready To Move,HBR Layout,4 BHK,Society_77,2463,4.0,2.0,105.79
Super built-up  Area,Ready To Move,Peenya,3 BHK,Society_178,1744,3.0,1.0,73.72
Super built-up  Area,22-Jan,Raja Rajeshwari Nagar,2 BHK,Society_11,948,2.0,2.0,42.03
Super built-up  Area,Ready To Move,Yelahanka,2 BHK,,795 - 895,1.0,2.0,53.61
Super built-up  Area,Ready To Move,Fraser Town,2 BHK,Society_147,986,2.0,0.0,49.46
Built-up  Area,22-Jan,Malleshwaram,3 BHK,,1472,3.0,2.0,180.53
Super built-up  Area,19-Dec,Benson Town,2 BHK,Society_35,1246,2.0,1.0,64.13
Super built-up  Area,Ready To Move,HSR Layout,3 BHK,,1556,2.0,1.0,136.97
Built-up  Area,Ready To Move,Haralur Road,3 BHK,,1611,3.0,3.0,93.11
Plot  Area,22-Jan,New BEL Road,4 BHK,,2408,5.0,1.0,186.58
Super built-up  Area,Ready To Move,Jayanagar,3 BHK,,1486 - 1586,3.0,0.0,115.82
Super built-up  Area,Ready To Move,Ejipura,3 BHK,,1520,2.0,0.0,121.14
Plot  Area,22-Jan,Chandapura,3 BHK,Society_28,1657,4.0,1.0,64.56
Built-up  Area,19-Dec,Kasturi Nagar,2 BHK,,1125 - 1225,3.0,2.0,73.47
Built-up  Area,Ready To Move,Koramangala,4 BHK,Society_124,2423,3.0,0.0,307.71
Super built-up  Area,19-Dec,Jigani,3 BHK,,1370,4.0,1.0,66.62
Super built-up  Area,Ready To Move,Sarjapur Road,3 BHK,,1772,3.0,2.0,87.75
Carpet  Area,Ready To Move,Vasanth Nagar,2 BHK,Society_51,1201 - 1301,2.0,2.0,167.25
Built-up  Area,22-Jan,Devanahalli,1 BHK,,429,2.0,1.0,17.92
Carpet  Area,22-Jan,Kadugodi,2 BHK,,1126,2.0,1.0,47.62
Plot  Area,19-Dec,Vijayanagar,3 BHK,Society_43,1571,4.0,2.0,86.3
Super built-up  Area,22-Jan,Electronic City,4 BHK,Society_139,2248,5.0,2.0,88.53
Plot  Area,19-Dec,Mahadevapura,2 BHK,,1089,2.0,2.0,83.51
Super built-up  Area,Ready To Move,Yeshwanthpur,4 BHK,,2532 - 2632,4.0,1.0,154.75
Carpet  Area,22-Jan,Jalahalli,3 BHK,Society_17,1247 - 1347,3.0,2.0,57.68
Carpet  Area,Ready To Move,Jalahalli,3 BHK,,1482,3.0,2.0,85.91
Super built-up  Area,Ready To Move,Anekal,3 BHK,,1598,3.0,1.0,49.98
Carpet  Area,Ready To Move,Kumaraswamy Layout,2 BHK,,1106,2.0,0.0,63.22
Plot  Area,Ready To Move,Mysore Road,3 BHK,,1491,2.0,1.0,109.99
Plot  Area,Ready To Move,Kumaraswamy Layout,3 BHK,Society_120,1416,4.0,0.0,97.47
Plot  Area,22-Jan,Old Madras Road,4 BHK,,2280,5.0,1.0,162.71
Super built-up  Area,19-Dec,Vijayanagar,2 BHK,Society_165,1228,3.0,2.0,71.92
Super built-up  Area,Ready To Move,Vasanth Nagar,3 BHK,Society_160,1761,3.0,2.0,214.48
Super built-up  Area,Ready To Move,Ejipura,2 BHK,Society_51,1112,1.0,2.0,83.09
Super built-up  Area,22-Jan,Thanisandra Main Road,4 BHK,Society_61,2424 - 2524,5.0,2.0,139.36
Built-up  Area,Ready To Move,Jakkur,4 BHK,Society_84,2105,4.0,0.0,143.25
Super built-up  Area,Ready To Move,Kanakapura Road,3 BHK,Society_187,1546,2.0,2.0,98.1
Carpet  Area,Ready To Move,Bommanahalli,3 BHK,Society_93,1273,2.0,2.0,69.68
Built-up  Area,19-Dec,Bagalur,1 BHK,,919,1.0,1.0,64.32
Built-up  Area,Ready To Move,Vidyaranyapura,3 BHK,Society_77,1666,4.0,3.0,84.92
Carpet  Area,22-Jan,Thanisandra Main Road,3 BHK,,1301,4.0,2.0,83.4
Carpet  Area,Ready To Move,Kadugodi,2 BHK,,908,1.0,2.0,51.02
Super built-up  Area,Ready To Move,Mysore Road,4 BHK,,2586,3.0,2.0,122.31
Built-up  Area,19-Dec,Brigade Road,3 BHK,Society_80,1752,3.0,1.0,346.13
Built-up  Area,19-Dec,Indira Nagar,1 BHK,,522,2.0,1.0,70.53
Built-up  Area,19-Dec,Old Airport Road,3 BHK,Society_40,1634,3.0,2.0,169.72
Built-up  Area,Ready To Move,Padmanabhanagar,3 BHK,Society_10,1313,3.0,2.0,82.38
Super built-up  Area,19-Dec,Sadashiva Nagar,3 BHK,,1600,3.0,3.0,316.87
Built-up  Area,Ready To Move,Nayandahalli,3 BHK,Society_163,1439,3.0,2.0,76.82
Super built-up  Area,Ready To Move,Old Airport Road,3 BHK,,1251,2.0,2.0,141.85
Carpet  Area,Ready To Move,Kanakapura Road,2 BHK,,1143,2.0,2.0,57.9
Super built-up  Area,22-Jan,Gottigere,2 BHK,Society_76,933,3.0,0.0,60.83
Built-up  Area,19-Dec,Cox Town,3 BHK,Society_30,1265 - 1365,2.0,3.0,89.39
Super built-up  Area,19-Dec,Whitefield,3 BHK,Society_70,1489,3.0,0.0,85.09
Super built-up  Area,Ready To Move,Electronic City,3 BHK,,1469 - 1569,4.0,1.0,71.68
Super built-up  Area,Ready To Move,Hormavu,2 BHK,Society_125,804,1.0,2.0,46.83
Plot  Area,Ready To Move,Chandapura,2 BHK,,1050,3.0,0.0,59.19
Super built-up  Area,Ready To Move,Rajarajeshwari Nagara,3 BHK,,1700 - 1800,3.0,1.0,109.57
Super built-up  Area,19-Dec,Narayanapura,3 BHK,,1345,3.0,3.0,76.53
Built-up  Area,Ready To Move,Indira Nagar,3 BHK,,1315,3.0,3.0,159.49
Super built-up  Area,19-Dec,Hormavu,4 BHK,,2532,5.0,1.0,162.05
Plot  Area,22-Jan,Dasarahalli,2 BHK,Society_60,1173,3.0,1.0,87.55
Carpet  Area,22-Jan,Arekere,3 BHK,,1493 - 1593,3.0,1.0,91.58
Super built-up  Area,19-Dec,Adugodi,4 BHK,,2495,3.0,1.0,140.86
Super built-up  Area,Ready To Move,Yelahanka,2 BHK,,807,2.0,2.0,52.39
Built-up  Area,22-Jan,Marathahalli,3 BHK,,1612,3.0,1.0,119.0
Super built-up  Area,Ready To Move,Thanisandra Main Road,2 BHK,Society_61,864,1.0,1.0,58.79
Carpet  Area,Ready To Move,Kumaraswamy Layout,4 BHK,,2102,5.0,0.0,106.69
Super built-up  Area,19-Dec,Wilson Garden,3 BHK,,1640 - 1740,4.0,1.0,172.87
Super built-up  Area,22-Jan,Marathahalli,3 BHK,Society_145,1281,4.0,2.0,96.51
Built-up  Area,Ready To Move,Bannerghatta Road,3 BHK,,1562,4.0,2.0,106.47
Built-up  Area,19-Dec,Anekal,3 BHK,Society_103,1758,4.0,3.0,60.54
Plot  Area,Ready To Move,Dasarahalli,2 BHK,,1253 - 1353,2.0,2.0,84.94
Plot  Area,Ready To Move,Kogilu,2 BHK,Society_137,915,2.0,0.0,52.87
Built-up  Area,22-Jan,Ejipura,2 BHK,Society_161,1025,2.0,1.0,83.25
Built-up  Area,22-Jan,Sarjapur Road,3 BHK,,1781,4.0,0.0,73.01
Built-up  Area,Ready To Move,Vasanth Nagar,1 BHK,Society_171,440 - 540,1.0,0.0,65.31
Super built-up  Area,19-Dec,Electronic City,3 BHK,,1253,2.0,3.0,63.91
Super built-up  Area,19-Dec,Jigani,4 BHK,,2098,5.0,1.0,149.67
Super built-up  Area,Ready To Move,Bellandur,2 BHK,Society_64,1043,2.0,2.0,84.69
Super built-up  Area,Ready To Move,Thanisandra,3 BHK,,1382,3.0,0.0,61.09
Super built-up  Area,Ready To Move,Magadi Road,4 BHK,Society_7,2071,4.0,2.0,148.52
Built-up  Area,Ready To Move,Jakkur,3 BHK,,1342,3.0,2.0,93.59
Super built-up  Area,22-Jan,Chamrajpet,2 BHK,Society_112,852,3.0,0.0,46.17
Plot  Area,Ready To Move,Vasanth Nagar,4 BHK,Society_23,2431,5.0,1.0,322.97
Built-up  Area,19-Dec,Thanisandra Main Road,2 BHK,Society_51,1184,3.0,1.0,75.03
Super built-up  Area,Ready To Move,Kogilu,2 BHK,,1183 - 1283,2.0,2.0,68.91
Super built-up  Area,19-Dec,Indira Nagar,4 BHK,Society_47,2116,4.0,1.0,357.73
Super built-up  Area,Ready To Move,Kasturi Nagar,3 BHK,,1656,3.0,2.0,64.85
Built-up  Area,Ready To Move,Kalyan Nagar,3 BHK,,1602,3.0,3.0,104.45
Built-up  Area,19-Dec,Basavanagudi,4 BHK,Society_158,2537,4.0,1.0,338.98
Built-up  Area,19-Dec,Anekal,4 BHK,,2116,4.0,0.0,74.39
Built-up  Area,22-Jan,Bellandur,4 BHK,,2302,5.0,0.0,194.82
Super built-up  Area,Ready To Move,Anekal,3 BHK,,1569 - 1669,3.0,2.0,38.45
Super built-up  Area,22-Jan,Horamavu Agara,2 BHK,Society_19,1109,2.0,2.0,98.09
Built-up  Area,19-Dec,Mahadevapura,2 BHK,,837,2.0,1.0,60.34
Plot  Area,Ready To Move,Padmanabhanagar,2 BHK,,1305,1.0,0.0,99.2
Carpet  Area,19-Dec,Banaswadi,4 BHK,,2508,3.0,1.0,160.07
Plot  Area,22-Jan,Old Airport Road,3 BHK,Society_197,1649,3.0,2.0,244.87
Super built-up  Area,19-Dec,Malleshwaram,4 BHK,,2348,4.0,2.0,330.73
Built-up  Area,22-Jan,Nayandahalli,3 BHK,,1471,3.0,0.0,96.33
Plot  Area,Ready To Move,HRBR Layout,4 BHK,,2225,4.0,3.0,182.48
Built-up  Area,22-Jan,Begur Road,5 BHK,,3763,5.0,1.0,199.53
Super built-up  Area,Ready To Move,Nayandahalli,5 BHK,Society_190,3821,5.0,3.0,277.47
Carpet  Area,19-Dec,Mysore Road,2 BHK,,1125,2.0,1.0,64.27
Super built-up  Area,Ready To Move,HRBR Layout,1 BHK,,717,2.0,1.0,40.98
Carpet  Area,22-Jan,Kengeri,4 BHK,,2522 - 2622,4.0,1.0,185.78
Built-up  Area,Ready To Move,Kogilu,4 BHK,,2447,4.0,1.0,156.09
Super built-up  Area,22-Jan,Kadugodi,2 BHK,Society_61,1344,1.0,1.0,78.02
Super built-up  Area,Ready To Move,New BEL Road,3 BHK,Society_98,1344,3.0,0.0,97.26
Super built-up  Area,Ready To Move,Ejipura,1 BHK,,733,2.0,1.0,60.91
Super built-up  Area,Ready To Move,Sadashiva Nagar,3 BHK,,1211 - 1311,3.0,2.0,171.81
Super built-up  Area,Ready To Move,Yelahanka,4 BHK,Society_177,2118,3.0,3.0,143.9
Super built-up  Area,Ready To Move,Kalyan Nagar,3 BHK,Society_3,1757,3.0,3.0,99.27
Carpet  Area,Ready To Move,Horamavu Agara,4 BHK,Society_8,2167,3.0,2.0,138.86
Carpet  Area,22-Jan,Horamavu Agara,2 BHK,Society_33,954,2.0,2.0,56.42
Built-up  Area,22-Jan,Girinagar,4 BHK,,2130,4.0,1.0,154.51
Built-up  Area,22-Jan,JP Nagar,4 BHK,,2279,4.0,2.0,213.25
Carpet  Area,19-Dec,Devanahalli,2 BHK,Society_13,1152,2.0,0.0,60.26
Built-up  Area,Ready To Move,Richmond Town,4 BHK,,2310,3.0,1.0,316.94
Built-up  Area,Ready To Move,Rachenahalli,4 BHK,,2281,4.0,3.0,198.46
Plot  Area,Ready To Move,Hennur Road,3 BHK,Society_180,1281,4.0,3.0,73.62
Super built-up  Area,Ready To Move,Electronic City,3 BHK,Society_62,1534,2.0,2.0,61.4
Super built-up  Area,Ready To Move,Kanakapura Road,1 BHK,Society_97,872,1.0,0.0,58.28
Carpet  Area,22-Jan,Richmond Town,3 BHK,Society_59,1468,2.0,2.0,220.76
Plot  Area,Ready To Move,Gottigere,2 BHK,Society_194,999 - 1099,2.0,0.0,76.23
Built-up  Area,Ready To Move,Thanisandra,2 BHK,,1039,3.0,2.0,60.63
Plot  Area,Ready To Move,BTM Layout,3 BHK,,1517,3.0,2.0,119.63
Plot  Area,22-Jan,Bannerghatta Road,4 BHK,,2528 - 2628,4.0,3.0,179.43
Super built-up  Area,22-Jan,Kadugodi,4 BHK,,2516,5.0,2.0,189.77
Super built-up  Area,Ready To Move,Ramamurthy Nagar,3 BHK,Society_177,1534,3.0,1.0,70.08
Built-up  Area,22-Jan,HBR Layout,4 BHK,,2096,3.0,3.0,140.44
Built-up  Area,Ready To Move,Banaswadi,3 BHK,,1467 - 1567,3.0,1.0,83.58
Super built-up  Area,22-Jan,Hennur Road,2 BHK,,1218,3.0,0.0,82.5
Plot  Area,Ready To Move,Cunningham Road,4 BHK,Society_29,2471,5.0,2.0,471.33
Built-up  Area,Ready To Move,Vijayanagar,3 BHK,Society_194,1747 - 1847,3.0,3.0,123.11
Super built-up  Area,Ready To Move,Brigade Road,3 BHK,Society_70,1466,3.0,1.0,286.13
Plot  Area,Ready To Move,Bommasandra,3 BHK,,1353,4.0,1.0,121.45
Super built-up  Area,Ready To Move,Kanakapura Road,2 BHK,,927,2.0,2.0,58.64
Super built-up  Area,Ready To Move,Arekere,4 BHK,Society_85,2067,3.0,2.0,94.43
Super built-up  Area,Ready To Move,Richmond Town,2 BHK,Society_189,1183 - 1283,2.0,2.0,155.42
Built-up  Area,22-Jan,HBR Layout,3 BHK,,1715,3.0,0.0,90.2
Super built-up  Area,22-Jan,Hennur Road,3 BHK,Society_61,1355 - 1455,2.0,2.0,89.24
Super built-up  Area,22-Jan,Ulsoor,4 BHK,Society_122,2591,4.0,0.0,356.33
Plot  Area,19-Dec,Jayanagar,3 BHK,,1346 - 1446,2.0,2.0,176.55
Super built-up  Area,Ready To Move,Kalyan Nagar,2 BHK,Society_72,1063,2.0,1.0,64.58
Carpet  Area,Ready To Move,New BEL Road,3 BHK,,1379,3.0,1.0,74.88
Plot  Area,Ready To Move,Hormavu,4 BHK,,2301,4.0,3.0,119.2
Super built-up  Area,Ready To Move,Bellandur,3 BHK,Society_48,1254,4.0,0.0,96.01
Plot  Area,Ready To Move,Marathahalli,4 BHK,,2593,5.0,1.0,188.15
Plot  Area,Ready To Move,Hulimavu,4 BHK,Society_79,2281 - 2381,4.0,0.0,164.17
Built-up  Area,Ready To Move,RT Nagar,2 BHK,Society_175,1017,2.0,1.0,73.91
Carpet  Area,Ready To Move,Yelahanka,4 BHK,Society_58,2421,5.0,2.0,169.75
Super built-up  Area,Ready To Move,Ejipura,4 BHK,,2468,4.0,2.0,195.48
Built-up  Area,22-Jan,Vasanth Nagar,3 BHK,,1333,4.0,3.0,249.46
Super built-up  Area,22-Jan,Kalyan Nagar,2 BHK,Society_35,1008,1.0,1.0,57.66
Super built-up  Area,Ready To Move,Nayandahalli,4 BHK,,2098,4.0,0.0,118.94
Plot  Area,Ready To Move,Old Madras Road,1 BHK,,689,1.0,1.0,33.27
Super built-up  Area,22-Jan,Akshaya Nagar,3 BHK,Society_93,1772,3.0,3.0,99.24
Plot  Area,22-Jan,Chandapura,4 BHK,,2558,5.0,2.0,110.04
Plot  Area,Ready To Move,Jayanagar,2 BHK,,930,2.0,1.0,156.74
Built-up  Area,Ready To Move,Electronic City,3 BHK,Society_129,1632 - 1732,2.0,2.0,87.04
Super built-up  Area,Ready To Move,Jayanagar,3 BHK,,1408,2.0,2.0,143.29
Super built-up  Area,Ready To Move,Jakkur,1 BHK,Society_158,398 - 498,2.0,1.0,26.94
Carpet  Area,22-Jan,HBR Layout,3 BHK,,1741 - 1841,3.0,2.0,111.26
Plot  Area,Ready To Move,Chandapura,2 BHK,,1298,2.0,0.0,53.46
Built-up  Area,19-Dec,RT Nagar,3 BHK,Society_169,1617,3.0,2.0,74.99
Built-up  Area,19-Dec,Marathahalli,2 BHK,Society_113,875 - 975,2.0,2.0,57.26
Super built-up  Area,19-Dec,Wilson Garden,3 BHK,Society_58,1763,2.0,0.0,182.91
Super built-up  Area,Ready To Move,Kumaraswamy Layout,2 BHK,Society_156,1341,2.0,2.0,108.44
Built-up  Area,Ready To Move,Hoodi,2 BHK,,1208 - 1308,2.0,1.0,81.52
Super built-up  Area,19-Dec,Raja Rajeshwari Nagar,3 BHK,,1689,3.0,1.0,76.51
Super built-up  Area,Ready To Move,Varthur,3 BHK,Society_44,1555,3.0,2.0,111.94
Super built-up  Area,22-Jan,Richmond Town,3 BHK,,1558 - 1658,2.0,1.0,200.77
Built-up  Area,19-Dec,Hormavu,2 BHK,,1132,2.0,2.0,66.31
Built-up  Area,22-Jan,Nagarbhavi,2 BHK,Society_31,1291,3.0,2.0,72.77
Super built-up  Area,22-Jan,KR Puram,3 BHK,Society_91,1383,2.0,2.0,108.78
Super built-up  Area,22-Jan,Malleshwaram,3 BHK,,1745 - 1845,3.0,1.0,250.21
Plot  Area,Ready To Move,Uttarahalli,2 BHK,Society_32,1264 - 1364,1.0,2.0,88.74
Built-up  Area,22-Jan,Peenya,3 BHK,,1599,2.0,2.0,87.09
Super built-up  Area,22-Jan,Vijayanagar,3 BHK,Society_43,1552,3.0,0.0,104.44
Carpet  Area,Ready To Move,Fraser Town,5 BHK,,3435,5.0,0.0,255.41
Built-up  Area,Ready To Move,Bommasandra,2 BHK,Society_101,1140,3.0,1.0,53.97
Built-up  Area,22-Jan,Banashankari,3 BHK,,1764,3.0,0.0,52.06
Plot  Area,19-Dec,Rajarajeshwari Nagara,3 BHK,,1499,4.0,2.0,71.03
Plot  Area,Ready To Move,Banashankari,4 BHK,Society_135,2470,4.0,1.0,171.47
Super built-up  Area,Ready To Move,Koramangala,2 BHK,Society_13,1221,1.0,1.0,164.24
Built-up  Area,Ready To Move,Kasturi Nagar,5 BHK,Society_98,3743,4.0,1.0,220.93
Super built-up  Area,19-Dec,Kogilu,4 BHK,,2289,4.0,2.0,183.52
Carpet  Area,Ready To Move,Kasturi Nagar,3 BHK,,1297,3.0,1.0,78.76
Super built-up  Area,19-Dec,JP Nagar,5 BHK,Society_161,3681,5.0,1.0,323.74
Built-up  Area,19-Dec,Mysore Road,3 BHK,Society_195,1712,4.0,2.0,107.29
Super built-up  Area,Ready To Move,Mysore Road,3 BHK,,1281,2.0,2.0,68.99
Super built-up  Area,Ready To Move,Hulimavu,2 BHK,Society_172,1210,2.0,1.0,67.2
Carpet  Area,Ready To Move,Arekere,4 BHK,,2283,4.0,1.0,144.26
Carpet  Area,19-Dec,Padmanabhanagar,3 BHK,,1346,3.0,0.0,76.51
Super built-up  Area,Ready To Move,Mysore Road,3 BHK,,1497,4.0,1.0,81.38
Built-up  Area,22-Jan,Bagalur,1 BHK,,520,2.0,1.0,31.75
Super built-up  Area,Ready To Move,Lavelle Road,2 BHK,Society_6,1064,2.0,2.0,242.82
Built-up  Area,Ready To Move,Lingarajapuram,1 BHK,Society_53,686,1.0,0.0,48.78
Super built-up  Area,Ready To Move,HSR Layout,4 BHK,,2321,4.0,3.0,197.78
Super built-up  Area,Ready To Move,Chikkaballapur Road,3 BHK,Society_69,1363,3.0,2.0,85.42
Carpet  Area,Ready To Move,Old Madras Road,3 BHK,,1279,3.0,1.0,89.3
Built-up  Area,22-Jan,Vidyaranyapura,5 BHK,,3364,4.0,2.0,198.51
Super built-up  Area,Ready To Move,Chikkaballapur Road,3 BHK,Society_160,1733,4.0,1.0,90.03
Plot  Area,Ready To Move,Mahadevapura,2 BHK,,1085 - 1185,2.0,1.0,80.18
Super built-up  Area,Ready To Move,Arekere,3 BHK,Society_197,1282,3.0,3.0,75.6
Super built-up  Area,19-Dec,HSR Layout,2 BHK,,853,3.0,2.0,67.73
Built-up  Area,22-Jan,Raja Rajeshwari Nagar,3 BHK,Society_83,1366 - 1466,2.0,2.0,73.38
Super built-up  Area,Ready To Move,Arekere,2 BHK,,1272,2.0,2.0,78.01
Super built-up  Area,Ready To Move,Vidyaranyapura,2 BHK,Society_120,1234,2.0,1.0,74.68
Super built-up  Area,22-Jan,Arekere,3 BHK,Society_87,1738,3.0,1.0,122.68
Built-up  Area,Ready To Move,Fraser Town,3 BHK,Society_199,1529,3.0,1.0,90.31
Plot  Area,Ready To Move,Wilson Garden,2 BHK,,1292,2.0,0.0,154.62
Carpet  Area,Ready To Move,Hulimavu,2 BHK,Society_155,978,2.0,0.0,60.44
Super built-up  Area,Ready To Move,Basavanagudi,5 BHK,Society_117,3621,4.0,3.0,281.71
Super built-up  Area,22-Jan,JP Nagar,3 BHK,,1437,3.0,2.0,143.41
Plot  Area,22-Jan,Nayandahalli,3 BHK,,1275,3.0,2.0,88.94
Super built-up  Area,Ready To Move,Banashankari,4 BHK,,2481,4.0,3.0,124.74
Super built-up  Area,Ready To Move,Sarjapur Road,3 BHK,Society_70,1360,3.0,2.0,84.62
Plot  Area,Ready To Move,Nayandahalli,3 BHK,Society_119,1308,2.0,1.0,71.83
Built-up  Area,22-Jan,Basavanagudi,3 BHK,,1631,3.0,3.0,155.53
Super built-up  Area,Ready To Move,Kogilu,3 BHK,,1613,3.0,3.0,94.3
Super built-up  Area,22-Jan,Chandapura,3 BHK,Society_70,1609,4.0,2.0,59.43
Built-up  Area,Ready To Move,Kengeri,2 BHK,Society_117,853,1.0,1.0,44.48
Built-up  Area,Ready To Move,Arekere,4 BHK,Society_151,2106 - 2206,4.0,2.0,98.11
Plot  Area,Ready To Move,Marathahalli,1 BHK,,577 - 677,1.0,1.0,46.25
Built-up  Area,Ready To Move,Bommasandra,3 BHK,,1254,2.0,3.0,59.13
Super built-up  Area,22-Jan,Jigani,3 BHK,Society_189,1259 - 1359,3.0,1.0,64.95
Built-up  Area,Ready To Move,Budigere Cross,2 BHK,Society_177,1183,1.0,1.0,70.59
Carpet  Area,Ready To Move,Adugodi,3 BHK,,1794,3.0,1.0,119.9
Super built-up  Area,Ready To Move,Devanahalli,4 BHK,,2494,4.0,2.0,125.26
Carpet  Area,Ready To Move,JP Nagar,1 BHK,Society_50,440,1.0,0.0,35.33
Plot  Area,Ready To Move,Basavanagudi,2 BHK,,1282,3.0,1.0,167.33
Super built-up  Area,Ready To Move,Kengeri,3 BHK,Society_126,1613,3.0,0.0,129.5
Plot  Area,Ready To Move,Kadugodi,5 BHK,,3573 - 3673,4.0,0.0,244.24
Super built-up  Area,Ready To Move,Benson Town,3 BHK,,1272,4.0,1.0,75.31
Super built-up  Area,22-Jan,Jalahalli,3 BHK,,1357,3.0,1.0,40.37
Built-up  Area,19-Dec,Rajaji Nagar,5 BHK,Society_61,3538,5.0,2.0,373.99
Carpet  Area,Ready To Move,BTM Layout,3 BHK,Society_29,1507 - 1607,2.0,1.0,146.89
Super built-up  Area,Ready To Move,Haralur Road,2 BHK,Society_151,803,3.0,1.0,36.3
Super built-up  Area,Ready To Move,Arekere,3 BHK,,1555,4.0,0.0,89.99
Super built-up  Area,Ready To Move,Lingarajapuram,4 BHK,,2502,4.0,1.0,133.57
Super built-up  Area,19-Dec,Brigade Road,3 BHK,Society_166,1751,2.0,1.0,279.4
Super built-up  Area,22-Jan,Begur Road,1 BHK,,680,1.0,1.0,35.08
Super built-up  Area,Ready To Move,Chamrajpet,3 BHK,,1523,3.0,0.0,86.54
Built-up  Area,Ready To Move,Cunningham Road,4 BHK,Society_73,2589,4.0,3.0,493.59
Carpet  Area,Ready To Move,Kammanahalli,2 BHK,Society_19,1031 - 1131,1.0,1.0,55.71
Super built-up  Area,Ready To Move,Domlur,2 BHK,,1298,2.0,1.0,134.45
Super built-up  Area,19-Dec,HBR Layout,3 BHK,,1388,3.0,2.0,88.94
Built-up  Area,22-Jan,Rajarajeshwari Nagara,2 BHK,,1313,1.0,1.0,70.18
Built-up  Area,Ready To Move,Basaveshwara Nagar,3 BHK,,1642,2.0,1.0,79.41
Plot  Area,19-Dec,RT Nagar,3 BHK,,1366,2.0,1.0,84.03
Built-up  Area,22-Jan,Benson Town,2 BHK,,1064,2.0,2.0,60.7
Super built-up  Area,Ready To Move,Whitefield,3 BHK,,1441,3.0,0.0,98.16
Built-up  Area,22-Jan,Domlur,2 BHK,,1233,3.0,2.0,139.05
Built-up  Area,Ready To Move,Chamrajpet,3 BHK,Society_8,1293,4.0,2.0,65.82
Built-up  Area,Ready To Move,Jalahalli,3 BHK,,1352,4.0,0.0,86.27
Built-up  Area,Ready To Move,Cunningham Road,4 BHK,,2271,3.0,1.0,344.3
Built-up  Area,19-Dec,Bagalur,3 BHK,Society_48,1644,2.0,2.0,114.96
Built-up  Area,Ready To Move,Jayanagar,4 BHK,,2460,4.0,1.0,359.26
Super built-up  Area,Ready To Move,Hoodi,3 BHK,Society_157,1702,3.0,3.0,57.36
Carpet  Area,Ready To Move,Kammanahalli,3 BHK,Society_133,1383,2.0,1.0,81.63
Built-up  Area,Ready To Move,Yelahanka,3 BHK,Society_39,1556,3.0,2.0,115.49
Plot  Area,Ready To Move,HSR Layout,4 BHK,,2442,4.0,2.0,257.69
Super built-up  Area,19-Dec,Thanisandra Main Road,2 BHK,,1076,3.0,2.0,62.42
Plot  Area,22-Jan,Horamavu Agara,2 BHK,Society_52,1241,1.0,2.0,68.4
Built-up  Area,Ready To Move,Mysore Road,3 BHK,,1614,3.0,2.0,103.27
Super built-up  Area,19-Dec,Hosa Road,3 BHK,,1470,2.0,2.0,81.98
Super built-up  Area,22-Jan,Vijayanagar,1 BHK,,604,1.0,1.0,34.64
Carpet  Area,19-Dec,MG Road,2 BHK,Society_165,844 - 944,3.0,2.0,142.96
Super built-up  Area,Ready To Move,Rajarajeshwari Nagara,3 BHK,Society_164,1750,4.0,2.0,108.65
Super built-up  Area,Ready To Move,Bannerghatta Road,2 BHK,Society_67,1049,3.0,2.0,74.92
Super built-up  Area,Ready To Move,Mahadevapura,2 BHK,Society_57,1104,1.0,2.0,71.47
Built-up  Area,22-Jan,Horamavu Agara,2 BHK,,1281,2.0,1.0,77.79
Carpet  Area,19-Dec,Kudlu Gate,3 BHK,,1361,4.0,2.0,83.58
Plot  Area,22-Jan,Kanakapura Road,4 BHK,,2443,5.0,3.0,126.74
Carpet  Area,22-Jan,Benson Town,3 BHK,,1463,4.0,2.0,91.82
Plot  Area,22-Jan,Cox Town,2 BHK,,802,2.0,0.0,55.12
Carpet  Area,22-Jan,Electronic City,3 BHK,,1500,4.0,3.0,68.85
Built-up  Area,19-Dec,JP Nagar,4 BHK,Society_32,2227,3.0,1.0,199.62
Carpet  Area,Ready To Move,Ulsoor,4 BHK,,2345,5.0,2.0,298.11
Super built-up  Area,Ready To Move,Jigani,3 BHK,,1310,3.0,2.0,99.91
Super built-up  Area,Ready To Move,Indira Nagar,2 BHK,,1002,2.0,2.0,124.4
Super built-up  Area,Ready To Move,Haralur Road,2 BHK,Society_75,969,3.0,2.0,54.23
Built-up  Area,Ready To Move,Kogilu,2 BHK,,865 - 965,2.0,2.0,64.59
Super built-up  Area,19-Dec,Old Madras Road,3 BHK,,1369,3.0,1.0,81.55
Super built-up  Area,Ready To Move,Peenya,3 BHK,,1384,3.0,2.0,72.46
Plot  Area,19-Dec,Hosa Road,2 BHK,Society_189,862,1.0,1.0,49.42
Super built-up  Area,19-Dec,Kanakapura Road,2 BHK,,1038,2.0,2.0,64.76
Carpet  Area,22-Jan,Kudlu Gate,3 BHK,Society_156,1717 - 1817,4.0,0.0,116.78
Built-up  Area,19-Dec,Sahakara Nagar,3 BHK,Society_151,1338,4.0,1.0,100.42
Super built-up  Area,19-Dec,HRBR Layout,4 BHK,,2306 - 2406,4.0,0.0,121.57
Super built-up  Area,Ready To Move,Thanisandra,4 BHK,Society_53,2052,4.0,1.0,124.88
Carpet  Area,19-Dec,Koramangala,3 BHK,Society_102,1593 - 1693,3.0,1.0,206.38
Plot  Area,Ready To Move,Kudlu Gate,4 BHK,,2257 - 2357,4.0,1.0,110.39
Built-up  Area,Ready To Move,Chikkaballapur Road,3 BHK,,1477,3.0,1.0,98.34
Super built-up  Area,Ready To Move,Rachenahalli,3 BHK,,1734,3.0,3.0,116.65
Carpet  Area,22-Jan,Jakkur,4 BHK,,2248,3.0,1.0,131.84
Built-up  Area,Ready To Move,Uttarahalli,4 BHK,Society_8,2308,4.0,1.0,122.67
Super built-up  Area,19-Dec,Kumaraswamy Layout,1 BHK,,675,1.0,1.0,47.5
Plot  Area,Ready To Move,BTM Layout,1 BHK,,500,1.0,1.0,54.08
Super built-up  Area,22-Jan,Dasarahalli,3 BHK,,1450,3.0,1.0,59.3
Carpet  Area,19-Dec,Kumaraswamy Layout,2 BHK,,1216,2.0,1.0,67.3
Built-up  Area,Ready To Move,Old Madras Road,5 BHK,,3442,5.0,2.0,214.57
Super built-up  Area,19-Dec,Bellandur,3 BHK,Society_34,1548,3.0,0.0,126.2
Built-up  Area,Ready To Move,Ejipura,2 BHK,Society_96,808 - 908,2.0,2.0,67.16
Carpet  Area,Ready To Move,Kanakapura Road,4 BHK,Society_88,2173,5.0,0.0,158.04
Carpet  Area,Ready To Move,Hoodi,2 BHK,Society_111,1236,2.0,1.0,67.66
Built-up  Area,22-Jan,Jalahalli,4 BHK,Society_48,2392 - 2492,5.0,1.0,96.72
Super built-up  Area,Ready To Move,HRBR Layout,3 BHK,Society_105,1298,3.0,3.0,58.57
Super built-up  Area,19-Dec,Bommanahalli,3 BHK,Society_29,1665,3.0,3.0,93.21
Super built-up  Area,22-Jan,KR Puram,3 BHK,,1392,3.0,1.0,84.45
Super built-up  Area,Ready To Move,Padmanabhanagar,3 BHK,Society_8,1747,3.0,1.0,77.28
Super built-up  Area,19-Dec,Thanisandra,4 BHK,,2249,4.0,1.0,115.57
Built-up  Area,Ready To Move,Kumaraswamy Layout,4 BHK,,2151,4.0,0.0,102.67
Super built-up  Area,Ready To Move,Ulsoor,3 BHK,,1754,2.0,1.0,187.31
Built-up  Area,Ready To Move,Basavanagudi,4 BHK,,2316,4.0,0.0,254.09
Plot  Area,Ready To Move,Kammanahalli,2 BHK,,1070,3.0,2.0,86.78
Built-up  Area,Ready To Move,BTM Layout,3 BHK,,1771,3.0,3.0,122.03
Super built-up  Area,22-Jan,Ulsoor,3 BHK,Society_99,1675,4.0,2.0,186.28
Built-up  Area,19-Dec,Hormavu,3 BHK,,1768,4.0,3.0,102.33
Carpet  Area,Ready To Move,Bommasandra,4 BHK,Society_11,2423,3.0,2.0,100.18
Plot  Area,Ready To Move,Narayanapura,2 BHK,Society_18,1169,1.0,2.0,78.1
Built-up  Area,Ready To Move,Bagalur,2 BHK,Society_131,1155,2.0,1.0,65.76
Built-up  Area,19-Dec,Budigere Cross,3 BHK,Society_98,1612,3.0,3.0,81.49
Plot  Area,Ready To Move,Kanakapura Road,2 BHK,Society_147,1010,1.0,2.0,73.4
Built-up  Area,19-Dec,Electronic City,3 BHK,Society_97,1295 - 1395,3.0,3.0,63.98
Super built-up  Area,19-Dec,Rajaji Nagar,5 BHK,,3415 - 3515,5.0,3.0,381.48
Plot  Area,Ready To Move,Gottigere,4 BHK,Society_174,2128,4.0,1.0,203.75
Carpet  Area,Ready To Move,Hebbal,3 BHK,Society_30,1462 - 1562,4.0,2.0,158.55
Super built-up  Area,19-Dec,Marathahalli,2 BHK,,1207,2.0,2.0,89.91
Super built-up  Area,Ready To Move,Devanahalli,4 BHK,,2483,4.0,3.0,129.75
Built-up  Area,Ready To Move,Lavelle Road,3 BHK,Society_61,1682 - 1782,4.0,1.0,291.89
Built-up  Area,Ready To Move,Cunningham Road,4 BHK,,2273,4.0,1.0,285.68
Plot  Area,Ready To Move,Jayanagar,3 BHK,Society_181,1767,2.0,2.0,269.88
Plot  Area,Ready To Move,Hennur Road,4 BHK,,2178,4.0,1.0,147.41
Carpet  Area,Ready To Move,Rachenahalli,4 BHK,,2246,4.0,3.0,146.15
Carpet  Area,19-Dec,Chikkaballapur Road,4 BHK,,2300,5.0,2.0,128.16
Super built-up  Area,Ready To Move,Nagarbhavi,4 BHK,,2593,3.0,2.0,182.62
Plot  Area,Ready To Move,Ulsoor,3 BHK,,1377,2.0,3.0,208.56
Built-up  Area,Ready To Move,Rajarajeshwari Nagara,3 BHK,Society_186,1738,3.0,0.0,124.61
Super built-up  Area,Ready To Move,Sadashiva Nagar,2 BHK,Society_197,1329,2.0,2.0,242.39
Super built-up  Area,19-Dec,Peenya,3 BHK,,1722,3.0,1.0,119.68
Super built-up  Area,Ready To Move,Gottigere,2 BHK,,953 - 1053,2.0,0.0,63.39
Built-up  Area,22-Jan,Peenya,3 BHK,,1437,3.0,2.0,77.15
Super built-up  Area,Ready To Move,Rajarajeshwari Nagara,2 BHK,Society_136,1021,3.0,0.0,57.64
Super built-up  Area,Ready To Move,Ulsoor,2 BHK,Society_199,1031,3.0,1.0,114.36
Super built-up  Area,Ready To Move,Cox Town,3 BHK,Society_169,1708,3.0,3.0,100.48
Plot  Area,Ready To Move,Ulsoor,5 BHK,,3602,6.0,0.0,486.07
Plot  Area,Ready To Move,Old Airport Road,1 BHK,,627,1.0,1.0,64.05
Built-up  Area,22-Jan,Mahadevapura,3 BHK,Society_29,1687,2.0,1.0,121.04
Super built-up  Area,Ready To Move,Electronic City,3 BHK,,1293,3.0,1.0,57.35
Super built-up  Area,Ready To Move,Cunningham Road,2 BHK,,1250,2.0,1.0,223.33
Built-up  Area,Ready To Move,Bommanahalli,4 BHK,,2268,4.0,1.0,144.71
Built-up  Area,19-Dec,Nayandahalli,4 BHK,,2283 - 2383,4.0,2.0,178.79
Carpet  Area,Ready To Move,Narayanapura,3 BHK,Society_127,1451,4.0,2.0,96.68
Plot  Area,22-Jan,Kengeri,2 BHK,,1045,2.0,2.0,61.2
Super built-up  Area,Ready To Move,Horamavu Agara,2 BHK,Society_106,881,2.0,1.0,50.79
Carpet  Area,19-Dec,Whitefield,5 BHK,,3420 - 3520,6.0,3.0,184.15
Built-up  Area,Ready To Move,Bannerghatta Road,2 BHK,,851,1.0,2.0,52.41
Carpet  Area,Ready To Move,RT Nagar,4 BHK,Society_54,2476 - 2576,5.0,2.0,165.5
Super built-up  Area,Ready To Move,Kadugodi,3 BHK,,1613,2.0,3.0,91.41
Super built-up  Area,Ready To Move,Basaveshwara Nagar,4 BHK,,2585,4.0,1.0,143.61
Super built-up  Area,22-Jan,Indira Nagar,3 BHK,Society_142,1347,3.0,1.0,241.2
Built-up  Area,Ready To Move,Hormavu,5 BHK,Society_37,3828,5.0,3.0,226.83
Carpet  Area,Ready To Move,Haralur Road,3 BHK,Society_28,1529,3.0,1.0,56.67
Super built-up  Area,22-Jan,Benson Town,3 BHK,,1589,4.0,2.0,94.4
Plot  Area,Ready To Move,Mahadevapura,3 BHK,,1563,4.0,1.0,116.1
Super built-up  Area,Ready To Move,Peenya,4 BHK,,2576,5.0,0.0,148.23
Built-up  Area,22-Jan,Bannerghatta Road,1 BHK,Society_5,770,1.0,1.0,58.71
Super built-up  Area,Ready To Move,Fraser Town,2 BHK,Society_187,930,2.0,1.0,52.73
Super built-up  Area,Ready To Move,Old Madras Road,3 BHK,Society_87,1479,2.0,3.0,95.83
Super built-up  Area,Ready To Move,Bommasandra,1 BHK,Society_66,782,1.0,1.0,55.61
Built-up  Area,Ready To Move,Basaveshwara Nagar,3 BHK,,1334 - 1434,3.0,0.0,87.47
Super built-up  Area,Ready To Move,Bommanahalli,4 BHK,Society_9,2098,3.0,1.0,114.96
Super built-up  Area,22-Jan,Begur Road,1 BHK,Society_141,817,1.0,1.0,53.83
Super built-up  Area,22-Jan,Rachenahalli,4 BHK,Society_104,2055,4.0,1.0,112.56
Plot  Area,Ready To Move,Mahadevapura,3 BHK,,1532,4.0,3.0,118.11
Super built-up  Area,19-Dec,Thanisandra,4 BHK,,2251,4.0,1.0,105.12
Super built-up  Area,22-Jan,Cunningham Road,3 BHK,Society_154,1741,3.0,2.0,310.24
Built-up  Area,22-Jan,Old Madras Road,3 BHK,,1686 - 1786,3.0,0.0,116.8
Built-up  Area,19-Dec,Vasanth Nagar,4 BHK,Society_24,2369,4.0,2.0,356.64
Plot  Area,Ready To Move,Brigade Road,2 BHK,,1249 - 1349,2.0,0.0,235.13
Plot  Area,Ready To Move,Kalyan Nagar,4 BHK,Society_36,2166,4.0,3.0,130.1
Super built-up  Area,Ready To Move,Budigere Cross,4 BHK,,2061,4.0,1.0,116.48
Super built-up  Area,22-Jan,Kasturi Nagar,4 BHK,,2508,4.0,3.0,113.3
Plot  Area,Ready To Move,Kammanahalli,3 BHK,,1649,3.0,2.0,97.75
Super built-up  Area,Ready To Move,Koramangala,4 BHK,,2073,5.0,2.0,264.68
Super built-up  Area,Ready To Move,Thanisandra Main Road,3 BHK,,1756,4.0,3.0,88.41
Super built-up  Area,22-Jan,Kalyan Nagar,2 BHK,,851,2.0,0.0,39.33
Super built-up  Area,Ready To Move,Nayandahalli,2 BHK,,1306,2.0,0.0,85.21
Super built-up  Area,19-Dec,Marathahalli,5 BHK,,3834,4.0,3.0,249.21
Super built-up  Area,Ready To Move,Hebbal,3 BHK,Society_177,1416,3.0,1.0,129.22
Super built-up  Area,19-Dec,Malleshwaram,2 BHK,,1020,2.0,2.0,149.31
Carpet  Area,Ready To Move,Kogilu,1 BHK,,460,1.0,1.0,24.72
Built-up  Area,Ready To Move,Kanakapura Road,3 BHK,,1647,3.0,3.0,94.53
Super built-up  Area,Ready To Move,Whitefield,2 BHK,,958 - 1058,2.0,0.0,68.0
Plot  Area,22-Jan,Bagalur,4 BHK,,2564,4.0,1.0,128.96
Super built-up  Area,Ready To Move,Kalyan Nagar,2 BHK,Society_90,1191,2.0,2.0,88.16
Plot  Area,19-Dec,Ulsoor,3 BHK,,1389,4.0,2.0,235.43
Super built-up  Area,22-Jan,Girinagar,3 BHK,,1654,4.0,2.0,73.31
Super built-up  Area,22-Jan,Yeshwanthpur,4 BHK,Society_75,2223,4.0,2.0,131.4
Super built-up  Area,19-Dec,Yeshwanthpur,2 BHK,Society_46,976,2.0,2.0,54.71
Super built-up  Area,22-Jan,Cox Town,3 BHK,,1656,2.0,1.0,130.45
Built-up  Area,22-Jan,Lavelle Road,4 BHK,,2140 - 2240,4.0,2.0,488.79
Super built-up  Area,22-Jan,Malleshwaram,2 BHK,,1121,3.0,1.0,127.92
Super built-up  Area,Ready To Move,Thanisandra,1 BHK,Society_39,447,1.0,1.0,24.55
Super built-up  Area,Ready To Move,Vasanth Nagar,3 BHK,,1273,3.0,1.0,181.36
Super built-up  Area,Ready To Move,HSR Layout,2 BHK,,1017,2.0,0.0,114.63
Super built-up  Area,19-Dec,Gottigere,2 BHK,,1114,2.0,2.0,62.72
Super built-up  Area,Ready To Move,Jalahalli,1 BHK,Society_174,739,1.0,1.0,36.61
Super built-up  Area,19-Dec,Uttarahalli,3 BHK,Society_148,1673,3.0,2.0,108.09
Plot  Area,22-Jan,Chikkaballapur Road,2 BHK,Society_136,950,2.0,2.0,63.63
Built-up  Area,Ready To Move,Jalahalli,2 BHK,,1031 - 1131,2.0,2.0,68.84
Super built-up  Area,Ready To Move,Kengeri,3 BHK,Society_28,1254,2.0,2.0,71.54
Plot  Area,22-Jan,Chandapura,2 BHK,Society_105,911,3.0,1.0,33.96
Super built-up  Area,Ready To Move,Jakkur,5 BHK,,3356,5.0,2.0,200.32
Built-up  Area,22-Jan,Rachenahalli,3 BHK,,1458,3.0,1.0,64.52
Super built-up  Area,19-Dec,Jakkur,3 BHK,,1345,2.0,2.0,73.71
Plot  Area,22-Jan,Horamavu Agara,3 BHK,Society_81,1639,3.0,2.0,98.77
Super built-up  Area,22-Jan,MG Road,3 BHK,,1525,3.0,0.0,339.38
Super built-up  Area,22-Jan,Kasturi Nagar,3 BHK,Society_14,1347,3.0,1.0,81.99
Plot  Area,Ready To Move,Chandapura,3 BHK,,1503,2.0,2.0,69.92
Super built-up  Area,Ready To Move,Devanahalli,3 BHK,,1252,4.0,0.0,48.12
Super built-up  Area,22-Jan,Akshaya Nagar,4 BHK,,2406,5.0,3.0,162.6
Super built-up  Area,Ready To Move,Akshaya Nagar,3 BHK,Society_190,1431,3.0,1.0,98.32
Built-up  Area,Ready To Move,Akshaya Nagar,3 BHK,Society_102,1254,4.0,3.0,55.88
Built-up  Area,19-Dec,BTM Layout,5 BHK,Society_143,3514,5.0,0.0,237.74
Plot  Area,22-Jan,Peenya,4 BHK,Society_71,2286,5.0,2.0,145.81
Built-up  Area,Ready To Move,Peenya,2 BHK,,1330,3.0,1.0,79.29
Plot  Area,22-Jan,Hennur Road,3 BHK,Society_97,1413,3.0,3.0,101.92
Super built-up  Area,Ready To Move,Chikkaballapur Road,5 BHK,Society_88,3587,5.0,2.0,234.02
Built-up  Area,22-Jan,Chandapura,2 BHK,Society_3,1025,2.0,2.0,37.65
Super built-up  Area,Ready To Move,MG Road,3 BHK,,1438 - 1538,4.0,1.0,281.22
Plot  Area,Ready To Move,Whitefield,3 BHK,,1391,3.0,3.0,108.02
Super built-up  Area,Ready To Move,Richmond Town,5 BHK,,3748,5.0,1.0,462.08
Super built-up  Area,22-Jan,JP Nagar,4 BHK,Society_185,2318,4.0,1.0,147.18
Plot  Area,Ready To Move,Kammanahalli,4 BHK,,2042 - 2142,4.0,0.0,162.97
Built-up  Area,Ready To Move,HRBR Layout,3 BHK,,1443,3.0,3.0,114.74
Built-up  Area,Ready To Move,Yelahanka,4 BHK,,2493,4.0,2.0,131.56
Super built-up  Area,Ready To Move,Malleshwaram,1 BHK,,806,1.0,1.0,128.24
Built-up  Area,Ready To Move,Benson Town,1 BHK,,601,2.0,1.0,35.94
Super built-up  Area,19-Dec,Bellandur,2 BHK,Society_43,1182,2.0,1.0,97.28
Built-up  Area,Ready To Move,Arekere,4 BHK,,2351,5.0,1.0,121.21
Super built-up  Area,22-Jan,HSR Layout,3 BHK,Society_157,1662,3.0,0.0,171.18
Built-up  Area,Ready To Move,Thanisandra,3 BHK,,1727,3.0,3.0,81.51
Plot  Area,19-Dec,Mahadevapura,5 BHK,,3738,5.0,2.0,290.75
Super built-up  Area,22-Jan,Kadugodi,3 BHK,,1650,4.0,0.0,93.42
Built-up  Area,Ready To Move,Hulimavu,3 BHK,,1263,3.0,1.0,105.45
Carpet  Area,22-Jan,Koramangala,3 BHK,Society_151,1279,3.0,2.0,206.08
Super built-up  Area,Ready To Move,Girinagar,3 BHK,,1593,3.0,1.0,71.12
Super built-up  Area,Ready To Move,MG Road,1 BHK,Society_176,909,1.0,1.0,173.04
Super built-up  Area,Ready To Move,Arekere,3 BHK,,1652,3.0,1.0,90.53
Super built-up  Area,Ready To Move,Kammanahalli,3 BHK,Society_143,1493,2.0,1.0,92.06
Super built-up  Area,Ready To Move,Hoodi,3 BHK,,1311 - 1411,3.0,2.0,80.14
Plot  Area,Ready To Move,Basavanagudi,3 BHK,,1318,4.0,3.0,141.22
Super built-up  Area,Ready To Move,Basaveshwara Nagar,3 BHK,Society_28,1599,2.0,3.0,79.32
Super built-up  Area,Ready To Move,Banaswadi,3 BHK,,1729,3.0,2.0,128.98
Super built-up  Area,Ready To Move,Kammanahalli,4 BHK,,2456,4.0,1.0,171.18
Super built-up  Area,22-Jan,Lavelle Road,4 BHK,Society_150,2443 - 2543,4.0,2.0,681.57
Built-up  Area,22-Jan,HBR Layout,3 BHK,,1275,3.0,3.0,96.46
Built-up  Area,22-Jan,JP Nagar,3 BHK,Society_81,1390,2.0,1.0,122.18
Super built-up  Area,Ready To Move,New BEL Road,3 BHK,Society_23,1666,3.0,1.0,82.07
Super built-up  Area,Ready To Move,Uttarahalli,2 BHK,Society_178,1132 - 1232,2.0,2.0,58.02
Super built-up  Area,Ready To Move,Jigani,4 BHK,,2105,4.0,0.0,108.43
Super built-up  Area,Ready To Move,Koramangala,3 BHK,,1420,3.0,3.0,216.24
Carpet  Area,19-Dec,Hoodi,2 BHK,Society_102,1064,2.0,2.0,61.02
Built-up  Area,Ready To Move,Begur Road,4 BHK,Society_40,2496,4.0,3.0,145.42
Plot  Area,Ready To Move,BTM Layout,5 BHK,Society_75,3368,5.0,0.0,248.98
Carpet  Area,19-Dec,Kalyan Nagar,4 BHK,,2226,5.0,1.0,144.81
Carpet  Area,Ready To Move,Kogilu,4 BHK,,2144,4.0,1.0,118.63
Carpet  Area,22-Jan,Chamrajpet,2 BHK,,990,2.0,2.0,59.77
Super built-up  Area,Ready To Move,Kumaraswamy Layout,3 BHK,Society_165,1475,3.0,3.0,74.04
Super built-up  Area,19-Dec,Kanakapura Road,3 BHK,Society_98,1614 - 1714,3.0,1.0,92.23
Super built-up  Area,Ready To Move,Hosa Road,5 BHK,,3366,4.0,3.0,211.36
Built-up  Area,19-Dec,Horamavu Agara,3 BHK,Society_138,1719,3.0,2.0,92.07
Carpet  Area,Ready To Move,Banaswadi,3 BHK,Society_82,1662 - 1762,4.0,2.0,100.05
Super built-up  Area,Ready To Move,Hosa Road,2 BHK,,1047 - 1147,2.0,2.0,51.68
Super built-up  Area,Ready To Move,Rachenahalli,3 BHK,Society_58,1701,4.0,0.0,106.6
Built-up  Area,Ready To Move,Bagalur,3 BHK,,1633,2.0,2.0,94.73
Built-up  Area,Ready To Move,Koramangala,4 BHK,,2120,4.0,1.0,236.26
Super built-up  Area,Ready To Move,Laggere,4 BHK,,2214,4.0,2.0,140.19
Super built-up  Area,Ready To Move,Wilson Garden,2 BHK,,1331,2.0,2.0,138.75
Carpet  Area,22-Jan,Jalahalli,3 BHK,Society_154,1264,3.0,2.0,80.65
Plot  Area,22-Jan,Nagarbhavi,3 BHK,Society_99,1695,3.0,3.0,125.22
Super built-up  Area,Ready To Move,Narayanapura,2 BHK,,857,3.0,1.0,50.55
Built-up  Area,Ready To Move,Ulsoor,3 BHK,,1396,3.0,2.0,152.93
Super built-up  Area,Ready To Move,Padmanabhanagar,2 BHK,,1211 - 1311,2.0,0.0,88.84
Plot  Area,Ready To Move,Hulimavu,3 BHK,,1414,4.0,2.0,112.39
Built-up  Area,Ready To Move,Bannerghatta Road,5 BHK,,3781,5.0,0.0,271.75
Built-up  Area,22-Jan,MG Road,1 BHK,,545,1.0,1.0,130.15
Built-up  Area,Ready To Move,Mysore Road,3 BHK,,1541,3.0,2.0,73.02
Super built-up  Area,22-Jan,Kengeri,4 BHK,,2261 - 2361,3.0,0.0,156.55
Plot  Area,Ready To Move,Banashankari,3 BHK,,1547,4.0,3.0,107.4
Super built-up  Area,19-Dec,MG Road,3 BHK,Society_81,1324,3.0,2.0,163.26
Built-up  Area,19-Dec,Arekere,2 BHK,Society_129,1097,3.0,2.0,52.99
Super built-up  Area,Ready To Move,Lavelle Road,4 BHK,,2243,4.0,3.0,519.5
Plot  Area,Ready To Move,Jigani,3 BHK,,1336,3.0,2.0,84.67
Super built-up  Area,22-Jan,Thanisandra,3 BHK,Society_171,1346,4.0,2.0,88.06
Super built-up  Area,Ready To Move,Marathahalli,3 BHK,Society_61,1535,4.0,2.0,128.04
Carpet  Area,Ready To Move,Sadashiva Nagar,3 BHK,,1480,3.0,1.0,206.34
Super built-up  Area,Ready To Move,Kadugodi,5 BHK,Society_117,3427,5.0,2.0,219.14
Super built-up  Area,Ready To Move,Hebbal,3 BHK,Society_177,1643,4.0,3.0,135.23
Super built-up  Area,19-Dec,CV Raman Nagar,2 BHK,Society_120,1281,2.0,2.0,70.54
Super built-up  Area,Ready To Move,Ejipura,3 BHK,,1287 - 1387,2.0,1.0,123.91
Carpet  Area,22-Jan,Sahakara Nagar,3 BHK,Society_119,1335 - 1435,3.0,1.0,103.44
Plot  Area,Ready To Move,Gottigere,2 BHK,Society_23,1259,2.0,1.0,79.96
Plot  Area,Ready To Move,Kumaraswamy Layout,3 BHK,,1702,3.0,2.0,120.65
Carpet  Area,Ready To Move,Thanisandra Main Road,4 BHK,,2151,4.0,1.0,104.56
Built-up  Area,19-Dec,Whitefield,4 BHK,,2248,4.0,2.0,151.51
Super built-up  Area,Ready To Move,Begur Road,3 BHK,,1547,4.0,1.0,88.61
Carpet  Area,Ready To Move,Yeshwanthpur,3 BHK,,1434,3.0,1.0,91.02
Super built-up  Area,19-Dec,Benson Town,2 BHK,,1226,1.0,2.0,88.83
Plot  Area,Ready To Move,Sadashiva Nagar,2 BHK,,937,2.0,2.0,154.1
Carpet  Area,19-Dec,Whitefield,4 BHK,,2226,4.0,1.0,138.28
Plot  Area,Ready To Move,Jakkur,2 BHK,,810,2.0,0.0,66.13
Super built-up  Area,19-Dec,Hennur Road,2 BHK,,1237,2.0,0.0,63.54
Built-up  Area,22-Jan,Sahakara Nagar,2 BHK,,1316,2.0,2.0,75.12
Plot  Area,19-Dec,Kanakapura Road,3 BHK,Society_8,1702,4.0,2.0,118.72
Built-up  Area,22-Jan,Malleshwaram,3 BHK,,1388,3.0,0.0,170.37
Super built-up  Area,22-Jan,Chandapura,4 BHK,,2319,5.0,1.0,95.69
Built-up  Area,22-Jan,Thanisandra Main Road,4 BHK,Society_151,2104,4.0,1.0,139.43
Carpet  Area,Ready To Move,Hoodi,2 BHK,Society_192,1060,3.0,2.0,54.87
Super built-up  Area,19-Dec,Kalyan Nagar,3 BHK,,1488,3.0,2.0,89.11
Super built-up  Area,19-Dec,Hoodi,3 BHK,Society_28,1726 - 1826,4.0,2.0,109.67
Plot  Area,19-Dec,Ulsoor,4 BHK,,2086,5.0,3.0,244.39
Super built-up  Area,Ready To Move,Kengeri,3 BHK,Society_125,1377 - 1477,3.0,0.0,95.18
Built-up  Area,Ready To Move,Devanahalli,5 BHK,,3587,5.0,3.0,169.52
Built-up  Area,Ready To Move,Marathahalli,1 BHK,,457 - 557,1.0,1.0,31.87
Carpet  Area,Ready To Move,Arekere,4 BHK,Society_168,2510,4.0,0.0,120.84
Super built-up  Area,19-Dec,Varthur,4 BHK,,2301 - 2401,3.0,0.0,129.83
Super built-up  Area,Ready To Move,Malleshwaram,4 BHK,,2191,4.0,2.0,273.46
Super built-up  Area,22-Jan,Vijayanagar,4 BHK,,2181 - 2281,4.0,1.0,111.27
Super built-up  Area,Ready To Move,Gottigere,4 BHK,Society_42,2485,4.0,1.0,107.67
Super built-up  Area,Ready To Move,Vidyaranyapura,2 BHK,,874,2.0,1.0,49.31
Carpet  Area,Ready To Move,Bommanahalli,2 BHK,Society_76,1085,2.0,1.0,67.82
Super built-up  Area,Ready To Move,Chandapura,4 BHK,Society_162,2561,4.0,1.0,70.85
Super built-up  Area,Ready To Move,Cunningham Road,3 BHK,Society_92,1300,4.0,1.0,198.83
Built-up  Area,Ready To Move,Bommanahalli,3 BHK,,1470 - 1570,3.0,1.0,83.94
Super built-up  Area,Ready To Move,Electronic City,4 BHK,Society_163,2059,4.0,0.0,103.06
Plot  Area,22-Jan,Girinagar,3 BHK,Society_172,1295,3.0,1.0,113.66
Plot  Area,Ready To Move,Dasarahalli,4 BHK,,2517,5.0,2.0,118.05
Built-up  Area,22-Jan,Thanisandra,2 BHK,Society_165,1037 - 1137,2.0,1.0,52.39
Super built-up  Area,Ready To Move,Dasarahalli,3 BHK,,1385,2.0,3.0,86.74
Plot  Area,Ready To Move,Gottigere,3 BHK,,1264,3.0,2.0,101.73
Super built-up  Area,22-Jan,New BEL Road,1 BHK,,708,2.0,0.0,54.63
Built-up  Area,Ready To Move,BTM Layout,5 BHK,Society_92,3541,5.0,0.0,320.65
Super built-up  Area,22-Jan,Nagarbhavi,2 BHK,,988,2.0,2.0,53.79
Carpet  Area,Ready To Move,Peenya,2 BHK,Society_169,1227,2.0,2.0,65.77
Built-up  Area,22-Jan,Jalahalli,3 BHK,Society_25,1773,4.0,1.0,109.33
Super built-up  Area,19-Dec,Domlur,3 BHK,Society_112,1524,3.0,0.0,126.36
Carpet  Area,Ready To Move,Vasanth Nagar,3 BHK,,1646,3.0,2.0,170.32
Plot  Area,Ready To Move,Raja Rajeshwari Nagar,4 BHK,,2085 - 2185,4.0,0.0,149.96
Super built-up  Area,Ready To Move,Kudlu Gate,1 BHK,Society_169,687,1.0,1.0,47.27
Plot  Area,19-Dec,Ramamurthy Nagar,4 BHK,Society_23,2262,4.0,1.0,173.19
Super built-up  Area,Ready To Move,Kogilu,3 BHK,Society_126,1505,4.0,3.0,100.37
Built-up  Area,22-Jan,Kogilu,4 BHK,Society_3,2526,4.0,1.0,174.17
Carpet  Area,19-Dec,Chamrajpet,3 BHK,,1765,3.0,3.0,124.6
Super built-up  Area,Ready To Move,Kalyan Nagar,2 BHK,Society_173,810,2.0,1.0,42.98
Built-up  Area,Ready To Move,Thanisandra Main Road,4 BHK,,2485,4.0,1.0,144.96
Built-up  Area,19-Dec,Jayanagar,4 BHK,Society_103,2399,5.0,0.0,246.57
Built-up  Area,22-Jan,Chandapura,2 BHK,,1300,2.0,2.0,47.41
Carpet  Area,Ready To Move,Old Madras Road,4 BHK,,2319 - 2419,4.0,2.0,153.48
Super built-up  Area,22-Jan,Rajaji Nagar,2 BHK,Society_73,1093,2.0,0.0,127.95
Super built-up  Area,19-Dec,HRBR Layout,4 BHK,Society_87,2083,4.0,2.0,130.92
Built-up  Area,Ready To Move,Banaswadi,1 BHK,Society_106,580 - 680,1.0,1.0,26.47
Built-up  Area,Ready To Move,Cox Town,3 BHK,,1305,3.0,2.0,84.82
Super built-up  Area,19-Dec,Chandapura,2 BHK,,1105,1.0,0.0,45.83
Plot  Area,19-Dec,Bagalur,1 BHK,Society_36,892,2.0,1.0,59.51
Carpet  Area,Ready To Move,Begur Road,4 BHK,Society_104,2298,4.0,1.0,128.32
Built-up  Area,Ready To Move,Arekere,5 BHK,Society_18,3575,5.0,2.0,217.35
Super built-up  Area,Ready To Move,Chikkaballapur Road,2 BHK,,1317,3.0,1.0,66.82
Super built-up  Area,Ready To Move,Dasarahalli,3 BHK,,1678 - 1778,4.0,1.0,95.95
Carpet  Area,Ready To Move,Narayanapura,3 BHK,,1791,3.0,2.0,141.98
Plot  Area,Ready To Move,Malleshwaram,2 BHK,Society_154,1299,2.0,2.0,178.67
Super built-up  Area,22-Jan,Banaswadi,2 BHK,,863,1.0,0.0,48.81
Built-up  Area,Ready To Move,Sadashiva Nagar,2 BHK,,988,2.0,2.0,174.33
Super built-up  Area,Ready To Move,Sahakara Nagar,4 BHK,Society_198,2587,3.0,1.0,152.23
Super built-up  Area,Ready To Move,Fraser Town,3 BHK,,1408,2.0,3.0,69.86
Super built-up  Area,Ready To Move,Marathahalli,1 BHK,,583,1.0,1.0,41.55
Super built-up  Area,19-Dec,New BEL Road,3 BHK,Society_156,1500,3.0,2.0,85.05
Super built-up  Area,19-Dec,Arekere,5 BHK,,3785,4.0,3.0,271.07
Built-up  Area,Ready To Move,Jalahalli,4 BHK,Society_25,2524 - 2624,4.0,3.0,126.21
Built-up  Area,Ready To Move,Akshaya Nagar,3 BHK,Society_97,1574,4.0,2.0,86.52
Built-up  Area,Ready To Move,Chamrajpet,2 BHK,,1293,2.0,1.0,72.51
Super built-up  Area,Ready To Move,Benson Town,4 BHK,,2588,4.0,3.0,132.54
Super built-up  Area,Ready To Move,Lingarajapuram,2 BHK,Society_40,957,3.0,0.0,60.01
Super built-up  Area,Ready To Move,Lingarajapuram,3 BHK,,1757,2.0,1.0,97.08
Super built-up  Area,Ready To Move,Akshaya Nagar,5 BHK,,3394,5.0,1.0,163.67
Super built-up  Area,22-Jan,Bommanahalli,3 BHK,,1421,2.0,0.0,80.01
Built-up  Area,Ready To Move,Chandapura,3 BHK,,1622,4.0,0.0,81.41
Super built-up  Area,19-Dec,New BEL Road,2 BHK,,1305,2.0,1.0,78.76
Super built-up  Area,22-Jan,Nagarbhavi,1 BHK,Society_153,495,1.0,1.0,33.57
Super built-up  Area,Ready To Move,Whitefield,4 BHK,,2438,4.0,0.0,131.21
Super built-up  Area,Ready To Move,Kogilu,1 BHK,,551,1.0,1.0,43.35
Super built-up  Area,22-Jan,Vidyaranyapura,4 BHK,,2301,4.0,3.0,136.96
Plot  Area,Ready To Move,Domlur,3 BHK,,1624,2.0,2.0,250.38
Super built-up  Area,22-Jan,Rajarajeshwari Nagara,4 BHK,,2379,5.0,3.0,147.61
Carpet  Area,Ready To Move,HBR Layout,4 BHK,Society_155,2301 - 2401,3.0,2.0,142.39
Built-up  Area,Ready To Move,MG Road,2 BHK,,959,2.0,1.0,169.4
Super built-up  Area,Ready To Move,Varthur,3 BHK,,1640,3.0,3.0,92.18
Built-up  Area,22-Jan,Richmond Town,3 BHK,,1697,3.0,1.0,239.23
Built-up  Area,19-Dec,Nagarbhavi,3 BHK,,1387,3.0,1.0,80.82
Built-up  Area,22-Jan,Thanisandra,2 BHK,Society_146,912,2.0,1.0,43.47
Super built-up  Area,Ready To Move,Arekere,2 BHK,,1293,2.0,0.0,70.95
Super built-up  Area,Ready To Move,Devanahalli,2 BHK,Society_112,992,2.0,0.0,54.54
Super built-up  Area,Ready To Move,Devanahalli,4 BHK,Society_110,2306,4.0,1.0,99.59
Super built-up  Area,Ready To Move,KR Puram,3 BHK,,1391,3.0,0.0,97.64
Plot  Area,22-Jan,Yeshwanthpur,4 BHK,Society_168,2290,5.0,1.0,119.46
Built-up  Area,Ready To Move,MG Road,4 BHK,,2416,3.0,0.0,280.49
Super built-up  Area,Ready To Move,New BEL Road,4 BHK,Society_193,2353,5.0,2.0,123.04
Built-up  Area,Ready To Move,Cunningham Road,4 BHK,,2404 - 2504,4.0,0.0,449.87
Built-up  Area,Ready To Move,Varthur,3 BHK,Society_94,1272,3.0,1.0,86.28
Super built-up  Area,Ready To Move,Kadugodi,2 BHK,Society_118,1032,2.0,0.0,65.6
Super built-up  Area,Ready To Move,Jakkur,4 BHK,Society_163,2371,5.0,3.0,102.13
Super built-up  Area,19-Dec,Kudlu Gate,2 BHK,,850,1.0,2.0,59.29
Super built-up  Area,Ready To Move,Kengeri,4 BHK,,2156,4.0,1.0,107.3
Built-up  Area,22-Jan,Kanakapura Road,4 BHK,,2424 - 2524,4.0,2.0,150.58
Built-up  Area,22-Jan,Kadugodi,3 BHK,Society_131,1668,3.0,2.0,110.48
Super built-up  Area,Ready To Move,Hosa Road,3 BHK,,1662,3.0,1.0,116.06
Built-up  Area,Ready To Move,Kalyan Nagar,2 BHK,Society_101,1330,3.0,1.0,69.69
Super built-up  Area,Ready To Move,Budigere Cross,2 BHK,,1008,1.0,2.0,58.79
Super built-up  Area,Ready To Move,Kammanahalli,2 BHK,,1182,3.0,0.0,69.15
Super built-up  Area,Ready To Move,Hosa Road,2 BHK,Society_112,1205 - 1305,1.0,0.0,59.66
Super built-up  Area,Ready To Move,Sadashiva Nagar,1 BHK,Society_91,500,1.0,0.0,85.6
Super built-up  Area,Ready To Move,Adugodi,2 BHK,,935,3.0,2.0,48.11
Plot  Area,Ready To Move,Lingarajapuram,3 BHK,Society_25,1694,2.0,3.0,135.18
Plot  Area,Ready To Move,Horamavu Agara,2 BHK,Society_147,890,2.0,2.0,49.3
Plot  Area,Ready To Move,Laggere,3 BHK,,1769,3.0,3.0,132.51
Built-up  Area,Ready To Move,Jalahalli,4 BHK,,2234,3.0,0.0,97.3
Built-up  Area,Ready To Move,Dasarahalli,5 BHK,,3828,4.0,2.0,261.36
Super built-up  Area,Ready To Move,Akshaya Nagar,2 BHK,,1004,2.0,2.0,43.65
Super built-up  Area,19-Dec,Narayanapura,4 BHK,Society_115,2593,5.0,1.0,164.05
Plot  Area,19-Dec,HBR Layout,3 BHK,Society_30,1326,3.0,1.0,86.28
Plot  Area,Ready To Move,Cunningham Road,4 BHK,,2440,4.0,3.0,378.66
Super built-up  Area,22-Jan,MG Road,2 BHK,,961,2.0,1.0,124.07
Built-up  Area,Ready To Move,Dasarahalli,3 BHK,Society_138,1795,3.0,2.0,108.96
Super built-up  Area,Ready To Move,Chamrajpet,3 BHK,,1451,2.0,0.0,77.27
Super built-up  Area,Ready To Move,Nayandahalli,2 BHK,,1213,2.0,1.0,60.21
Built-up  Area,Ready To Move,Cunningham Road,4 BHK,,2257,4.0,1.0,370.58
Carpet  Area,22-Jan,Anekal,4 BHK,,2558,5.0,1.0,96.39
Built-up  Area,22-Jan,Dasarahalli,2 BHK,,864,1.0,2.0,49.58
Carpet  Area,Ready To Move,Raja Rajeshwari Nagar,4 BHK,,2076,3.0,1.0,141.02
Built-up  Area,19-Dec,Kumaraswamy Layout,4 BHK,Society_87,2507,5.0,1.0,129.12
Built-up  Area,Ready To Move,Nagarbhavi,1 BHK,Society_187,831,1.0,0.0,49.92
Super built-up  Area,Ready To Move,Arekere,2 BHK,,1060,2.0,2.0,54.71
Super built-up  Area,19-Dec,Rachenahalli,5 BHK,Society_168,3707,5.0,0.0,255.09
Super built-up  Area,Ready To Move,Horamavu Agara,3 BHK,,1663,3.0,0.0,80.78
Built-up  Area,Ready To Move,HSR Layout,2 BHK,,1207,2.0,1.0,130.27
Super built-up  Area,Ready To Move,Vidyaranyapura,2 BHK,Society_134,959,3.0,2.0,56.6
Carpet  Area,Ready To Move,JP Nagar,2 BHK,Society_15,1064 - 1164,2.0,2.0,83.89
Super built-up  Area,22-Jan,Kumaraswamy Layout,2 BHK,Society_29,943 - 1043,1.0,2.0,57.76
Carpet  Area,Ready To Move,Padmanabhanagar,2 BHK,Society_114,925,2.0,2.0,53.8
Built-up  Area,Ready To Move,Akshaya Nagar,4 BHK,Society_191,2219,5.0,0.0,105.89
Carpet  Area,19-Dec,Dasarahalli,2 BHK,,1056,2.0,1.0,56.75
Super built-up  Area,Ready To Move,Vijayanagar,3 BHK,,1660 - 1760,3.0,0.0,119.04
Super built-up  Area,19-Dec,Richmond Town,1 BHK,Society_40,942,1.0,1.0,149.69
Super built-up  Area,22-Jan,Akshaya Nagar,3 BHK,Society_38,1557,2.0,3.0,62.36
Super built-up  Area,Ready To Move,New BEL Road,3 BHK,Society_164,1595,3.0,1.0,86.11
Built-up  Area,22-Jan,Mahadevapura,5 BHK,,3652,4.0,1.0,258.03
Carpet  Area,19-Dec,Budigere Cross,2 BHK,Society_190,1144,2.0,1.0,65.06
Plot  Area,22-Jan,Hennur Road,3 BHK,Society_178,1776,3.0,3.0,125.13
Carpet  Area,22-Jan,Benson Town,4 BHK,,2003 - 2103,3.0,3.0,134.82
Super built-up  Area,22-Jan,Horamavu Agara,2 BHK,,982,2.0,2.0,53.24
Carpet  Area,19-Dec,Rajarajeshwari Nagara,5 BHK,,3862,4.0,1.0,184.36
Plot  Area,Ready To Move,Banaswadi,3 BHK,,1364,4.0,1.0,83.94
Built-up  Area,Ready To Move,Hulimavu,4 BHK,,2305,4.0,0.0,145.51
Built-up  Area,19-Dec,Uttarahalli,2 BHK,Society_181,1061,1.0,0.0,67.24
Carpet  Area,Ready To Move,Rachenahalli,2 BHK,,1299,1.0,2.0,73.28
Built-up  Area,Ready To Move,Fraser Town,2 BHK,,941,2.0,1.0,67.91
Built-up  Area,19-Dec,Rajarajeshwari Nagara,4 BHK,Society_18,2152,4.0,0.0,129.72
Super built-up  Area,Ready To Move,Marathahalli,4 BHK,,2153,3.0,2.0,138.84
Plot  Area,19-Dec,Adugodi,4 BHK,,2445,4.0,2.0,177.22
Super built-up  Area,Ready To Move,Kogilu,4 BHK,Society_1,2429,4.0,3.0,182.78
Plot  Area,Ready To Move,Kalyan Nagar,4 BHK,,2359,3.0,3.0,156.1
Super built-up  Area,22-Jan,HSR Layout,2 BHK,,989,2.0,2.0,110.1
Super built-up  Area,19-Dec,Sarjapur Road,2 BHK,,1084,2.0,2.0,73.85
Super built-up  Area,Ready To Move,Richmond Town,2 BHK,Society_67,1310,2.0,2.0,191.55
Carpet  Area,Ready To Move,Padmanabhanagar,3 BHK,,1528,3.0,2.0,83.36
Super built-up  Area,Ready To Move,Devanahalli,5 BHK,,3815,5.0,1.0,177.51
Super built-up  Area,Ready To Move,Ramamurthy Nagar,3 BHK,Society_27,1744,3.0,0.0,110.07
Super built-up  Area,Ready To Move,KR Puram,4 BHK,Society_79,2190,4.0,3.0,157.98
Built-up  Area,Ready To Move,Old Madras Road,2 BHK,,804,2.0,2.0,43.23
Built-up  Area,Ready To Move,Jayanagar,4 BHK,,2087,5.0,1.0,147.07
Super built-up  Area,22-Jan,Malleshwaram,3 BHK,,1638,2.0,2.0,193.49
Super built-up  Area,22-Jan,Rajarajeshwari Nagara,2 BHK,Society_60,1167,2.0,2.0,64.35
Super built-up  Area,Ready To Move,Ulsoor,5 BHK,Society_168,3554,6.0,2.0,452.4
Built-up  Area,22-Jan,Yeshwanthpur,2 BHK,Society_108,1123,2.0,2.0,73.39
Super built-up  Area,Ready To Move,Hulimavu,3 BHK,,1261,2.0,1.0,86.99
Super built-up  Area,Ready To Move,Hennur Road,3 BHK,Society_56,1648 - 1748,3.0,0.0,104.72
Plot  Area,Ready To Move,HRBR Layout,4 BHK,,2315 - 2415,3.0,1.0,185.03
Super built-up  Area,22-Jan,KR Puram,2 BHK,,1081,1.0,2.0,64.69
Super built-up  Area,Ready To Move,Electronic City,1 BHK,Society_172,827,1.0,1.0,44.17
Built-up  Area,Ready To Move,Kumaraswamy Layout,4 BHK,,2318,5.0,2.0,76.97
Super built-up  Area,Ready To Move,Jakkur,3 BHK,Society_86,1541,3.0,2.0,97.48
Built-up  Area,19-Dec,Chamrajpet,4 BHK,,2424,4.0,3.0,115.56
Super built-up  Area,Ready To Move,Cox Town,3 BHK,,1471,3.0,0.0,87.95
Super built-up  Area,Ready To Move,Mysore Road,3 BHK,Society_64,1777,3.0,3.0,109.16
Plot  Area,Ready To Move,Bommanahalli,2 BHK,,880 - 980,1.0,2.0,59.12
Super built-up  Area,22-Jan,Vidyaranyapura,2 BHK,,1022 - 1122,1.0,2.0,74.94
Carpet  Area,Ready To Move,Marathahalli,3 BHK,,1518,3.0,1.0,128.08
Super built-up  Area,Ready To Move,Banashankari,3 BHK,,1355,3.0,0.0,69.7
Super built-up  Area,22-Jan,Lingarajapuram,3 BHK,Society_16,1294,3.0,3.0,72.99
Super built-up  Area,Ready To Move,Vidyaranyapura,3 BHK,,1328 - 1428,3.0,2.0,66.47
Super built-up  Area,22-Jan,Electronic City,2 BHK,,1266,3.0,1.0,79.49
Plot  Area,19-Dec,Attibele,3 BHK,,1767,2.0,3.0,80.1
Built-up  Area,22-Jan,Horamavu Agara,2 BHK,,1173,2.0,1.0,68.04
Super built-up  Area,19-Dec,Brigade Road,4 BHK,,2351,4.0,1.0,467.69
Carpet  Area,19-Dec,Lavelle Road,2 BHK,Society_5,1100,2.0,2.0,199.55
Super built-up  Area,Ready To Move,Ulsoor,2 BHK,,1168,2.0,2.0,118.16
Super built-up  Area,Ready To Move,Ramamurthy Nagar,4 BHK,Society_120,2555,5.0,0.0,148.69
Super built-up  Area,Ready To Move,Vijayanagar,5 BHK,,3378,4.0,2.0,163.81
Super built-up  Area,Ready To Move,Rajarajeshwari Nagara,2 BHK,,1115,2.0,2.0,74.22
Carpet  Area,22-Jan,Rachenahalli,1 BHK,,849 - 949,1.0,1.0,37.91
Plot  Area,22-Jan,Old Madras Road,3 BHK,Society_195,1609 - 1709,4.0,1.0,101.09
Built-up  Area,22-Jan,Narayanapura,3 BHK,Society_38,1705,2.0,1.0,76.84
Super built-up  Area,Ready To Move,Ramamurthy Nagar,2 BHK,,871,3.0,1.0,45.36
Super built-up  Area,22-Jan,Hormavu,2 BHK,,1321,3.0,1.0,55.38
Plot  Area,19-Dec,Whitefield,2 BHK,,845,2.0,2.0,60.27
Carpet  Area,Ready To Move,Chamrajpet,3 BHK,Society_42,1667,4.0,0.0,66.84
Super built-up  Area,22-Jan,Kanakapura Road,3 BHK,,1615,3.0,3.0,88.02
Plot  Area,Ready To Move,Wilson Garden,3 BHK,Society_160,1267,3.0,1.0,193.89
Carpet  Area,Ready To Move,Cunningham Road,3 BHK,,1747,4.0,2.0,343.94
Plot  Area,19-Dec,Malleshwaram,1 BHK,,711,1.0,1.0,87.06
Carpet  Area,22-Jan,Vijayanagar,4 BHK,,2128,4.0,1.0,130.61
Super built-up  Area,Ready To Move,Yeshwanthpur,3 BHK,,1563,3.0,3.0,100.61
Plot  Area,Ready To Move,Kumaraswamy Layout,3 BHK,Society_118,1309,4.0,1.0,104.21
Super built-up  Area,22-Jan,Anekal,4 BHK,Society_181,2504,4.0,1.0,98.66
Super built-up  Area,22-Jan,Ejipura,2 BHK,,1126,2.0,2.0,74.44
Super built-up  Area,Ready To Move,Rajarajeshwari Nagara,2 BHK,,800,2.0,1.0,35.24
Built-up  Area,Ready To Move,Jayanagar,2 BHK,,1186,3.0,0.0,189.96
Carpet  Area,22-Jan,Mahadevapura,2 BHK,Society_197,881,2.0,2.0,46.49
Built-up  Area,Ready To Move,Yeshwanthpur,3 BHK,,1509,3.0,2.0,84.96
Super built-up  Area,Ready To Move,Thanisandra Main Road,3 BHK,,1361,3.0,2.0,110.92
Plot  Area,19-Dec,Bommasandra,2 BHK,Society_69,1280 - 1380,1.0,2.0,81.74
Super built-up  Area,Ready To Move,Koramangala,3 BHK,Society_45,1610,3.0,0.0,238.92
Super built-up  Area,22-Jan,Bellandur,3 BHK,,1486,3.0,2.0,84.25
Plot  Area,Ready To Move,Mahadevapura,1 BHK,,412,1.0,1.0,30.47
Super built-up  Area,Ready To Move,Yelahanka,3 BHK,,1352,2.0,3.0,87.2
Super built-up  Area,19-Dec,HSR Layout,2 BHK,,1278,2.0,1.0,100.97
Super built-up  Area,Ready To Move,Kalyan Nagar,3 BHK,Society_66,1766,2.0,2.0,116.27
Super built-up  Area,Ready To Move,Indira Nagar,2 BHK,,1071,2.0,1.0,118.54
Super built-up  Area,Ready To Move,KR Puram,3 BHK,Society_109,1274,2.0,2.0,69.29
Carpet  Area,19-Dec,Kammanahalli,5 BHK,Society_150,3684,4.0,2.0,214.71
Plot  Area,Ready To Move,Bagalur,3 BHK,,1705,2.0,3.0,115.82
Built-up  Area,Ready To Move,Anekal,3 BHK,Society_130,1619,3.0,1.0,59.41
Plot  Area,Ready To Move,Vijayanagar,4 BHK,,2010 - 2110,3.0,0.0,141.54
Super built-up  Area,19-Dec,Bommanahalli,4 BHK,,2246,5.0,1.0,111.79
Built-up  Area,Ready To Move,Electronic City,2 BHK,Society_56,925 - 1025,2.0,2.0,50.65
Built-up  Area,Ready To Move,Uttarahalli,3 BHK,,1265,3.0,1.0,82.41
Built-up  Area,19-Dec,Fraser Town,3 BHK,,1542,3.0,3.0,100.63
Built-up  Area,Ready To Move,Chamrajpet,2 BHK,,1197 - 1297,1.0,2.0,69.47
Plot  Area,22-Jan,Magadi Road,2 BHK,,990,2.0,0.0,61.33
Plot  Area,22-Jan,Ejipura,3 BHK,Society_197,1395,3.0,1.0,111.62
Built-up  Area,Ready To Move,BTM Layout,3 BHK,,1517,3.0,2.0,124.78
Built-up  Area,Ready To Move,Kadugodi,1 BHK,,886,1.0,1.0,62.32
Plot  Area,Ready To Move,Mahadevapura,4 BHK,Society_119,2472 - 2572,5.0,0.0,185.88
Built-up  Area,22-Jan,Vasanth Nagar,2 BHK,Society_190,1217 - 1317,1.0,0.0,173.68
Built-up  Area,Ready To Move,Kogilu,4 BHK,Society_39,2282,4.0,3.0,140.51
Built-up  Area,Ready To Move,Ulsoor,4 BHK,,2119,5.0,2.0,273.23
Super built-up  Area,Ready To Move,Devanahalli,4 BHK,Society_95,2323,4.0,2.0,102.81
Super built-up  Area,22-Jan,Mahadevapura,3 BHK,Society_69,1446,4.0,3.0,99.63
Super built-up  Area,Ready To Move,Devanahalli,3 BHK,,1763,3.0,1.0,68.07
Built-up  Area,19-Dec,Anekal,3 BHK,,1650,3.0,3.0,65.95
Super built-up  Area,Ready To Move,Akshaya Nagar,3 BHK,,1515 - 1615,3.0,2.0,79.03
Super built-up  Area,Ready To Move,Varthur,3 BHK,,1613,4.0,1.0,110.35
Built-up  Area,Ready To Move,HSR Layout,3 BHK,Society_35,1484,3.0,2.0,152.33
Built-up  Area,Ready To Move,Rajaji Nagar,2 BHK,,867 - 967,2.0,2.0,97.78
Built-up  Area,22-Jan,Fraser Town,4 BHK,,2168,3.0,3.0,131.1
Plot  Area,Ready To Move,Varthur,3 BHK,Society_30,1421,3.0,2.0,97.38
Super built-up  Area,Ready To Move,Magadi Road,3 BHK,,1405,4.0,2.0,96.73
Built-up  Area,22-Jan,Hulimavu,3 BHK,Society_124,1408,4.0,2.0,93.4
Built-up  Area,Ready To Move,Vijayanagar,3 BHK,,1442,4.0,2.0,73.27
Built-up  Area,Ready To Move,Kadugodi,2 BHK,,1308,2.0,2.0,65.79
Super built-up  Area,Ready To Move,Hulimavu,2 BHK,Society_124,1068,2.0,1.0,64.49
Plot  Area,22-Jan,Rajarajeshwari Nagara,3 BHK,Society_16,1494,3.0,3.0,114.24
Super built-up  Area,22-Jan,Kammanahalli,3 BHK,,1356 - 1456,3.0,2.0,87.14
Built-up  Area,22-Jan,Devanahalli,2 BHK,,935 - 1035,2.0,2.0,52.69
Super built-up  Area,Ready To Move,HBR Layout,5 BHK,Society_177,3719,4.0,2.0,220.39
Carpet  Area,22-Jan,Lingarajapuram,2 BHK,,874,1.0,1.0,51.82
Built-up  Area,19-Dec,Vidyaranyapura,1 BHK,,829,1.0,1.0,32.12
Super built-up  Area,22-Jan,HSR Layout,3 BHK,,1538,3.0,0.0,162.56
Carpet  Area,Ready To Move,Ulsoor,3 BHK,Society_180,1265,2.0,1.0,135.73
Super built-up  Area,Ready To Move,Jakkur,4 BHK,,2252,5.0,3.0,143.21
Built-up  Area,Ready To Move,Thanisandra Main Road,2 BHK,,1316,3.0,2.0,82.33
Carpet  Area,22-Jan,Cunningham Road,2 BHK,,1246,3.0,1.0,179.01
Built-up  Area,Ready To Move,Varthur,1 BHK,,511,1.0,1.0,35.49
Plot  Area,19-Dec,Bagalur,4 BHK,,2323,4.0,0.0,160.04
Super built-up  Area,Ready To Move,Vasanth Nagar,2 BHK,,1328,2.0,2.0,166.23
Plot  Area,Ready To Move,Jakkur,2 BHK,,1329,2.0,2.0,91.31
Super built-up  Area,Ready To Move,Jalahalli,3 BHK,Society_157,1455,3.0,0.0,100.38
Super built-up  Area,Ready To Move,Kudlu Gate,3 BHK,,1472,3.0,1.0,81.95
Built-up  Area,22-Jan,Haralur Road,4 BHK,Society_125,2199,5.0,2.0,184.8
Plot  Area,Ready To Move,Mysore Road,2 BHK,Society_83,1309,2.0,2.0,86.04
Super built-up  Area,22-Jan,Laggere,2 BHK,Society_117,1222,1.0,2.0,68.91
Carpet  Area,19-Dec,Sadashiva Nagar,2 BHK,,813,2.0,2.0,143.33
Plot  Area,19-Dec,Bellandur,2 BHK,Society_102,1014,2.0,1.0,92.24
Built-up  Area,Ready To Move,Bagalur,2 BHK,,1114,2.0,1.0,57.04
Super built-up  Area,22-Jan,Bannerghatta Road,3 BHK,,1453,3.0,3.0,99.14
Built-up  Area,22-Jan,Hosa Road,3 BHK,Society_60,1726,3.0,1.0,104.35
Super built-up  Area,Ready To Move,Jalahalli,3 BHK,,1464,2.0,1.0,102.75
Built-up  Area,22-Jan,Malleshwaram,1 BHK,Society_74,416,1.0,1.0,47.25
Built-up  Area,19-Dec,Rachenahalli,3 BHK,Society_96,1686,3.0,1.0,88.33
Super built-up  Area,Ready To Move,Anekal,3 BHK,,1300,3.0,2.0,37.5
Built-up  Area,Ready To Move,Varthur,2 BHK,,886,1.0,1.0,40.18
Super built-up  Area,22-Jan,Yelahanka,2 BHK,,1298,1.0,2.0,80.91
Super built-up  Area,22-Jan,Indira Nagar,3 BHK,,1338,3.0,2.0,217.02
Built-up  Area,19-Dec,Whitefield,2 BHK,Society_99,1334,2.0,2.0,82.99
Plot  Area,Ready To Move,Chamrajpet,3 BHK,Society_150,1608,3.0,3.0,107.02
Super built-up  Area,19-Dec,Raja Rajeshwari Nagar,3 BHK,,1637,2.0,3.0,88.86
Built-up  Area,Ready To Move,New BEL Road,2 BHK,,813,2.0,2.0,47.65
Super built-up  Area,Ready To Move,Vijayanagar,4 BHK,,2180,4.0,3.0,135.72
Plot  Area,19-Dec,Gottigere,1 BHK,,723,1.0,1.0,54.42
Super built-up  Area,19-Dec,Adugodi,3 BHK,,1462,3.0,0.0,99.84
Plot  Area,Ready To Move,Haralur Road,3 BHK,Society_64,1648,2.0,2.0,105.93
Built-up  Area,Ready To Move,Vasanth Nagar,2 BHK,Society_54,1337,3.0,1.0,213.19
Super built-up  Area,Ready To Move,Bommanahalli,5 BHK,,3803,5.0,1.0,212.41
Plot  Area,Ready To Move,Brigade Road,1 BHK,,919,1.0,1.0,207.59
Plot  Area,19-Dec,Wilson Garden,2 BHK,Society_141,840 - 940,1.0,1.0,86.97
Built-up  Area,22-Jan,Sahakara Nagar,2 BHK,Society_147,911,2.0,0.0,48.59
Super built-up  Area,Ready To Move,Chandapura,2 BHK,,1126,1.0,2.0,39.96
Super built-up  Area,22-Jan,Kasturi Nagar,3 BHK,,1569,3.0,2.0,86.53
Plot  Area,Ready To Move,MG Road,3 BHK,,1393 - 1493,3.0,2.0,305.32
Super built-up  Area,Ready To Move,Gottigere,3 BHK,,1764,3.0,2.0,117.53
Built-up  Area,19-Dec,Chamrajpet,3 BHK,,1758,4.0,2.0,102.65
Super built-up  Area,Ready To Move,Jalahalli,3 BHK,,1504,3.0,2.0,77.64
Built-up  Area,22-Jan,Raja Rajeshwari Nagar,3 BHK,,1799,2.0,1.0,86.62
Super built-up  Area,22-Jan,Indira Nagar,2 BHK,,1140 - 1240,3.0,2.0,105.94
Super built-up  Area,Ready To Move,Wilson Garden,3 BHK,,1635,2.0,1.0,154.89
Super built-up  Area,Ready To Move,Bannerghatta Road,3 BHK,Society_45,1280,2.0,1.0,86.88
Super built-up  Area,22-Jan,Yelahanka,3 BHK,,1429 - 1529,4.0,3.0,108.69
Super built-up  Area,Ready To Move,JP Nagar,4 BHK,,2157,5.0,1.0,234.89
Built-up  Area,Ready To Move,Chikkaballapur Road,3 BHK,,1704,2.0,1.0,115.19
Built-up  Area,22-Jan,Rachenahalli,2 BHK,Society_155,894 - 994,2.0,2.0,57.18
Built-up  Area,Ready To Move,Padmanabhanagar,1 BHK,Society_116,574,1.0,1.0,32.58
Built-up  Area,Ready To Move,Ejipura,3 BHK,Society_91,1454 - 1554,2.0,2.0,139.87
Super built-up  Area,22-Jan,Anekal,4 BHK,,2243 - 2343,4.0,0.0,84.39
Super built-up  Area,22-Jan,Basavanagudi,4 BHK,Society_130,2244,4.0,1.0,293.38
Built-up  Area,19-Dec,Kasturi Nagar,3 BHK,Society_67,1488,3.0,2.0,69.9
Built-up  Area,22-Jan,Brigade Road,3 BHK,Society_25,1570 - 1670,3.0,1.0,228.34
Built-up  Area,Ready To Move,Anekal,3 BHK,Society_174,1579,3.0,0.0,57.48
Built-up  Area,Ready To Move,Electronic City,2 BHK,,1009 - 1109,3.0,1.0,51.7
Built-up  Area,22-Jan,Kudlu Gate,3 BHK,,1396,4.0,3.0,72.8
Built-up  Area,Ready To Move,Old Airport Road,3 BHK,,1489,4.0,0.0,187.53
Built-up  Area,19-Dec,Adugodi,2 BHK,Society_4,1216,3.0,1.0,72.48
Plot  Area,22-Jan,New BEL Road,3 BHK,,1345 - 1445,3.0,2.0,103.1
Plot  Area,Ready To Move,Vijayanagar,4 BHK,,2129,4.0,0.0,140.76
Super built-up  Area,Ready To Move,Varthur,3 BHK,Society_120,1443,3.0,1.0,78.32
Super built-up  Area,Ready To Move,Kumaraswamy Layout,4 BHK,,2053,5.0,0.0,125.56
Super built-up  Area,Ready To Move,Rajarajeshwari Nagara,3 BHK,,1643,3.0,2.0,110.36
Plot  Area,Ready To Move,Old Madras Road,3 BHK,,1401,3.0,2.0,90.65
Super built-up  Area,Ready To Move,Ulsoor,3 BHK,,1559,4.0,3.0,214.03
Super built-up  Area,Ready To Move,Wilson Garden,3 BHK,Society_76,1799,3.0,3.0,207.51
Super built-up  Area,Ready To Move,Haralur Road,3 BHK,Society_119,1379,3.0,2.0,73.55
Built-up  Area,19-Dec,Ramamurthy Nagar,3 BHK,,1420,4.0,3.0,118.17
Built-up  Area,Ready To Move,Jayanagar,4 BHK,,2234,4.0,2.0,264.65
Super built-up  Area,Ready To Move,Bannerghatta Road,2 BHK,,874,3.0,2.0,44.33
Built-up  Area,Ready To Move,Kanakapura Road,3 BHK,,1266,2.0,0.0,109.95
Super built-up  Area,22-Jan,MG Road,3 BHK,,1791,3.0,0.0,309.5
Super built-up  Area,Ready To Move,Brigade Road,2 BHK,,1302,3.0,2.0,208.45
Built-up  Area,Ready To Move,Hulimavu,4 BHK,,2173 - 2273,4.0,1.0,169.54
Super built-up  Area,Ready To Move,Bagalur,3 BHK,Society_91,1528,3.0,3.0,65.66
Plot  Area,Ready To Move,Narayanapura,4 BHK,,2237,4.0,1.0,176.75
Built-up  Area,Ready To Move,Padmanabhanagar,4 BHK,Society_75,2113,5.0,3.0,142.89
Carpet  Area,Ready To Move,MG Road,2 BHK,,1078,3.0,0.0,186.88
Super built-up  Area,19-Dec,Basaveshwara Nagar,3 BHK,,1719,4.0,1.0,78.43
Built-up  Area,Ready To Move,Basaveshwara Nagar,2 BHK,Society_17,952 - 1052,1.0,2.0,66.48
Built-up  Area,Ready To Move,Richmond Town,3 BHK,,1668,3.0,1.0,253.81
Super built-up  Area,19-Dec,Devanahalli,5 BHK,,3524,6.0,3.0,137.7
Built-up  Area,Ready To Move,Kasturi Nagar,2 BHK,,1268,2.0,1.0,79.6
Super built-up  Area,22-Jan,Kammanahalli,4 BHK,Society_157,2341,3.0,0.0,125.29
Plot  Area,Ready To Move,Raja Rajeshwari Nagar,2 BHK,Society_17,805 - 905,2.0,1.0,63.93
Plot  Area,19-Dec,Banaswadi,3 BHK,,1712,3.0,1.0,107.72
Built-up  Area,Ready To Move,Chamrajpet,2 BHK,,986,2.0,1.0,66.12
Super built-up  Area,Ready To Move,JP Nagar,4 BHK,,2218,4.0,2.0,187.08
Super built-up  Area,Ready To Move,Kogilu,1 BHK,Society_85,466,2.0,0.0,41.25
Carpet  Area,Ready To Move,Brigade Road,3 BHK,,1492,3.0,2.0,266.88
Super built-up  Area,22-Jan,Hulimavu,3 BHK,,1777,3.0,2.0,105.57
Super built-up  Area,Ready To Move,Girinagar,5 BHK,Society_193,3523,6.0,0.0,227.53
Built-up  Area,Ready To Move,Budigere Cross,2 BHK,Society_67,943,3.0,1.0,50.87
Super built-up  Area,Ready To Move,Malleshwaram,3 BHK,Society_53,1392,3.0,1.0,166.81
Super built-up  Area,Ready To Move,Electronic City,4 BHK,,2524 - 2624,4.0,0.0,161.46
Super built-up  Area,Ready To Move,Cox Town,4 BHK,,2352 - 2452,5.0,1.0,138.47
Super built-up  Area,Ready To Move,Magadi Road,4 BHK,Society_98,2529 - 2629,4.0,2.0,139.14
Carpet  Area,Ready To Move,Hennur Road,3 BHK,,1346,3.0,2.0,91.99
Built-up  Area,19-Dec,HSR Layout,4 BHK,,2360,5.0,1.0,221.98
Carpet  Area,Ready To Move,Adugodi,2 BHK,,1236,2.0,1.0,83.42
Carpet  Area,19-Dec,Attibele,4 BHK,,2243,4.0,2.0,156.13
Plot  Area,Ready To Move,Hebbal,3 BHK,,1434,2.0,0.0,137.56
Carpet  Area,19-Dec,HBR Layout,2 BHK,,1220,2.0,0.0,74.53
Built-up  Area,22-Jan,Horamavu Agara,3 BHK,,1504,2.0,1.0,93.26
Super built-up  Area,Ready To Move,Hosa Road,3 BHK,Society_196,1294,2.0,1.0,88.67
Super built-up  Area,Ready To Move,Yeshwanthpur,3 BHK,Society_69,1474,2.0,1.0,88.78
Built-up  Area,19-Dec,Mysore Road,3 BHK,Society_188,1279,4.0,3.0,86.37
Built-up  Area,Ready To Move,Hulimavu,2 BHK,,814,1.0,2.0,45.82
Super built-up  Area,19-Dec,Kengeri,3 BHK,,1304,3.0,2.0,92.26
Super built-up  Area,Ready To Move,Vasanth Nagar,4 BHK,,2371,4.0,2.0,278.36
Carpet  Area,Ready To Move,Kammanahalli,4 BHK,,2364,5.0,1.0,151.57
Carpet  Area,Ready To Move,Sadashiva Nagar,3 BHK,,1619,3.0,1.0,248.5
Super built-up  Area,22-Jan,Chikkaballapur Road,2 BHK,,900,1.0,0.0,52.95
Super built-up  Area,19-Dec,Rachenahalli,3 BHK,,1407,3.0,3.0,78.91
Carpet  Area,22-Jan,Vidyaranyapura,2 BHK,Society_164,970,1.0,2.0,46.83
Built-up  Area,19-Dec,Sarjapur Road,3 BHK,Society_135,1253,3.0,2.0,82.9
Super built-up  Area,Ready To Move,Attibele,4 BHK,Society_102,2210,3.0,2.0,99.02
Plot  Area,Ready To Move,Padmanabhanagar,2 BHK,,1194,1.0,2.0,68.21
Super built-up  Area,Ready To Move,Vidyaranyapura,4 BHK,,2240 - 2340,4.0,2.0,156.07
Plot  Area,Ready To Move,BTM Layout,3 BHK,,1290,4.0,3.0,87.31
Super built-up  Area,22-Jan,Bannerghatta Road,3 BHK,,1518,3.0,2.0,66.72
Built-up  Area,22-Jan,Akshaya Nagar,4 BHK,,2221 - 2321,4.0,2.0,151.46
Super built-up  Area,22-Jan,Lingarajapuram,2 BHK,Society_44,1181,2.0,1.0,76.03
Super built-up  Area,Ready To Move,Sarjapur Road,2 BHK,Society_158,1213,2.0,2.0,78.06
Super built-up  Area,22-Jan,Hoodi,2 BHK,Society_188,1050,1.0,1.0,61.75
Super built-up  Area,Ready To Move,Begur Road,4 BHK,,2069,5.0,2.0,116.39
Super built-up  Area,19-Dec,Ulsoor,3 BHK,,1518,3.0,1.0,194.97
Super built-up  Area,22-Jan,Peenya,3 BHK,,1691,4.0,2.0,87.25
Plot  Area,22-Jan,Electronic City,5 BHK,Society_36,3465,5.0,2.0,170.41
Built-up  Area,22-Jan,Fraser Town,3 BHK,,1509,3.0,0.0,89.63
Plot  Area,Ready To Move,Rajarajeshwari Nagara,1 BHK,Society_85,569,1.0,1.0,32.57
Carpet  Area,19-Dec,Banashankari,3 BHK,,1624,4.0,1.0,100.38
Plot  Area,Ready To Move,Kudlu Gate,2 BHK,Society_176,1277,2.0,1.0,108.6
Super built-up  Area,Ready To Move,HSR Layout,4 BHK,Society_156,2320,3.0,2.0,178.53
Built-up  Area,19-Dec,Whitefield,5 BHK,,3781,5.0,2.0,264.01
Super built-up  Area,Ready To Move,Hebbal,5 BHK,,3365,5.0,2.0,389.41
Super built-up  Area,19-Dec,Hennur Road,1 BHK,,553,1.0,0.0,31.09
Carpet  Area,Ready To Move,Lingarajapuram,2 BHK,,1008,2.0,2.0,67.32
Built-up  Area,Ready To Move,Chandapura,3 BHK,,1539,3.0,3.0,65.14
Plot  Area,Ready To Move,Magadi Road,3 BHK,,1738,3.0,3.0,130.2
Built-up  Area,Ready To Move,Gottigere,2 BHK,,813,2.0,2.0,43.35
Super built-up  Area,Ready To Move,Banaswadi,2 BHK,,1333,3.0,0.0,73.41
Carpet  Area,Ready To Move,Kasturi Nagar,4 BHK,,2082,5.0,1.0,120.21
Super built-up  Area,Ready To Move,Kadugodi,4 BHK,,2176,4.0,2.0,107.6
Plot  Area,Ready To Move,Jakkur,1 BHK,,525,2.0,1.0,33.82
Super built-up  Area,Ready To Move,Brigade Road,3 BHK,,1721,3.0,1.0,267.39
Super built-up  Area,Ready To Move,Dasarahalli,3 BHK,,1553,3.0,2.0,98.04
Carpet  Area,Ready To Move,Banaswadi,5 BHK,Society_30,3814,5.0,2.0,266.91
Super built-up  Area,Ready To Move,Vidyaranyapura,2 BHK,,1126,2.0,1.0,62.85
Super built-up  Area,Ready To Move,Bagalur,3 BHK,,1607,3.0,2.0,78.1
Built-up  Area,19-Dec,JP Nagar,3 BHK,,1324,4.0,1.0,127.54
Super built-up  Area,22-Jan,HSR Layout,2 BHK,,1198 - 1298,2.0,2.0,83.16
Super built-up  Area,Ready To Move,Banaswadi,1 BHK,,561,1.0,1.0,37.43
Super built-up  Area,22-Jan,Jakkur,4 BHK,,2371,4.0,0.0,133.12
Super built-up  Area,22-Jan,Bommanahalli,4 BHK,,2198 - 2298,4.0,1.0,99.25
Super built-up  Area,Ready To Move,Thanisandra,3 BHK,Society_125,1256,3.0,2.0,85.0
Super built-up  Area,Ready To Move,Budigere Cross,4 BHK,,2336,4.0,3.0,144.12
Plot  Area,Ready To Move,Benson Town,3 BHK,,1354,3.0,2.0,86.07
Built-up  Area,22-Jan,Benson Town,2 BHK,,1197,3.0,2.0,61.54
Super built-up  Area,22-Jan,Lavelle Road,3 BHK,,1405,3.0,2.0,290.62
Carpet  Area,Ready To Move,Thanisandra,1 BHK,,895,1.0,1.0,52.39
Super built-up  Area,19-Dec,Kanakapura Road,2 BHK,,1097,1.0,1.0,50.76
Super built-up  Area,19-Dec,Thanisandra,4 BHK,,2550,5.0,1.0,145.53
Plot  Area,Ready To Move,Devanahalli,3 BHK,Society_177,1624 - 1724,4.0,1.0,77.69
Super built-up  Area,19-Dec,Chamrajpet,3 BHK,Society_187,1433,2.0,0.0,84.19
Built-up  Area,Ready To Move,Begur Road,3 BHK,,1578,3.0,1.0,70.67
Super built-up  Area,19-Dec,Adugodi,3 BHK,,1561,3.0,2.0,90.45
Built-up  Area,Ready To Move,Nagarbhavi,4 BHK,Society_78,2190 - 2290,4.0,0.0,160.01
Built-up  Area,22-Jan,Richmond Town,3 BHK,,1730,4.0,2.0,239.33
Super built-up  Area,Ready To Move,Magadi Road,4 BHK,,2244,4.0,2.0,142.63
Carpet  Area,19-Dec,Vidyaranyapura,2 BHK,Society_109,909,2.0,2.0,50.3
Plot  Area,Ready To Move,Kalyan Nagar,4 BHK,Society_121,2149,4.0,3.0,164.47
Built-up  Area,Ready To Move,Jigani,3 BHK,Society_16,1774,4.0,2.0,101.68
Carpet  Area,Ready To Move,Sadashiva Nagar,5 BHK,Society_104,3696,6.0,0.0,830.72
Super built-up  Area,Ready To Move,Gottigere,2 BHK,Society_20,1228,3.0,1.0,66.11
Super built-up  Area,Ready To Move,Kalyan Nagar,2 BHK,Society_83,1220,2.0,2.0,84.96
Plot  Area,Ready To Move,Bagalur,3 BHK,Society_26,1720 - 1820,3.0,2.0,113.24
Super built-up  Area,22-Jan,Rajarajeshwari Nagara,3 BHK,,1554,3.0,2.0,87.85
Plot  Area,19-Dec,Padmanabhanagar,2 BHK,,828,2.0,2.0,62.84
Built-up  Area,Ready To Move,Chamrajpet,2 BHK,Society_160,1255,2.0,0.0,73.74
Super built-up  Area,Ready To Move,Hosa Road,3 BHK,,1508,3.0,3.0,96.34
Super built-up  Area,19-Dec,Girinagar,2 BHK,,800 - 900,2.0,2.0,43.69
Plot  Area,22-Jan,Gottigere,3 BHK,,1448,3.0,3.0,95.52
Super built-up  Area,19-Dec,Mahadevapura,2 BHK,,1168,2.0,2.0,68.57
Plot  Area,Ready To Move,Yelahanka,1 BHK,,666,1.0,1.0,36.5
Super built-up  Area,Ready To Move,Kogilu,5 BHK,,3429,5.0,0.0,179.83
Plot  Area,Ready To Move,Narayanapura,4 BHK,Society_13,2131 - 2231,4.0,0.0,185.35
Super built-up  Area,Ready To Move,Hormavu,3 BHK,Society_79,1425,3.0,3.0,78.02
Plot  Area,19-Dec,Vasanth Nagar,2 BHK,,1135,1.0,1.0,133.67
Super built-up  Area,Ready To Move,Old Madras Road,3 BHK,,1793,2.0,2.0,93.09
Plot  Area,Ready To Move,BTM Layout,5 BHK,,3744 - 3844,5.0,1.0,314.29
Plot  Area,Ready To Move,Budigere Cross,2 BHK,,1159,3.0,0.0,82.5
Built-up  Area,Ready To Move,Basaveshwara Nagar,5 BHK,Society_77,3890,5.0,0.0,304.76
Built-up  Area,Ready To Move,HSR Layout,3 BHK,,1397,3.0,1.0,164.23
Super built-up  Area,Ready To Move,New BEL Road,3 BHK,Society_117,1405 - 1505,4.0,2.0,88.66
Built-up  Area,Ready To Move,Cox Town,4 BHK,Society_98,2557,3.0,1.0,147.09
Plot  Area,19-Dec,Nayandahalli,4 BHK,,2070,4.0,0.0,175.64
Super built-up  Area,19-Dec,Bommanahalli,2 BHK,,1220 - 1320,3.0,2.0,79.32
Built-up  Area,19-Dec,Haralur Road,3 BHK,Society_36,1423 - 1523,4.0,0.0,100.37
Super built-up  Area,Ready To Move,Akshaya Nagar,4 BHK,,2483,4.0,2.0,155.75
Built-up  Area,Ready To Move,Wilson Garden,2 BHK,Society_97,1317,2.0,0.0,139.4
Carpet  Area,Ready To Move,Jayanagar,4 BHK,,2539 - 2639,3.0,2.0,384.41
Super built-up  Area,22-Jan,Banashankari,1 BHK,Society_75,908,1.0,1.0,52.71
Super built-up  Area,Ready To Move,Dasarahalli,5 BHK,,3460,5.0,2.0,217.69
Built-up  Area,Ready To Move,MG Road,4 BHK,Society_121,2452,4.0,3.0,505.76
Plot  Area,22-Jan,Gottigere,3 BHK,Society_87,1655,3.0,0.0,126.14
Plot  Area,22-Jan,Ramamurthy Nagar,2 BHK,Society_121,934,2.0,1.0,62.89
Super built-up  Area,Ready To Move,Hennur Road,3 BHK,Society_151,1648 - 1748,4.0,2.0,109.51
Super built-up  Area,19-Dec,Basaveshwara Nagar,3 BHK,Society_45,1605,4.0,1.0,81.03
Super built-up  Area,Ready To Move,Narayanapura,2 BHK,,1077,2.0,1.0,64.1
Built-up  Area,Ready To Move,Peenya,2 BHK,,1247,2.0,2.0,68.49
Plot  Area,Ready To Move,Old Madras Road,2 BHK,Society_172,808,1.0,2.0,50.99
Carpet  Area,Ready To Move,Lavelle Road,3 BHK,Society_186,1608 - 1708,3.0,1.0,301.23
Built-up  Area,Ready To Move,Chandapura,3 BHK,,1625,3.0,2.0,66.86
Super built-up  Area,22-Jan,Kanakapura Road,3 BHK,,1571,3.0,2.0,95.47
Super built-up  Area,19-Dec,Brigade Road,3 BHK,Society_99,1292,3.0,3.0,244.15
Super built-up  Area,Ready To Move,Richmond Town,3 BHK,Society_161,1330 - 1430,4.0,2.0,199.87
Super built-up  Area,19-Dec,Vasanth Nagar,2 BHK,,1051 - 1151,2.0,0.0,145.85
Super built-up  Area,22-Jan,Wilson Garden,3 BHK,,1561,3.0,0.0,194.75
Carpet  Area,22-Jan,Kumaraswamy Layout,1 BHK,Society_172,401,1.0,1.0,18.91
Plot  Area,22-Jan,Horamavu Agara,2 BHK,,871,1.0,2.0,53.15
Super built-up  Area,22-Jan,Old Airport Road,2 BHK,,1256,2.0,2.0,113.76
Plot  Area,19-Dec,Chikkaballapur Road,2 BHK,Society_98,1078 - 1178,2.0,1.0,74.38
Super built-up  Area,Ready To Move,Richmond Town,4 BHK,Society_84,2495,3.0,2.0,342.14
Built-up  Area,19-Dec,Budigere Cross,2 BHK,Society_20,1218,1.0,1.0,51.73
Super built-up  Area,Ready To Move,Ulsoor,2 BHK,Society_48,1139,2.0,2.0,119.79
Built-up  Area,22-Jan,Jakkur,3 BHK,,1763,3.0,0.0,83.53
Plot  Area,Ready To Move,Gottigere,3 BHK,,1334,2.0,0.0,83.03
Super built-up  Area,Ready To Move,Anekal,3 BHK,Society_185,1654,3.0,3.0,68.55
Super built-up  Area,Ready To Move,Kasturi Nagar,4 BHK,,2409,4.0,3.0,162.0
Carpet  Area,19-Dec,Kanakapura Road,5 BHK,Society_151,3500,5.0,0.0,135.84
Built-up  Area,Ready To Move,Marathahalli,3 BHK,Society_141,1581,3.0,1.0,101.06
Built-up  Area,19-Dec,Chamrajpet,2 BHK,Society_153,882,3.0,0.0,47.33
Built-up  Area,22-Jan,Uttarahalli,2 BHK,,1163,2.0,0.0,79.53
Super built-up  Area,22-Jan,Kumaraswamy Layout,3 BHK,Society_187,1295,3.0,1.0,77.76
Built-up  Area,Ready To Move,Vasanth Nagar,2 BHK,,910,2.0,2.0,93.49
Super built-up  Area,Ready To Move,Fraser Town,4 BHK,,2035 - 2135,3.0,1.0,138.63
Super built-up  Area,19-Dec,Jigani,3 BHK,,1649,3.0,2.0,103.45
Super built-up  Area,Ready To Move,Sadashiva Nagar,2 BHK,,1161,2.0,2.0,175.03
Carpet  Area,Ready To Move,Basaveshwara Nagar,3 BHK,Society_127,1378,2.0,0.0,96.54
Super built-up  Area,Ready To Move,Kumaraswamy Layout,3 BHK,,1442 - 1542,3.0,1.0,92.56
Super built-up  Area,Ready To Move,New BEL Road,3 BHK,,1472,4.0,2.0,82.25
Carpet  Area,Ready To Move,Hosa Road,3 BHK,,1500 - 1600,3.0,2.0,105.21
Super built-up  Area,Ready To Move,Dasarahalli,2 BHK,Society_79,961,3.0,2.0,50.47
Built-up  Area,Ready To Move,Narayanapura,5 BHK,Society_81,3414 - 3514,5.0,1.0,196.43
Super built-up  Area,Ready To Move,Rajaji Nagar,4 BHK,Society_160,2493,4.0,2.0,241.36
Carpet  Area,22-Jan,Lingarajapuram,4 BHK,,2284,4.0,2.0,156.13
Built-up  Area,22-Jan,Narayanapura,4 BHK,Society_154,2127,4.0,0.0,108.12
Built-up  Area,Ready To Move,Indira Nagar,4 BHK,,2372,4.0,0.0,358.12
Super built-up  Area,Ready To Move,Hoodi,2 BHK,,1221 - 1321,2.0,1.0,83.93
Super built-up  Area,Ready To Move,Uttarahalli,2 BHK,,1004 - 1104,1.0,2.0,59.73
Carpet  Area,Ready To Move,Nagarbhavi,3 BHK,,1706,3.0,1.0,133.38
Super built-up  Area,22-Jan,Dasarahalli,3 BHK,Society_13,1601,4.0,0.0,84.27
Built-up  Area,Ready To Move,Devanahalli,3 BHK,Society_167,1373,4.0,3.0,50.58
Carpet  Area,Ready To Move,Kammanahalli,2 BHK,,1336,2.0,2.0,76.74
Super built-up  Area,19-Dec,Kasturi Nagar,3 BHK,Society_68,1463,3.0,3.0,89.96
Super built-up  Area,Ready To Move,Malleshwaram,4 BHK,,2528 - 2628,4.0,1.0,325.38
Built-up  Area,22-Jan,Kengeri,3 BHK,,1356,2.0,2.0,98.24
Built-up  Area,Ready To Move,Indira Nagar,2 BHK,Society_117,1179 - 1279,2.0,2.0,252.81
Super built-up  Area,Ready To Move,Budigere Cross,4 BHK,Society_165,2111,4.0,1.0,103.75
Built-up  Area,22-Jan,Varthur,2 BHK,,823 - 923,2.0,2.0,59.61
Super built-up  Area,19-Dec,Peenya,2 BHK,,1173 - 1273,3.0,2.0,79.44
Super built-up  Area,Ready To Move,Ejipura,2 BHK,,1200 - 1300,3.0,2.0,110.28
Super built-up  Area,19-Dec,Jalahalli,5 BHK,,3618,5.0,3.0,195.18
Super built-up  Area,Ready To Move,Haralur Road,2 BHK,Society_146,916,3.0,0.0,60.94
Built-up  Area,Ready To Move,Vidyaranyapura,4 BHK,,2108,4.0,1.0,160.45
Super built-up  Area,Ready To Move,Jayanagar,3 BHK,,1701,3.0,2.0,195.55
Built-up  Area,19-Dec,Kudlu Gate,4 BHK,,2325,5.0,3.0,129.34
Super built-up  Area,Ready To Move,Kadugodi,4 BHK,,2418,5.0,1.0,115.61
Super built-up  Area,19-Dec,Nagarbhavi,4 BHK,Society_175,2495,4.0,2.0,171.4
Super built-up  Area,19-Dec,Mysore Road,4 BHK,,2149,4.0,3.0,132.51
Super built-up  Area,22-Jan,Hennur Road,2 BHK,,1092,2.0,2.0,88.55
Built-up  Area,Ready To Move,Nagarbhavi,3 BHK,,1509,3.0,0.0,80.31
Super built-up  Area,Ready To Move,Kudlu Gate,4 BHK,,2266,4.0,1.0,127.92
Super built-up  Area,Ready To Move,Sahakara Nagar,2 BHK,,882,3.0,1.0,50.0
Super built-up  Area,22-Jan,Electronic City,2 BHK,Society_72,962,2.0,2.0,51.63
Carpet  Area,Ready To Move,Mysore Road,4 BHK,,2503,4.0,3.0,176.79
Plot  Area,19-Dec,Kudlu Gate,3 BHK,,1516,3.0,3.0,118.13
Super built-up  Area,Ready To Move,Dasarahalli,3 BHK,Society_47,1255,4.0,2.0,92.03
Plot  Area,Ready To Move,Adugodi,2 BHK,Society_71,1069,3.0,2.0,69.0
Built-up  Area,Ready To Move,Bellandur,2 BHK,Society_164,1294,2.0,2.0,88.09
Super built-up  Area,Ready To Move,Kanakapura Road,3 BHK,Society_23,1561,3.0,1.0,87.17
Super built-up  Area,Ready To Move,Thanisandra Main Road,2 BHK,,1194,2.0,2.0,74.35
Plot  Area,22-Jan,Bagalur,4 BHK,Society_35,2533,3.0,1.0,86.9
Super built-up  Area,19-Dec,Kadugodi,4 BHK,Society_159,2058,4.0,3.0,146.24
Plot  Area,19-Dec,Ejipura,3 BHK,Society_139,1379,2.0,1.0,139.4
Carpet  Area,Ready To Move,Kogilu,3 BHK,,1459,2.0,2.0,77.1
Super built-up  Area,Ready To Move,Anekal,3 BHK,,1743,4.0,1.0,53.66
Super built-up  Area,Ready To Move,Sadashiva Nagar,1 BHK,,636,1.0,1.0,111.93
Plot  Area,Ready To Move,Laggere,1 BHK,,920,1.0,1.0,66.19
Built-up  Area,19-Dec,HBR Layout,2 BHK,,927,2.0,1.0,61.91
Super built-up  Area,Ready To Move,JP Nagar,3 BHK,Society_13,1350,2.0,0.0,117.62
Plot  Area,Ready To Move,Girinagar,3 BHK,Society_104,1556 - 1656,3.0,2.0,118.33
Built-up  Area,Ready To Move,Wilson Garden,2 BHK,,851,2.0,0.0,68.34
Super built-up  Area,Ready To Move,Cunningham Road,2 BHK,,1082,3.0,2.0,181.64
Built-up  Area,22-Jan,Basaveshwara Nagar,3 BHK,,1400,2.0,1.0,49.09
Built-up  Area,22-Jan,Rajarajeshwari Nagara,4 BHK,,2506,4.0,1.0,130.16
Super built-up  Area,Ready To Move,Vijayanagar,5 BHK,,3755,4.0,0.0,222.1
Built-up  Area,Ready To Move,Vidyaranyapura,3 BHK,,1659 - 1759,3.0,3.0,88.47
Carpet  Area,Ready To Move,Richmond Town,3 BHK,,1674 - 1774,4.0,1.0,208.07
Plot  Area,Ready To Move,Hosa Road,3 BHK,,1795,4.0,0.0,112.9
Plot  Area,Ready To Move,JP Nagar,2 BHK,Society_21,1198,2.0,2.0,134.86
Super built-up  Area,Ready To Move,Peenya,4 BHK,Society_48,2381 - 2481,4.0,3.0,170.56
Carpet  Area,19-Dec,Adugodi,3 BHK,,1396,4.0,1.0,58.61
Super built-up  Area,Ready To Move,Hoodi,5 BHK,Society_62,3856,5.0,1.0,256.59
Super built-up  Area,Ready To Move,Benson Town,3 BHK,,1547,4.0,3.0,96.24
Built-up  Area,22-Jan,Sarjapur Road,3 BHK,Society_37,1468 - 1568,3.0,2.0,82.15
Built-up  Area,22-Jan,Jalahalli,3 BHK,Society_39,1606 - 1706,4.0,3.0,91.85
Super built-up  Area,22-Jan,Kadugodi,3 BHK,,1371,3.0,2.0,84.26
Built-up  Area,Ready To Move,Ulsoor,2 BHK,,1269 - 1369,2.0,1.0,148.14
Built-up  Area,22-Jan,Chamrajpet,2 BHK,,1089,2.0,2.0,69.54
Super built-up  Area,Ready To Move,Wilson Garden,4 BHK,,2324,3.0,1.0,215.64
Carpet  Area,22-Jan,BTM Layout,2 BHK,,940,3.0,2.0,97.07
Super built-up  Area,22-Jan,Arekere,1 BHK,,936,1.0,1.0,51.54
Carpet  Area,Ready To Move,RT Nagar,5 BHK,,3880,5.0,2.0,248.98
Built-up  Area,Ready To Move,New BEL Road,3 BHK,Society_46,1491,2.0,0.0,64.0
Super built-up  Area,Ready To Move,Malleshwaram,2 BHK,,817,2.0,1.0,124.44
Super built-up  Area,22-Jan,Lavelle Road,3 BHK,,1423 - 1523,3.0,0.0,276.57
Super built-up  Area,Ready To Move,Ramamurthy Nagar,2 BHK,,1210,2.0,2.0,72.31
Plot  Area,Ready To Move,Jakkur,3 BHK,,1726,3.0,1.0,109.69
Super built-up  Area,Ready To Move,Dasarahalli,1 BHK,Society_179,581,1.0,1.0,30.83
Built-up  Area,22-Jan,Marathahalli,2 BHK,Society_20,1344,2.0,2.0,93.77
Carpet  Area,Ready To Move,Chandapura,4 BHK,,2265,4.0,1.0,66.34
Super built-up  Area,19-Dec,Chamrajpet,3 BHK,Society_174,1552,3.0,0.0,83.62
Plot  Area,Ready To Move,CV Raman Nagar,3 BHK,,1740,4.0,2.0,99.42
Super built-up  Area,Ready To Move,Indira Nagar,3 BHK,,1551,3.0,1.0,171.46
Built-up  Area,Ready To Move,Malleshwaram,1 BHK,Society_82,420,1.0,1.0,44.23
Built-up  Area,19-Dec,Dasarahalli,2 BHK,,1067,2.0,2.0,70.66
Built-up  Area,22-Jan,Koramangala,1 BHK,,376 - 476,1.0,1.0,54.6
Super built-up  Area,Ready To Move,Anekal,2 BHK,Society_106,1001,3.0,2.0,34.87
Built-up  Area,19-Dec,Domlur,3 BHK,,1328,2.0,2.0,141.01
Plot  Area,Ready To Move,Jakkur,4 BHK,,2480,4.0,1.0,155.49
Super built-up  Area,19-Dec,Gottigere,1 BHK,,841,2.0,1.0,43.39
Built-up  Area,Ready To Move,Attibele,2 BHK,,975,2.0,1.0,51.29
Super built-up  Area,22-Jan,Banaswadi,4 BHK,,2437,3.0,0.0,154.3
Built-up  Area,19-Dec,Cunningham Road,2 BHK,,1002,2.0,0.0,165.1
Carpet  Area,Ready To Move,Begur Road,1 BHK,,496,1.0,1.0,24.47
Super built-up  Area,19-Dec,Koramangala,4 BHK,,2375,5.0,1.0,293.57
Plot  Area,Ready To Move,Devanahalli,3 BHK,Society_5,1259,3.0,1.0,52.36
Built-up  Area,22-Jan,Whitefield,5 BHK,,3623,6.0,0.0,198.77
Plot  Area,Ready To Move,CV Raman Nagar,2 BHK,,1045,2.0,1.0,62.38
Plot  Area,Ready To Move,Vasanth Nagar,2 BHK,,841 - 941,3.0,2.0,140.67
Super built-up  Area,Ready To Move,Peenya,2 BHK,,1184,2.0,2.0,65.62
Super built-up  Area,Ready To Move,Chikkaballapur Road,4 BHK,,2596,4.0,3.0,186.58
Super built-up  Area,22-Jan,Mahadevapura,2 BHK,Society_83,1269 - 1369,2.0,2.0,57.74
Built-up  Area,Ready To Move,Bagalur,2 BHK,Society_60,952,2.0,2.0,50.9
Super built-up  Area,22-Jan,HSR Layout,2 BHK,,1164,3.0,1.0,155.0
Built-up  Area,Ready To Move,Dasarahalli,3 BHK,,1369,3.0,2.0,72.7
Built-up  Area,19-Dec,Benson Town,3 BHK,,1552,3.0,3.0,88.03
Super built-up  Area,Ready To Move,Hosa Road,2 BHK,,1258,1.0,0.0,55.55
Plot  Area,Ready To Move,Benson Town,3 BHK,,1566,2.0,2.0,111.91
Built-up  Area,22-Jan,Chamrajpet,2 BHK,Society_130,1313,2.0,2.0,82.89
Super built-up  Area,Ready To Move,Narayanapura,2 BHK,,1135,2.0,1.0,63.09
Built-up  Area,Ready To Move,Fraser Town,2 BHK,Society_112,1045,2.0,2.0,79.57
Built-up  Area,Ready To Move,Laggere,2 BHK,,1206 - 1306,1.0,1.0,82.64
Carpet  Area,Ready To Move,Laggere,4 BHK,Society_31,2177,5.0,2.0,120.16
Built-up  Area,22-Jan,Ramamurthy Nagar,3 BHK,,1746,2.0,2.0,90.54
Super built-up  Area,Ready To Move,Koramangala,4 BHK,,2242,3.0,1.0,373.1
Super built-up  Area,Ready To Move,Arekere,5 BHK,Society_128,3350 - 3450,5.0,2.0,185.63
Built-up  Area,Ready To Move,Ejipura,2 BHK,,889,2.0,1.0,74.21
Carpet  Area,22-Jan,Mahadevapura,2 BHK,Society_199,1021,2.0,0.0,51.46
Super built-up  Area,Ready To Move,Kudlu Gate,3 BHK,Society_140,1469,2.0,3.0,109.13
Built-up  Area,Ready To Move,Magadi Road,2 BHK,Society_137,1289,2.0,2.0,64.67
Super built-up  Area,22-Jan,Basavanagudi,3 BHK,,1224 - 1324,2.0,0.0,134.82
Super built-up  Area,19-Dec,Jalahalli,2 BHK,,944,1.0,1.0,56.09
Built-up  Area,Ready To Move,Hebbal,3 BHK,Society_146,1766,2.0,3.0,135.83
Super built-up  Area,19-Dec,Gottigere,3 BHK,Society_190,1330,2.0,0.0,50.88
Super built-up  Area,22-Jan,Ulsoor,3 BHK,Society_103,1713,2.0,2.0,169.91
Super built-up  Area,22-Jan,Lingarajapuram,2 BHK,,1055,1.0,0.0,62.64
Plot  Area,22-Jan,Dasarahalli,2 BHK,,857,1.0,1.0,52.91
Carpet  Area,22-Jan,Marathahalli,2 BHK,Society_54,915,2.0,1.0,54.28
Super built-up  Area,Ready To Move,Cox Town,2 BHK,,1132,3.0,1.0,75.15
Super built-up  Area,Ready To Move,Jalahalli,3 BHK,Society_159,1684,3.0,3.0,104.55
Built-up  Area,Ready To Move,Jakkur,2 BHK,,1178,3.0,2.0,89.88
Super built-up  Area,Ready To Move,Sahakara Nagar,3 BHK,,1576,3.0,3.0,84.46
Plot  Area,Ready To Move,Adugodi,3 BHK,,1595,4.0,2.0,87.02
Super built-up  Area,Ready To Move,Old Madras Road,1 BHK,Society_68,481,1.0,1.0,28.97
Super built-up  Area,Ready To Move,Hoodi,2 BHK,,851,2.0,2.0,48.33
Super built-up  Area,Ready To Move,Haralur Road,2 BHK,,943,2.0,2.0,52.09
Super built-up  Area,Ready To Move,Basaveshwara Nagar,3 BHK,,1414,4.0,3.0,97.03
Carpet  Area,19-Dec,Richmond Town,4 BHK,,2232,4.0,3.0,373.61
Built-up  Area,Ready To Move,Sarjapur Road,2 BHK,,942,1.0,1.0,55.72
Super built-up  Area,Ready To Move,Adugodi,3 BHK,,1623,3.0,2.0,99.34
Built-up  Area,19-Dec,Basavanagudi,3 BHK,Society_38,1667,4.0,1.0,168.11
Super built-up  Area,19-Dec,Raja Rajeshwari Nagar,3 BHK,,1642,3.0,2.0,118.03
Plot  Area,19-Dec,Dasarahalli,2 BHK,Society_179,818,3.0,2.0,63.7
Super built-up  Area,Ready To Move,Nagarbhavi,2 BHK,,1279 - 1379,2.0,2.0,91.15
Plot  Area,22-Jan,Richmond Town,4 BHK,,2453,4.0,1.0,394.81
Built-up  Area,22-Jan,Thanisandra Main Road,3 BHK,Society_39,1344,3.0,3.0,82.88
Built-up  Area,19-Dec,Rachenahalli,4 BHK,,2234 - 2334,4.0,1.0,133.81
Plot  Area,Ready To Move,Girinagar,1 BHK,Society_60,664,1.0,1.0,49.94
Plot  Area,Ready To Move,Chikkaballapur Road,3 BHK,Society_31,1398,3.0,3.0,80.79
Super built-up  Area,22-Jan,Magadi Road,3 BHK,Society_22,1267 - 1367,3.0,2.0,55.57
Super built-up  Area,Ready To Move,Old Madras Road,3 BHK,,1636,3.0,0.0,112.75
Super built-up  Area,Ready To Move,Rajarajeshwari Nagara,2 BHK,,1291,1.0,1.0,59.97
Super built-up  Area,Ready To Move,Old Airport Road,3 BHK,,1362,2.0,1.0,135.44
Carpet  Area,Ready To Move,Jakkur,2 BHK,,1232,2.0,1.0,83.72
Super built-up  Area,Ready To Move,Basavanagudi,2 BHK,Society_84,885,3.0,2.0,98.68
Built-up  Area,19-Dec,Ulsoor,3 BHK,,1567,3.0,3.0,245.92
Super built-up  Area,Ready To Move,Chamrajpet,3 BHK,,1569,3.0,2.0,104.69
Super built-up  Area,Ready To Move,Nagarbhavi,3 BHK,,1657,4.0,0.0,97.06
Plot  Area,Ready To Move,Devanahalli,3 BHK,,1725 - 1825,3.0,1.0,85.94
Plot  Area,19-Dec,Mysore Road,4 BHK,,2063,4.0,2.0,134.57
Built-up  Area,Ready To Move,Kumaraswamy Layout,3 BHK,Society_155,1404 - 1504,3.0,2.0,90.2
Super built-up  Area,Ready To Move,Begur Road,3 BHK,,1525,3.0,2.0,105.27
Built-up  Area,Ready To Move,Koramangala,4 BHK,,2092,4.0,1.0,238.78
Plot  Area,19-Dec,Rajarajeshwari Nagara,3 BHK,,1338,3.0,1.0,106.73
Super built-up  Area,Ready To Move,Attibele,3 BHK,Society_6,1600 - 1700,2.0,0.0,109.39
Built-up  Area,19-Dec,Sadashiva Nagar,3 BHK,Society_72,1549,3.0,0.0,214.96
Built-up  Area,Ready To Move,Nagarbhavi,2 BHK,,1189,1.0,2.0,63.49
Built-up  Area,19-Dec,Laggere,4 BHK,,2536,4.0,1.0,179.27
Plot  Area,22-Jan,Banashankari,2 BHK,Society_97,1221,2.0,2.0,50.39
Built-up  Area,Ready To Move,Whitefield,2 BHK,,1241,1.0,1.0,97.08
Built-up  Area,Ready To Move,Hulimavu,3 BHK,,1451,2.0,2.0,103.46
Plot  Area,Ready To Move,HBR Layout,4 BHK,,2155,3.0,2.0,145.09
Super built-up  Area,Ready To Move,Brigade Road,1 BHK,Society_184,886,1.0,0.0,170.74
Super built-up  Area,Ready To Move,Padmanabhanagar,4 BHK,Society_66,2222,4.0,1.0,93.37
Super built-up  Area,22-Jan,Bannerghatta Road,3 BHK,,1395,3.0,3.0,95.39
Super built-up  Area,Ready To Move,Basaveshwara Nagar,3 BHK,,1711,3.0,3.0,112.42
Super built-up  Area,Ready To Move,Haralur Road,2 BHK,,1038,2.0,0.0,34.5
Super built-up  Area,Ready To Move,Raja Rajeshwari Nagar,2 BHK,Society_75,1259,2.0,2.0,62.3
Plot  Area,22-Jan,Hebbal,2 BHK,,1288,2.0,2.0,139.23
Built-up  Area,Ready To Move,BTM Layout,3 BHK,,1680,3.0,1.0,120.29
Built-up  Area,22-Jan,Kanakapura Road,3 BHK,Society_102,1548,2.0,0.0,113.17
Built-up  Area,Ready To Move,Thanisandra Main Road,5 BHK,Society_199,3709,6.0,0.0,205.16
Super built-up  Area,19-Dec,Whitefield,4 BHK,,2053,4.0,2.0,114.02
Super built-up  Area,Ready To Move,Koramangala,5 BHK,Society_95,3391,4.0,1.0,396.13
Built-up  Area,Ready To Move,Banaswadi,2 BHK,Society_106,1181,1.0,1.0,82.5
Plot  Area,Ready To Move,Kumaraswamy Layout,3 BHK,,1639,3.0,3.0,113.15
Built-up  Area,Ready To Move,Kanakapura Road,1 BHK,,570,1.0,1.0,38.66
Super built-up  Area,Ready To Move,Chamrajpet,4 BHK,Society_12,2384 - 2484,4.0,3.0,172.52
Super built-up  Area,19-Dec,Hennur Road,4 BHK,Society_155,2141,4.0,1.0,108.51
Built-up  Area,19-Dec,Vijayanagar,3 BHK,Society_55,1515,3.0,1.0,86.89
Carpet  Area,Ready To Move,Hormavu,4 BHK,,2104,3.0,0.0,123.28
Built-up  Area,Ready To Move,Rajaji Nagar,2 BHK,Society_83,875,2.0,0.0,107.04
Carpet  Area,Ready To Move,Kasturi Nagar,5 BHK,,3620 - 3720,5.0,1.0,207.59
Super built-up  Area,Ready To Move,Brigade Road,1 BHK,Society_84,587,1.0,1.0,129.61
Super built-up  Area,Ready To Move,Yelahanka,4 BHK,Society_1,2386,4.0,3.0,136.53
Built-up  Area,22-Jan,HRBR Layout,1 BHK,,577,1.0,1.0,32.75
Carpet  Area,22-Jan,Rajarajeshwari Nagara,3 BHK,Society_62,1427 - 1527,3.0,2.0,89.9
Built-up  Area,22-Jan,Old Airport Road,3 BHK,,1746,4.0,2.0,218.91
Built-up  Area,Ready To Move,Bannerghatta Road,3 BHK,,1357,2.0,3.0,98.06
Built-up  Area,Ready To Move,Kalyan Nagar,4 BHK,Society_40,2150,4.0,1.0,114.6
Plot  Area,19-Dec,Mahadevapura,3 BHK,Society_147,1691,4.0,1.0,106.58
Super built-up  Area,Ready To Move,Varthur,2 BHK,,1083,3.0,2.0,50.32
Super built-up  Area,Ready To Move,Yeshwanthpur,2 BHK,,807,2.0,1.0,50.94
Super built-up  Area,Ready To Move,Sadashiva Nagar,2 BHK,Society_193,1286,1.0,1.0,184.13
Built-up  Area,Ready To Move,Sadashiva Nagar,3 BHK,Society_48,1545,3.0,0.0,235.06
Super built-up  Area,Ready To Move,Mahadevapura,1 BHK,,675,2.0,1.0,46.2
Super built-up  Area,22-Jan,Sahakara Nagar,5 BHK,,3353,5.0,2.0,206.55
Super built-up  Area,Ready To Move,Electronic City,3 BHK,Society_141,1689,3.0,0.0,88.55
Carpet  Area,19-Dec,Narayanapura,2 BHK,Society_44,1263 - 1363,1.0,2.0,75.1
Built-up  Area,Ready To Move,Kogilu,3 BHK,,1547,3.0,2.0,90.78
Built-up  Area,Ready To Move,Kasturi Nagar,4 BHK,Society_39,2440 - 2540,5.0,0.0,160.84
Plot  Area,Ready To Move,Banaswadi,3 BHK,,1570,3.0,1.0,107.06
Built-up  Area,22-Jan,Rajaji Nagar,2 BHK,,997,2.0,0.0,122.66
Carpet  Area,22-Jan,Old Madras Road,4 BHK,,2355,3.0,3.0,134.15
Built-up  Area,22-Jan,Ejipura,2 BHK,Society_27,1189,2.0,0.0,96.76
Super built-up  Area,Ready To Move,Kudlu Gate,4 BHK,Society_158,2467,3.0,3.0,137.07
Super built-up  Area,19-Dec,Thanisandra Main Road,4 BHK,,2258,5.0,1.0,97.71
Carpet  Area,22-Jan,Kasturi Nagar,3 BHK,,1516 - 1616,4.0,1.0,79.03
Plot  Area,Ready To Move,Rajarajeshwari Nagara,2 BHK,,885,1.0,0.0,64.59
Super built-up  Area,Ready To Move,Kogilu,4 BHK,Society_115,2548,4.0,0.0,186.64
Built-up  Area,19-Dec,Cunningham Road,4 BHK,,2390 - 2490,4.0,3.0,409.2
Super built-up  Area,22-Jan,Raja Rajeshwari Nagar,3 BHK,Society_81,1394,2.0,3.0,70.26
Plot  Area,Ready To Move,Hoodi,5 BHK,,3538,5.0,1.0,242.13
Super built-up  Area,22-Jan,Jakkur,2 BHK,,868,1.0,1.0,53.3
Carpet  Area,19-Dec,Cox Town,3 BHK,Society_14,1677 - 1777,3.0,0.0,125.69
Super built-up  Area,Ready To Move,Kanakapura Road,3 BHK,,1502,3.0,2.0,83.12
Built-up  Area,19-Dec,Girinagar,2 BHK,Society_108,1276,2.0,1.0,66.29
Super built-up  Area,Ready To Move,Malleshwaram,3 BHK,,1551,4.0,3.0,188.73
Plot  Area,Ready To Move,Basaveshwara Nagar,3 BHK,,1700,3.0,1.0,122.26
Super built-up  Area,Ready To Move,Uttarahalli,2 BHK,,844,1.0,2.0,57.96
Super built-up  Area,Ready To Move,Vijayanagar,2 BHK,,925,1.0,0.0,42.49
Built-up  Area,Ready To Move,Kanakapura Road,5 BHK,Society_190,3520,5.0,0.0,196.48
Super built-up  Area,Ready To Move,Yelahanka,2 BHK,,1117,2.0,1.0,62.23
Built-up  Area,22-Jan,Akshaya Nagar,3 BHK,Society_13,1514,2.0,1.0,106.23
Built-up  Area,Ready To Move,Wilson Garden,2 BHK,Society_149,994,2.0,1.0,88.88
Built-up  Area,22-Jan,Jalahalli,5 BHK,Society_28,3736,4.0,0.0,213.98
Carpet  Area,Ready To Move,Cox Town,2 BHK,,1297,2.0,2.0,87.84
Carpet  Area,Ready To Move,HSR Layout,4 BHK,,2076,4.0,0.0,231.08
Plot  Area,Ready To Move,Old Airport Road,4 BHK,,2122,4.0,1.0,259.98
Built-up  Area,Ready To Move,Hennur Road,4 BHK,,2597,4.0,1.0,77.39
Plot  Area,Ready To Move,Cox Town,3 BHK,Society_29,1306,3.0,0.0,79.85
Super built-up  Area,19-Dec,Vidyaranyapura,3 BHK,,1684,3.0,2.0,111.6
Built-up  Area,19-Dec,Kadugodi,4 BHK,,2263,5.0,2.0,137.67
Super built-up  Area,Ready To Move,Budigere Cross,4 BHK,Society_164,2382,4.0,1.0,154.34
Built-up  Area,22-Jan,Begur Road,4 BHK,Society_54,2301,4.0,2.0,123.77
Super built-up  Area,22-Jan,Malleshwaram,3 BHK,,1736,3.0,1.0,241.77
Plot  Area,22-Jan,Narayanapura,2 BHK,Society_44,891,3.0,1.0,51.72
Plot  Area,Ready To Move,Sahakara Nagar,3 BHK,Society_76,1324,4.0,0.0,98.56
Super built-up  Area,Ready To Move,Yeshwanthpur,3 BHK,,1512 - 1612,3.0,1.0,96.02
Super built-up  Area,Ready To Move,Budigere Cross,3 BHK,Society_41,1764,2.0,3.0,109.7
Built-up  Area,Ready To Move,Benson Town,3 BHK,Society_177,1707,3.0,2.0,81.85
Carpet  Area,Ready To Move,Jalahalli,4 BHK,Society_2,2543,3.0,2.0,131.93
Super built-up  Area,Ready To Move,Chandapura,3 BHK,,1258,3.0,1.0,56.98
Built-up  Area,19-Dec,Girinagar,5 BHK,,3811,5.0,1.0,221.34
Built-up  Area,Ready To Move,Marathahalli,3 BHK,,1409,3.0,2.0,90.0
Plot  Area,22-Jan,Jakkur,4 BHK,Society_88,2068,4.0,2.0,107.88
Super built-up  Area,Ready To Move,Whitefield,5 BHK,Society_67,3510,5.0,0.0,207.36
Plot  Area,Ready To Move,Gottigere,4 BHK,Society_31,2524,4.0,3.0,168.89
Built-up  Area,Ready To Move,Cox Town,4 BHK,,2561,3.0,0.0,193.87
Built-up  Area,Ready To Move,Yelahanka,2 BHK,,1255 - 1355,1.0,2.0,77.46
Super built-up  Area,Ready To Move,Old Madras Road,2 BHK,,1101,3.0,2.0,77.85
Super built-up  Area,Ready To Move,Old Madras Road,3 BHK,Society_178,1439 - 1539,3.0,3.0,96.85
Super built-up  Area,22-Jan,BTM Layout,3 BHK,,1690 - 1790,4.0,2.0,154.37
Built-up  Area,22-Jan,New BEL Road,2 BHK,Society_55,929,2.0,2.0,66.18
Built-up  Area,22-Jan,Kogilu,3 BHK,Society_121,1645,3.0,0.0,78.76
Super built-up  Area,Ready To Move,Kogilu,2 BHK,Society_52,1029,2.0,2.0,64.99
Plot  Area,22-Jan,Ulsoor,2 BHK,,1322,2.0,1.0,159.34
Built-up  Area,19-Dec,Rajarajeshwari Nagara,3 BHK,Society_147,1356,3.0,2.0,97.08
Plot  Area,Ready To Move,Lingarajapuram,2 BHK,Society_21,1156,2.0,1.0,74.81
Built-up  Area,22-Jan,Narayanapura,3 BHK,Society_33,1590,3.0,2.0,84.87
Carpet  Area,22-Jan,Old Madras Road,1 BHK,Society_160,763,1.0,1.0,47.42
Super built-up  Area,Ready To Move,Narayanapura,3 BHK,Society_78,1739,3.0,3.0,116.35
Super built-up  Area,Ready To Move,Lingarajapuram,2 BHK,Society_38,885,2.0,2.0,53.64
Super built-up  Area,Ready To Move,Bagalur,2 BHK,Society_110,851 - 951,2.0,1.0,63.04
Carpet  Area,19-Dec,Thanisandra,4 BHK,Society_51,2085,4.0,2.0,121.68
Super built-up  Area,Ready To Move,Vasanth Nagar,2 BHK,Society_169,1110,3.0,1.0,155.4
Carpet  Area,Ready To Move,Basaveshwara Nagar,3 BHK,,1273,3.0,2.0,75.21
Plot  Area,22-Jan,Kalyan Nagar,2 BHK,,1265,2.0,1.0,102.27
Built-up  Area,Ready To Move,Dasarahalli,3 BHK,,1386,3.0,3.0,74.56
Plot  Area,Ready To Move,Padmanabhanagar,4 BHK,,2104 - 2204,4.0,2.0,189.52
Super built-up  Area,Ready To Move,Uttarahalli,2 BHK,,1165,2.0,2.0,82.95
Built-up  Area,19-Dec,Narayanapura,4 BHK,,2153,4.0,2.0,119.29
Super built-up  Area,19-Dec,Budigere Cross,1 BHK,,905,1.0,1.0,38.79
Built-up  Area,22-Jan,HRBR Layout,2 BHK,,984,2.0,1.0,58.19
Built-up  Area,19-Dec,Hulimavu,2 BHK,Society_4,864 - 964,2.0,2.0,45.49
Carpet  Area,22-Jan,Domlur,2 BHK,,954,2.0,1.0,68.5
Plot  Area,Ready To Move,Uttarahalli,1 BHK,,928,1.0,1.0,70.13
Built-up  Area,Ready To Move,Devanahalli,2 BHK,,1123,2.0,2.0,45.1
Super built-up  Area,22-Jan,Vidyaranyapura,4 BHK,Society_123,2547,3.0,1.0,139.54
Built-up  Area,Ready To Move,Akshaya Nagar,3 BHK,,1656,3.0,1.0,140.58
Carpet  Area,Ready To Move,Basaveshwara Nagar,4 BHK,Society_146,2194,4.0,1.0,113.52
Super built-up  Area,Ready To Move,Mysore Road,5 BHK,Society_120,3425,5.0,0.0,206.83
Super built-up  Area,19-Dec,HSR Layout,3 BHK,Society_39,1491,3.0,2.0,143.42
Plot  Area,Ready To Move,Nagarbhavi,4 BHK,,2488,5.0,3.0,147.26
Built-up  Area,22-Jan,Raja Rajeshwari Nagar,4 BHK,,2219,4.0,1.0,169.18
Super built-up  Area,19-Dec,Haralur Road,2 BHK,Society_99,1333,2.0,1.0,94.13
Super built-up  Area,Ready To Move,Budigere Cross,3 BHK,,1463,3.0,1.0,97.47
Carpet  Area,Ready To Move,Kasturi Nagar,4 BHK,,2498,4.0,2.0,157.62
Built-up  Area,19-Dec,Ramamurthy Nagar,2 BHK,,960 - 1060,2.0,1.0,58.93
Carpet  Area,19-Dec,Kanakapura Road,3 BHK,Society_132,1674,2.0,2.0,94.74
Super built-up  Area,22-Jan,Marathahalli,3 BHK,Society_169,1398,2.0,2.0,94.18
Super built-up  Area,Ready To Move,Basavanagudi,3 BHK,Society_85,1228 - 1328,3.0,2.0,124.76
Super built-up  Area,Ready To Move,Brigade Road,3 BHK,,1764,2.0,3.0,272.58
Plot  Area,19-Dec,Adugodi,3 BHK,Society_159,1405,3.0,0.0,105.28
Carpet  Area,Ready To Move,Ramamurthy Nagar,2 BHK,,1181,2.0,2.0,78.73
Plot  Area,Ready To Move,Whitefield,4 BHK,,2544 - 2644,3.0,1.0,268.43
Plot  Area,Ready To Move,Rajaji Nagar,2 BHK,Society_167,1073,2.0,2.0,131.43
Super built-up  Area,19-Dec,Jayanagar,5 BHK,,3610,5.0,2.0,466.2
Super built-up  Area,Ready To Move,HBR Layout,5 BHK,,3782,5.0,1.0,197.89
Plot  Area,Ready To Move,Kammanahalli,4 BHK,,2307,5.0,2.0,120.18
Super built-up  Area,Ready To Move,Arekere,3 BHK,,1589,4.0,0.0,104.39
Super built-up  Area,19-Dec,Sadashiva Nagar,3 BHK,,1457,3.0,0.0,214.42
Super built-up  Area,Ready To Move,New BEL Road,4 BHK,Society_178,2302 - 2402,4.0,2.0,142.87
Super built-up  Area,19-Dec,Cunningham Road,4 BHK,,2398,4.0,0.0,417.0
Super built-up  Area,Ready To Move,Girinagar,3 BHK,Society_21,1481,2.0,0.0,94.51
Built-up  Area,Ready To Move,Basaveshwara Nagar,4 BHK,,2327 - 2427,4.0,3.0,156.69
Super built-up  Area,Ready To Move,Vijayanagar,4 BHK,Society_92,2538,3.0,0.0,133.85
Super built-up  Area,Ready To Move,Chandapura,2 BHK,Society_154,865,1.0,1.0,36.58
Super built-up  Area,Ready To Move,Girinagar,3 BHK,,1259,4.0,1.0,81.12
Super built-up  Area,Ready To Move,Banaswadi,3 BHK,Society_148,1428,3.0,2.0,72.68
Super built-up  Area,Ready To Move,Chamrajpet,2 BHK,,1300,2.0,0.0,68.26
Super built-up  Area,19-Dec,Sarjapur Road,3 BHK,,1686,3.0,0.0,85.6
Built-up  Area,19-Dec,Padmanabhanagar,3 BHK,,1787,3.0,3.0,79.36
Built-up  Area,19-Dec,Devanahalli,2 BHK,Society_151,807,3.0,2.0,42.39
Super built-up  Area,22-Jan,Kanakapura Road,2 BHK,Society_174,856 - 956,3.0,0.0,56.67
Built-up  Area,19-Dec,Anekal,4 BHK,Society_108,2550,5.0,1.0,99.02
Built-up  Area,Ready To Move,Peenya,2 BHK,,1278,2.0,0.0,69.52
Super built-up  Area,Ready To Move,Begur Road,3 BHK,,1610,3.0,2.0,74.24
Super built-up  Area,19-Dec,Kumaraswamy Layout,3 BHK,,1399,2.0,3.0,85.79
Carpet  Area,Ready To Move,Bannerghatta Road,3 BHK,Society_166,1562 - 1662,3.0,2.0,121.99
Super built-up  Area,Ready To Move,Ulsoor,3 BHK,Society_185,1465,3.0,2.0,158.93
Built-up  Area,22-Jan,Magadi Road,3 BHK,Society_72,1752,2.0,1.0,103.98
Plot  Area,Ready To Move,Wilson Garden,4 BHK,,2418,3.0,0.0,187.09
Plot  Area,22-Jan,Lavelle Road,4 BHK,Society_43,2463,4.0,1.0,625.95
Super built-up  Area,Ready To Move,Magadi Road,3 BHK,,1647,3.0,1.0,93.68
Plot  Area,Ready To Move,JP Nagar,4 BHK,Society_12,2053,4.0,1.0,164.17
Plot  Area,19-Dec,Marathahalli,4 BHK,Society_23,2154,3.0,2.0,138.12
Super built-up  Area,22-Jan,Old Madras Road,2 BHK,,1195,1.0,0.0,83.91
Super built-up  Area,19-Dec,Electronic City,3 BHK,Society_9,1566 - 1666,2.0,0.0,63.35
Super built-up  Area,Ready To Move,Malleshwaram,2 BHK,Society_162,1178,2.0,1.0,162.57
Super built-up  Area,Ready To Move,Rachenahalli,4 BHK,,2395 - 2495,4.0,1.0,129.0
Carpet  Area,Ready To Move,Kammanahalli,4 BHK,,2103,4.0,3.0,134.28
Built-up  Area,Ready To Move,Devanahalli,4 BHK,,2402,4.0,0.0,117.34
Super built-up  Area,19-Dec,Rachenahalli,3 BHK,,1519,3.0,0.0,85.36
Super built-up  Area,19-Dec,Electronic City,4 BHK,Society_102,2470,4.0,2.0,101.54
Super built-up  Area,Ready To Move,Vasanth Nagar,3 BHK,Society_51,1567,3.0,1.0,242.6
Super built-up  Area,22-Jan,HSR Layout,3 BHK,,1400 - 1500,4.0,3.0,149.34
Built-up  Area,22-Jan,Jalahalli,3 BHK,Society_79,1277,3.0,0.0,81.37
Super built-up  Area,Ready To Move,Adugodi,2 BHK,Society_32,1265,2.0,2.0,82.16
Built-up  Area,Ready To Move,Ulsoor,3 BHK,,1774,3.0,1.0,245.91
Plot  Area,22-Jan,Cunningham Road,3 BHK,,1263,3.0,3.0,283.1
Super built-up  Area,Ready To Move,Fraser Town,1 BHK,,360 - 460,1.0,1.0,28.53
Super built-up  Area,Ready To Move,Kumaraswamy Layout,4 BHK,,2297,3.0,1.0,160.08
Built-up  Area,Ready To Move,Old Airport Road,4 BHK,,2281 - 2381,4.0,3.0,196.15
Super built-up  Area,19-Dec,Kasturi Nagar,2 BHK,Society_94,1076,2.0,2.0,52.16
Carpet  Area,Ready To Move,KR Puram,5 BHK,,3756,5.0,1.0,204.42
Super built-up  Area,Ready To Move,Sahakara Nagar,2 BHK,,991,2.0,0.0,62.51
Carpet  Area,22-Jan,Kadugodi,4 BHK,,2522,4.0,0.0,123.54
Super built-up  Area,Ready To Move,BTM Layout,3 BHK,Society_49,1717,3.0,2.0,155.0
Super built-up  Area,19-Dec,Bommanahalli,2 BHK,,776 - 876,3.0,1.0,46.39
Built-up  Area,22-Jan,Bellandur,5 BHK,,3869,5.0,1.0,288.11
Super built-up  Area,19-Dec,Lingarajapuram,4 BHK,Society_178,2052 - 2152,4.0,2.0,106.78
Super built-up  Area,Ready To Move,HSR Layout,2 BHK,Society_195,1172,1.0,2.0,112.58
Super built-up  Area,19-Dec,Budigere Cross,2 BHK,Society_141,1041,2.0,0.0,71.61
Plot  Area,Ready To Move,Ramamurthy Nagar,3 BHK,Society_198,1425,4.0,3.0,92.27
Plot  Area,Ready To Move,Narayanapura,2 BHK,Society_82,942,3.0,2.0,74.98
Super built-up  Area,Ready To Move,Horamavu Agara,2 BHK,Society_61,1324,2.0,1.0,73.75
Super built-up  Area,Ready To Move,Sadashiva Nagar,3 BHK,,1366,3.0,2.0,265.9
Super built-up  Area,Ready To Move,Basavanagudi,2 BHK,Society_34,843,3.0,1.0,81.54
Super built-up  Area,Ready To Move,Kogilu,4 BHK,,2118,4.0,3.0,119.0
Built-up  Area,Ready To Move,Jayanagar,4 BHK,,2551,4.0,2.0,403.54
Super built-up  Area,Ready To Move,Rachenahalli,2 BHK,,1112,3.0,1.0,43.18
Built-up  Area,19-Dec,Raja Rajeshwari Nagar,1 BHK,,593,1.0,1.0,28.35
Super built-up  Area,Ready To Move,Cunningham Road,4 BHK,Society_140,2278,4.0,1.0,431.22
Built-up  Area,Ready To Move,Benson Town,4 BHK,,2339,3.0,1.0,146.56
Built-up  Area,19-Dec,Mahadevapura,2 BHK,Society_23,902,3.0,2.0,62.11
Built-up  Area,Ready To Move,Basavanagudi,2 BHK,Society_173,960,3.0,2.0,78.16
Carpet  Area,22-Jan,Kadugodi,2 BHK,Society_48,841 - 941,2.0,2.0,49.75
Super built-up  Area,Ready To Move,Jayanagar,2 BHK,,1210,2.0,1.0,143.26
Built-up  Area,22-Jan,Kammanahalli,3 BHK,Society_116,1634,3.0,0.0,96.16
Plot  Area,Ready To Move,Hosa Road,2 BHK,Society_6,1032,2.0,1.0,62.01
Built-up  Area,22-Jan,Rajarajeshwari Nagara,3 BHK,,1762,4.0,1.0,108.32
Super built-up  Area,Ready To Move,Rachenahalli,4 BHK,,2420,4.0,1.0,112.02
Super built-up  Area,Ready To Move,HBR Layout,3 BHK,Society_98,1367,3.0,3.0,70.63
Carpet  Area,Ready To Move,Horamavu Agara,4 BHK,Society_124,2180,3.0,2.0,144.87
Built-up  Area,Ready To Move,Haralur Road,2 BHK,Society_173,1349,3.0,2.0,87.19
Carpet  Area,19-Dec,Malleshwaram,3 BHK,,1436 - 1536,3.0,1.0,227.25
Super built-up  Area,19-Dec,Bagalur,2 BHK,Society_151,1032,2.0,0.0,71.54
Built-up  Area,22-Jan,Bellandur,2 BHK,,1092 - 1192,2.0,2.0,80.87
Built-up  Area,Ready To Move,Sarjapur Road,3 BHK,Society_25,1360,4.0,2.0,88.94
Super built-up  Area,Ready To Move,Rachenahalli,3 BHK,Society_102,1390 - 1490,3.0,1.0,101.29
Plot  Area,22-Jan,Haralur Road,3 BHK,Society_107,1616,3.0,1.0,118.0
Super built-up  Area,19-Dec,Rajaji Nagar,1 BHK,Society_88,489,2.0,1.0,47.86
Super built-up  Area,19-Dec,Bommasandra,2 BHK,Society_115,1106,3.0,1.0,56.45
Super built-up  Area,Ready To Move,Kengeri,1 BHK,,423,1.0,1.0,25.06
Built-up  Area,Ready To Move,Kadugodi,3 BHK,Society_151,1707,3.0,1.0,95.23
Plot  Area,19-Dec,Vasanth Nagar,3 BHK,,1372,4.0,2.0,204.31
Carpet  Area,19-Dec,Banaswadi,3 BHK,,1537 - 1637,3.0,1.0,67.94
Super built-up  Area,Ready To Move,Koramangala,2 BHK,Society_148,1180,3.0,2.0,137.74
Super built-up  Area,22-Jan,Kadugodi,3 BHK,Society_172,1269,3.0,2.0,67.46
Plot  Area,22-Jan,Bellandur,2 BHK,,868 - 968,3.0,2.0,72.18
Super built-up  Area,Ready To Move,Kasturi Nagar,4 BHK,Society_192,2445,4.0,1.0,164.96
Built-up  Area,Ready To Move,Richmond Town,3 BHK,Society_23,1388,3.0,2.0,211.41
Super built-up  Area,Ready To Move,Chandapura,2 BHK,Society_12,1283,2.0,2.0,43.91
Super built-up  Area,Ready To Move,Ejipura,4 BHK,,2089,3.0,3.0,191.99
Carpet  Area,Ready To Move,Devanahalli,2 BHK,,1104,2.0,1.0,53.42
Plot  Area,22-Jan,Devanahalli,3 BHK,Society_135,1543,2.0,0.0,82.14
Super built-up  Area,Ready To Move,Vidyaranyapura,3 BHK,Society_110,1374,3.0,1.0,61.91
Built-up  Area,Ready To Move,Basaveshwara Nagar,3 BHK,,1346,3.0,0.0,91.73
Carpet  Area,22-Jan,Banashankari,2 BHK,,984,1.0,2.0,77.11
Super built-up  Area,Ready To Move,Hennur Road,3 BHK,Society_108,1791,4.0,2.0,109.22
Built-up  Area,Ready To Move,Chandapura,2 BHK,,1260 - 1360,2.0,0.0,51.18
Built-up  Area,Ready To Move,Whitefield,2 BHK,Society_122,1035 - 1135,2.0,1.0,73.5
Plot  Area,Ready To Move,Jigani,4 BHK,Society_38,2361,5.0,2.0,147.54
Plot  Area,Ready To Move,Narayanapura,2 BHK,Society_50,1250,3.0,2.0,95.73
Built-up  Area,19-Dec,Benson Town,3 BHK,Society_88,1466,3.0,2.0,55.75
Super built-up  Area,19-Dec,Basaveshwara Nagar,3 BHK,,1467,3.0,3.0,76.62
Super built-up  Area,Ready To Move,Gottigere,1 BHK,,515,2.0,1.0,26.48
Super built-up  Area,Ready To Move,Lavelle Road,2 BHK,,1288,2.0,2.0,184.21
Plot  Area,Ready To Move,Hennur Road,3 BHK,,1755,3.0,2.0,133.1
Built-up  Area,Ready To Move,Vidyaranyapura,3 BHK,,1328,2.0,0.0,77.58
Super built-up  Area,22-Jan,Electronic City,3 BHK,,1535,4.0,1.0,98.15
Built-up  Area,Ready To Move,Hulimavu,5 BHK,,3837,5.0,1.0,216.18
Super built-up  Area,22-Jan,Richmond Town,4 BHK,,2458,4.0,2.0,346.87
Super built-up  Area,22-Jan,Electronic City,2 BHK,,960 - 1060,2.0,0.0,40.88
Built-up  Area,19-Dec,Bommasandra,2 BHK,,915 - 1015,2.0,2.0,49.07
Super built-up  Area,Ready To Move,Wilson Garden,2 BHK,,839,1.0,2.0,77.79
Carpet  Area,Ready To Move,Thanisandra Main Road,5 BHK,,3694,5.0,2.0,230.83
Built-up  Area,Ready To Move,Richmond Town,3 BHK,,1520,4.0,1.0,174.75
Built-up  Area,22-Jan,Bagalur,1 BHK,,806,1.0,1.0,52.2
Plot  Area,Ready To Move,Jakkur,4 BHK,,2426,4.0,1.0,167.27
Plot  Area,22-Jan,Whitefield,5 BHK,,3595,5.0,2.0,315.29
Super built-up  Area,22-Jan,Chikkaballapur Road,3 BHK,,1329,4.0,3.0,72.47
Plot  Area,Ready To Move,Hennur Road,3 BHK,Society_194,1734,2.0,1.0,89.85
Super built-up  Area,Ready To Move,Raja Rajeshwari Nagar,3 BHK,,1344,3.0,0.0,58.79
Super built-up  Area,19-Dec,HSR Layout,3 BHK,Society_133,1637,2.0,2.0,146.03
Built-up  Area,22-Jan,Jakkur,2 BHK,Society_35,1123,2.0,1.0,59.01
Plot  Area,22-Jan,Banaswadi,5 BHK,Society_96,3478,5.0,1.0,237.27
Super built-up  Area,Ready To Move,Kammanahalli,3 BHK,,1756,3.0,2.0,108.97
Super built-up  Area,22-Jan,Ejipura,2 BHK,,1046,2.0,2.0,101.64
Super built-up  Area,Ready To Move,Rajarajeshwari Nagara,3 BHK,Society_146,1763,3.0,2.0,100.44
Built-up  Area,Ready To Move,Budigere Cross,2 BHK,,1121,2.0,2.0,58.76
Carpet  Area,Ready To Move,Koramangala,3 BHK,,1682,3.0,0.0,245.33
Super built-up  Area,Ready To Move,Chamrajpet,2 BHK,,1219,2.0,0.0,66.83
Built-up  Area,22-Jan,Malleshwaram,2 BHK,,1171,2.0,2.0,196.3
Super built-up  Area,Ready To Move,Horamavu Agara,2 BHK,Society_59,966 - 1066,3.0,1.0,60.93
Super built-up  Area,Ready To Move,Indira Nagar,2 BHK,Society_22,935,2.0,1.0,135.27
Built-up  Area,Ready To Move,Haralur Road,3 BHK,,1312,2.0,0.0,89.0
Built-up  Area,19-Dec,Uttarahalli,2 BHK,,1095 - 1195,2.0,1.0,72.25
Built-up  Area,19-Dec,Nagarbhavi,2 BHK,Society_108,922,2.0,1.0,51.84
Built-up  Area,Ready To Move,Rajaji Nagar,3 BHK,,1452,3.0,3.0,114.1
Super built-up  Area,19-Dec,Bommasandra,2 BHK,Society_77,880,1.0,1.0,55.86
Carpet  Area,19-Dec,Marathahalli,3 BHK,Society_164,1483,2.0,1.0,109.91
Super built-up  Area,Ready To Move,Jigani,2 BHK,,1127,2.0,2.0,62.21
Carpet  Area,19-Dec,Nayandahalli,4 BHK,,2359,4.0,2.0,174.9
Built-up  Area,22-Jan,Basavanagudi,2 BHK,,1138,2.0,0.0,122.06
Plot  Area,Ready To Move,Bannerghatta Road,1 BHK,Society_167,535 - 635,1.0,1.0,46.1
Built-up  Area,22-Jan,Bellandur,2 BHK,Society_49,1245,3.0,1.0,80.01
Super built-up  Area,Ready To Move,Basavanagudi,3 BHK,,1751,4.0,1.0,217.96
Plot  Area,Ready To Move,Varthur,2 BHK,,1004,2.0,2.0,60.53
Super built-up  Area,19-Dec,Kadugodi,3 BHK,,1249 - 1349,3.0,1.0,72.15
Built-up  Area,19-Dec,Adugodi,5 BHK,,3427 - 3527,5.0,3.0,244.91
Super built-up  Area,19-Dec,Yelahanka,3 BHK,Society_196,1512,3.0,2.0,83.71
Built-up  Area,Ready To Move,Kogilu,3 BHK,,1695,3.0,3.0,91.6
Super built-up  Area,Ready To Move,Thanisandra Main Road,2 BHK,,1243,1.0,0.0,87.19
Carpet  Area,19-Dec,Nagarbhavi,3 BHK,Society_112,1562 - 1662,4.0,2.0,69.73
Super built-up  Area,22-Jan,Haralur Road,2 BHK,Society_155,1239,2.0,2.0,78.22
Built-up  Area,22-Jan,Kumaraswamy Layout,2 BHK,,1293,2.0,1.0,69.72
Super built-up  Area,Ready To Move,Old Madras Road,3 BHK,,1328,3.0,1.0,98.09
Plot  Area,Ready To Move,Padmanabhanagar,3 BHK,,1443,2.0,2.0,92.34
Super built-up  Area,Ready To Move,Cunningham Road,3 BHK,Society_39,1508,2.0,0.0,226.4
Carpet  Area,Ready To Move,Banashankari,2 BHK,,1175,2.0,2.0,73.38
Super built-up  Area,22-Jan,Banashankari,2 BHK,Society_177,1071,2.0,1.0,70.26
Built-up  Area,19-Dec,HSR Layout,3 BHK,Society_187,1468 - 1568,3.0,1.0,163.13
Built-up  Area,Ready To Move,CV Raman Nagar,3 BHK,Society_154,1367,2.0,2.0,98.52
Super built-up  Area,Ready To Move,Kadugodi,3 BHK,,1287,4.0,1.0,76.74
Plot  Area,Ready To Move,RT Nagar,2 BHK,,936,2.0,2.0,58.2
Super built-up  Area,Ready To Move,Jakkur,3 BHK,Society_116,1370,3.0,0.0,82.1
Built-up  Area,Ready To Move,Lingarajapuram,2 BHK,,909 - 1009,2.0,0.0,45.89
Super built-up  Area,19-Dec,Thanisandra,4 BHK,,2475,4.0,1.0,105.67
Super built-up  Area,19-Dec,Sahakara Nagar,1 BHK,,799,1.0,1.0,47.99
Carpet  Area,Ready To Move,Vasanth Nagar,3 BHK,,1638,3.0,0.0,173.58
Super built-up  Area,19-Dec,BTM Layout,2 BHK,Society_85,1224 - 1324,2.0,1.0,93.34
Carpet  Area,19-Dec,Yeshwanthpur,3 BHK,Society_149,1666,3.0,1.0,112.13
Super built-up  Area,Ready To Move,Old Madras Road,2 BHK,,1292,2.0,2.0,66.27
Carpet  Area,Ready To Move,RT Nagar,2 BHK,,1059,2.0,2.0,64.71
Built-up  Area,Ready To Move,Mysore Road,2 BHK,,774 - 874,2.0,1.0,47.72
Built-up  Area,Ready To Move,Gottigere,3 BHK,,1230 - 1330,4.0,1.0,72.83
Super built-up  Area,Ready To Move,Gottigere,3 BHK,,1466,4.0,2.0,81.02
Super built-up  Area,Ready To Move,Mysore Road,4 BHK,,2530,5.0,1.0,172.78
Carpet  Area,Ready To Move,Rajarajeshwari Nagara,3 BHK,,1761,3.0,1.0,122.98
Super built-up  Area,Ready To Move,Hormavu,4 BHK,Society_26,2081,4.0,3.0,119.02
Carpet  Area,Ready To Move,Ramamurthy Nagar,3 BHK,Society_101,1337 - 1437,4.0,3.0,70.95
Built-up  Area,Ready To Move,Begur Road,4 BHK,Society_65,2077,4.0,2.0,139.39
Built-up  Area,22-Jan,Chamrajpet,4 BHK,Society_117,2101,3.0,1.0,163.75
Super built-up  Area,22-Jan,Cox Town,3 BHK,Society_155,1680,3.0,0.0,105.53
Super built-up  Area,Ready To Move,Hulimavu,3 BHK,,1626,3.0,1.0,118.1
Super built-up  Area,19-Dec,Domlur,1 BHK,Society_124,754,1.0,1.0,102.21
Built-up  Area,Ready To Move,Banashankari,2 BHK,Society_80,1083,2.0,1.0,52.71
Carpet  Area,Ready To Move,Wilson Garden,2 BHK,,1249,2.0,2.0,133.08
Built-up  Area,Ready To Move,Domlur,4 BHK,,2591,5.0,0.0,345.58
Built-up  Area,Ready To Move,Cox Town,4 BHK,,2375,3.0,1.0,156.91
Plot  Area,Ready To Move,Old Airport Road,4 BHK,Society_55,2207 - 2307,3.0,2.0,246.77
Super built-up  Area,Ready To Move,Gottigere,2 BHK,Society_87,849,2.0,2.0,59.6
Plot  Area,Ready To Move,CV Raman Nagar,3 BHK,Society_53,1673 - 1773,3.0,0.0,115.52
Built-up  Area,22-Jan,Dasarahalli,5 BHK,,3484,4.0,1.0,184.68
Built-up  Area,22-Jan,Richmond Town,2 BHK,,955,2.0,2.0,141.89
Super built-up  Area,Ready To Move,HRBR Layout,5 BHK,,3469,5.0,3.0,176.09
Super built-up  Area,Ready To Move,HRBR Layout,3 BHK,,1255,4.0,3.0,81.74
Super built-up  Area,Ready To Move,Sahakara Nagar,3 BHK,,1588 - 1688,3.0,0.0,95.31
Super built-up  Area,19-Dec,Vijayanagar,3 BHK,,1305,2.0,0.0,81.95
Super built-up  Area,Ready To Move,Chandapura,2 BHK,,1340,3.0,1.0,48.48
Super built-up  Area,Ready To Move,Kengeri,3 BHK,,1354 - 1454,2.0,0.0,71.42
Built-up  Area,19-Dec,JP Nagar,3 BHK,,1774,4.0,0.0,104.71
Plot  Area,19-Dec,Domlur,3 BHK,,1625 - 1725,3.0,3.0,227.42
Super built-up  Area,22-Jan,Arekere,3 BHK,Society_12,1463,3.0,1.0,84.46
Built-up  Area,22-Jan,KR Puram,3 BHK,,1672,3.0,1.0,114.67
Super built-up  Area,Ready To Move,JP Nagar,2 BHK,,1346,2.0,2.0,143.74
Super built-up  Area,19-Dec,Budigere Cross,2 BHK,,1178,2.0,2.0,77.31
Super built-up  Area,Ready To Move,Indira Nagar,2 BHK,,937,1.0,2.0,113.86
Super built-up  Area,Ready To Move,Hulimavu,2 BHK,Society_85,1118,2.0,0.0,62.11
Super built-up  Area,22-Jan,Hosa Road,2 BHK,,1282,1.0,2.0,77.78
Built-up  Area,22-Jan,Jakkur,3 BHK,Society_162,1640,3.0,2.0,104.32
Built-up  Area,Ready To Move,Marathahalli,3 BHK,,1678,3.0,0.0,144.15
Super built-up  Area,Ready To Move,Haralur Road,4 BHK,Society_178,2271 - 2371,3.0,1.0,145.02
Super built-up  Area,19-Dec,Chamrajpet,3 BHK,,1615,4.0,2.0,101.84
Plot  Area,Ready To Move,Jigani,3 BHK,,1632,4.0,2.0,96.94
Super built-up  Area,Ready To Move,Laggere,2 BHK,Society_99,1091 - 1191,2.0,2.0,48.54
Super built-up  Area,Ready To Move,Padmanabhanagar,2 BHK,,1060,2.0,1.0,51.89
Plot  Area,Ready To Move,Bagalur,4 BHK,Society_119,2253,3.0,3.0,178.31
Plot  Area,Ready To Move,Old Madras Road,2 BHK,Society_12,1111,3.0,2.0,84.44
Super built-up  Area,Ready To Move,Bommasandra,3 BHK,Society_106,1418 - 1518,3.0,2.0,82.66
Super built-up  Area,Ready To Move,Kudlu Gate,4 BHK,,2535,3.0,3.0,140.22
Plot  Area,Ready To Move,Rachenahalli,2 BHK,Society_40,981,2.0,2.0,88.73
Built-up  Area,22-Jan,Hoodi,2 BHK,Society_52,1084 - 1184,2.0,2.0,68.97
Super built-up  Area,Ready To Move,Kumaraswamy Layout,3 BHK,,1352,2.0,1.0,97.12
Built-up  Area,Ready To Move,Koramangala,4 BHK,,2195,4.0,2.0,349.85
Built-up  Area,Ready To Move,New BEL Road,4 BHK,Society_81,2360,4.0,3.0,155.6
Super built-up  Area,22-Jan,Attibele,4 BHK,,2329,4.0,2.0,151.16
Super built-up  Area,22-Jan,Kasturi Nagar,4 BHK,Society_11,2244,5.0,0.0,157.1
Super built-up  Area,22-Jan,Nagarbhavi,2 BHK,Society_104,893,2.0,0.0,69.26
Built-up  Area,22-Jan,Begur Road,2 BHK,,1273,2.0,2.0,80.1
Plot  Area,Ready To Move,Banashankari,4 BHK,Society_109,2320,4.0,1.0,124.47
Super built-up  Area,19-Dec,Marathahalli,3 BHK,Society_171,1347 - 1447,3.0,3.0,89.15
Carpet  Area,Ready To Move,HBR Layout,5 BHK,,3612,5.0,1.0,184.81
Super built-up  Area,Ready To Move,Sadashiva Nagar,4 BHK,,2251,4.0,2.0,342.27
Super built-up  Area,Ready To Move,Gottigere,3 BHK,,1345,2.0,0.0,55.25
Built-up  Area,Ready To Move,Kumaraswamy Layout,1 BHK,,643,1.0,1.0,47.82
Plot  Area,Ready To Move,Akshaya Nagar,2 BHK,,835,2.0,0.0,38.58
Built-up  Area,22-Jan,Dasarahalli,3 BHK,,1346,3.0,2.0,62.93
Super built-up  Area,19-Dec,BTM Layout,3 BHK,,1666,3.0,3.0,115.66
Built-up  Area,19-Dec,Old Airport Road,3 BHK,,1431,3.0,1.0,140.19
Plot  Area,19-Dec,Chikkaballapur Road,2 BHK,,879,2.0,2.0,68.61
Super built-up  Area,Ready To Move,Mysore Road,2 BHK,,1002 - 1102,1.0,1.0,64.42
Super built-up  Area,19-Dec,HSR Layout,2 BHK,,1008,2.0,2.0,105.49
Built-up  Area,Ready To Move,Domlur,1 BHK,,780,1.0,1.0,78.95
Built-up  Area,Ready To Move,Kanakapura Road,2 BHK,Society_149,1081,3.0,2.0,71.29
Plot  Area,Ready To Move,Kudlu Gate,4 BHK,Society_15,2086,3.0,2.0,195.45
Super built-up  Area,Ready To Move,Fraser Town,4 BHK,Society_97,2502,4.0,1.0,121.05
Plot  Area,Ready To Move,Varthur,3 BHK,Society_142,1508 - 1608,4.0,1.0,130.98
Super built-up  Area,Ready To Move,Thanisandra Main Road,5 BHK,,3708,5.0,1.0,241.17
Super built-up  Area,Ready To Move,Sahakara Nagar,2 BHK,,1226,3.0,0.0,84.29
Super built-up  Area,Ready To Move,Sadashiva Nagar,3 BHK,,1676,3.0,1.0,265.89
Plot  Area,Ready To Move,Lavelle Road,1 BHK,,909,1.0,1.0,248.44
Built-up  Area,Ready To Move,Whitefield,2 BHK,,948,3.0,1.0,66.07
Built-up  Area,19-Dec,Kanakapura Road,4 BHK,Society_91,2309,4.0,2.0,116.5
Super built-up  Area,Ready To Move,Thanisandra,3 BHK,,1465,3.0,3.0,59.87
Carpet  Area,22-Jan,Hulimavu,3 BHK,,1553,2.0,0.0,104.63
Built-up  Area,Ready To Move,Mahadevapura,3 BHK,Society_88,1345,4.0,0.0,63.31
Super built-up  Area,19-Dec,Kengeri,3 BHK,Society_125,1479,4.0,0.0,64.01
Super built-up  Area,19-Dec,Mahadevapura,2 BHK,Society_97,884,2.0,1.0,56.92
Super built-up  Area,22-Jan,Girinagar,2 BHK,,962,2.0,2.0,48.19
Built-up  Area,Ready To Move,Bagalur,3 BHK,,1562,3.0,1.0,90.63
Carpet  Area,Ready To Move,Malleshwaram,2 BHK,Society_5,803 - 903,2.0,1.0,108.92
Super built-up  Area,22-Jan,Begur Road,3 BHK,,1506,3.0,3.0,83.35
Plot  Area,Ready To Move,Chandapura,2 BHK,Society_84,1310,1.0,2.0,49.45
Built-up  Area,Ready To Move,Hoodi,3 BHK,,1783,2.0,1.0,158.06
Built-up  Area,19-Dec,Wilson Garden,4 BHK,,2577,5.0,1.0,266.64
Plot  Area,22-Jan,Girinagar,5 BHK,Society_142,3484,4.0,3.0,203.29
Super built-up  Area,Ready To Move,Peenya,2 BHK,,1110,2.0,0.0,54.68
Built-up  Area,Ready To Move,HBR Layout,2 BHK,Society_10,956,2.0,2.0,68.7
Super built-up  Area,Ready To Move,Haralur Road,3 BHK,Society_99,1644 - 1744,3.0,2.0,105.2
Super built-up  Area,Ready To Move,Peenya,3 BHK,,1627,3.0,1.0,115.42
Built-up  Area,Ready To Move,HBR Layout,3 BHK,,1626,4.0,2.0,108.27
Plot  Area,Ready To Move,Indira Nagar,4 BHK,Society_85,2423,5.0,0.0,347.55
Built-up  Area,Ready To Move,Marathahalli,3 BHK,,1392,2.0,0.0,96.75
Super built-up  Area,19-Dec,Sadashiva Nagar,3 BHK,Society_81,1312,3.0,3.0,193.8
Plot  Area,22-Jan,RT Nagar,2 BHK,,831,2.0,2.0,57.43
Carpet  Area,22-Jan,Jigani,3 BHK,,1799,2.0,1.0,119.3
Built-up  Area,Ready To Move,Devanahalli,4 BHK,Society_94,2365,5.0,1.0,84.07
Built-up  Area,Ready To Move,Sadashiva Nagar,4 BHK,Society_148,2326 - 2426,4.0,1.0,437.27
Plot  Area,22-Jan,Sahakara Nagar,2 BHK,,887,2.0,2.0,59.22
Super built-up  Area,19-Dec,HSR Layout,3 BHK,,1551,3.0,0.0,202.11
Super built-up  Area,19-Dec,Koramangala,5 BHK,Society_25,3533 - 3633,6.0,1.0,572.82
Built-up  Area,Ready To Move,Haralur Road,3 BHK,,1796,4.0,1.0,126.34
Built-up  Area,Ready To Move,Kogilu,3 BHK,Society_175,1410,3.0,2.0,82.07
Built-up  Area,Ready To Move,Wilson Garden,3 BHK,,1571,3.0,1.0,156.68
Carpet  Area,19-Dec,Kengeri,4 BHK,Society_44,2170,5.0,2.0,167.59
Built-up  Area,22-Jan,Jakkur,4 BHK,Society_87,2325,4.0,3.0,169.73
Super built-up  Area,Ready To Move,Akshaya Nagar,4 BHK,Society_171,2377,4.0,0.0,167.93
Super built-up  Area,Ready To Move,Koramangala,2 BHK,,1178,2.0,1.0,170.21
Carpet  Area,19-Dec,Padmanabhanagar,2 BHK,,1169,3.0,0.0,84.21
Super built-up  Area,19-Dec,Rajaji Nagar,3 BHK,,1389,3.0,3.0,157.55
Super built-up  Area,19-Dec,Attibele,3 BHK,,1472,4.0,2.0,73.08
Super built-up  Area,22-Jan,Padmanabhanagar,4 BHK,Society_115,2217,3.0,1.0,111.76
Super built-up  Area,22-Jan,HBR Layout,2 BHK,Society_98,1012 - 1112,2.0,1.0,60.01
Built-up  Area,Ready To Move,Magadi Road,2 BHK,Society_31,920,3.0,1.0,38.69
Built-up  Area,Ready To Move,New BEL Road,3 BHK,,1565,2.0,2.0,106.04
Super built-up  Area,22-Jan,Banaswadi,3 BHK,,1466,3.0,3.0,85.79
Built-up  Area,Ready To Move,Varthur,2 BHK,,986,2.0,2.0,63.45
Super built-up  Area,22-Jan,Hulimavu,3 BHK,,1497,4.0,3.0,88.43
Super built-up  Area,19-Dec,Banaswadi,4 BHK,,2549 - 2649,3.0,3.0,151.9
Built-up  Area,Ready To Move,Attibele,2 BHK,,844,2.0,0.0,39.25
Super built-up  Area,22-Jan,Ramamurthy Nagar,4 BHK,Society_76,2153,3.0,2.0,132.89
Plot  Area,Ready To Move,Koramangala,3 BHK,,1474,3.0,0.0,174.63
Built-up  Area,Ready To Move,Kadugodi,3 BHK,Society_6,1632,3.0,3.0,76.86
Super built-up  Area,Ready To Move,Rajaji Nagar,4 BHK,,2236,5.0,1.0,243.4
Plot  Area,Ready To Move,Fraser Town,4 BHK,,2166,4.0,2.0,178.36
Super built-up  Area,Ready To Move,Bellandur,2 BHK,Society_146,1037,1.0,1.0,79.55
Super built-up  Area,19-Dec,Padmanabhanagar,5 BHK,Society_175,3316 - 3416,5.0,2.0,184.34
Built-up  Area,22-Jan,Budigere Cross,4 BHK,Society_106,2273,4.0,1.0,184.18
Super built-up  Area,19-Dec,Cunningham Road,3 BHK,Society_85,1414,4.0,0.0,237.23
Plot  Area,22-Jan,Hennur Road,3 BHK,Society_29,1777,2.0,1.0,108.84
Built-up  Area,19-Dec,Rajarajeshwari Nagara,3 BHK,,1443,3.0,0.0,80.84
Carpet  Area,Ready To Move,Ulsoor,1 BHK,,765,1.0,0.0,80.77
Super built-up  Area,Ready To Move,Rachenahalli,3 BHK,Society_133,1730,3.0,2.0,103.8
Built-up  Area,Ready To Move,Lingarajapuram,3 BHK,Society_85,1393,3.0,2.0,91.18
Built-up  Area,Ready To Move,Wilson Garden,3 BHK,,1639,2.0,2.0,127.22
Super built-up  Area,19-Dec,Kadugodi,1 BHK,Society_29,523,1.0,1.0,26.86
Super built-up  Area,Ready To Move,Whitefield,2 BHK,Society_157,1263,2.0,0.0,66.23
Built-up  Area,Ready To Move,Cox Town,4 BHK,,2088,4.0,0.0,150.42
Built-up  Area,Ready To Move,Kalyan Nagar,2 BHK,Society_3,1039,1.0,0.0,35.27
Plot  Area,19-Dec,Peenya,2 BHK,,1085,2.0,2.0,73.7
Built-up  Area,Ready To Move,Chikkaballapur Road,1 BHK,Society_133,598,1.0,1.0,37.41
Carpet  Area,22-Jan,Banaswadi,4 BHK,,2267,3.0,1.0,155.62
Carpet  Area,19-Dec,Benson Town,2 BHK,,1080,2.0,2.0,47.41
Plot  Area,22-Jan,New BEL Road,3 BHK,,1241 - 1341,3.0,1.0,100.81
Built-up  Area,22-Jan,Domlur,2 BHK,,1276,2.0,2.0,180.33
Carpet  Area,19-Dec,Begur Road,2 BHK,Society_30,1168,2.0,1.0,70.0
Super built-up  Area,19-Dec,Kammanahalli,2 BHK,,1118,3.0,2.0,64.01
Built-up  Area,Ready To Move,Haralur Road,2 BHK,,931,1.0,0.0,53.44
Plot  Area,Ready To Move,Old Airport Road,3 BHK,,1604,3.0,2.0,163.31
Built-up  Area,Ready To Move,Fraser Town,3 BHK,,1548,3.0,1.0,110.61
Carpet  Area,22-Jan,Old Madras Road,4 BHK,Society_13,2276,4.0,2.0,162.85
Built-up  Area,Ready To Move,KR Puram,2 BHK,,935,1.0,1.0,52.48
Super built-up  Area,Ready To Move,CV Raman Nagar,3 BHK,,1322,3.0,0.0,64.86
Super built-up  Area,Ready To Move,Thanisandra,2 BHK,,1231,2.0,1.0,49.89
Super built-up  Area,19-Dec,HRBR Layout,3 BHK,,1275,3.0,3.0,78.5
Super built-up  Area,19-Dec,Varthur,3 BHK,,1345,3.0,0.0,76.91
Super built-up  Area,19-Dec,Thanisandra Main Road,3 BHK,Society_9,1432 - 1532,3.0,1.0,91.26
Plot  Area,Ready To Move,Marathahalli,3 BHK,,1394 - 1494,3.0,1.0,91.14
Carpet  Area,Ready To Move,Hosa Road,4 BHK,Society_179,2382,5.0,0.0,146.06
Super built-up  Area,Ready To Move,Whitefield,3 BHK,,1470,4.0,0.0,93.76
Plot  Area,22-Jan,Cunningham Road,2 BHK,Society_2,990,2.0,0.0,224.83
Built-up  Area,19-Dec,Hoodi,5 BHK,,3431,5.0,0.0,178.28
Built-up  Area,22-Jan,Kalyan Nagar,3 BHK,,1593,2.0,2.0,63.69
Built-up  Area,22-Jan,Bannerghatta Road,1 BHK,Society_192,793,1.0,1.0,55.51
Super built-up  Area,Ready To Move,Whitefield,2 BHK,,876,2.0,2.0,40.91
Built-up  Area,22-Jan,New BEL Road,3 BHK,,1479,3.0,2.0,90.49
Super built-up  Area,19-Dec,Raja Rajeshwari Nagar,3 BHK,,1682,4.0,1.0,99.75
Super built-up  Area,Ready To Move,Basaveshwara Nagar,3 BHK,,1573,3.0,2.0,110.19
Plot  Area,Ready To Move,Ramamurthy Nagar,2 BHK,Society_191,1171,2.0,1.0,105.26
Super built-up  Area,Ready To Move,Thanisandra Main Road,3 BHK,,1573 - 1673,2.0,1.0,79.15
Carpet  Area,Ready To Move,Padmanabhanagar,3 BHK,,1458 - 1558,4.0,1.0,102.85
Carpet  Area,Ready To Move,Kadugodi,4 BHK,Society_20,2569,3.0,1.0,94.93
Super built-up  Area,Ready To Move,Ejipura,2 BHK,Society_20,1093,2.0,2.0,80.65
Built-up  Area,Ready To Move,Mysore Road,3 BHK,,1305,4.0,3.0,79.89
Plot  Area,Ready To Move,Old Madras Road,4 BHK,,2436,4.0,1.0,198.11
Plot  Area,22-Jan,CV Raman Nagar,5 BHK,Society_31,3552,5.0,3.0,265.79
Built-up  Area,22-Jan,Arekere,4 BHK,Society_115,2473 - 2573,4.0,0.0,159.49
Super built-up  Area,Ready To Move,Padmanabhanagar,4 BHK,Society_161,2103,4.0,1.0,96.33
Built-up  Area,Ready To Move,Basaveshwara Nagar,4 BHK,Society_166,2075,4.0,2.0,88.7
Plot  Area,Ready To Move,Domlur,4 BHK,,2580,3.0,0.0,332.57
Built-up  Area,Ready To Move,Ejipura,4 BHK,Society_70,2086,5.0,1.0,228.16
Built-up  Area,19-Dec,Anekal,2 BHK,,1161,2.0,2.0,36.71
Super built-up  Area,Ready To Move,Kengeri,2 BHK,,1166 - 1266,2.0,2.0,84.14
Super built-up  Area,22-Jan,Chamrajpet,5 BHK,Society_67,3403 - 3503,6.0,2.0,162.04
Super built-up  Area,22-Jan,Hebbal,3 BHK,,1275 - 1375,3.0,2.0,123.77
Plot  Area,22-Jan,Girinagar,3 BHK,,1667,4.0,3.0,98.85
Built-up  Area,19-Dec,Basaveshwara Nagar,2 BHK,,1239,3.0,2.0,79.34
Super built-up  Area,Ready To Move,Chandapura,2 BHK,,1037,1.0,1.0,40.44
Plot  Area,19-Dec,Lingarajapuram,3 BHK,Society_150,1480,3.0,3.0,112.46
Carpet  Area,Ready To Move,Kammanahalli,4 BHK,Society_181,2272,4.0,0.0,152.89
Built-up  Area,22-Jan,Mysore Road,4 BHK,,2531 - 2631,3.0,2.0,174.81
Carpet  Area,19-Dec,Rachenahalli,3 BHK,,1665 - 1765,2.0,2.0,90.33
Super built-up  Area,Ready To Move,Marathahalli,5 BHK,Society_21,3615 - 3715,4.0,2.0,247.59
Plot  Area,Ready To Move,Narayanapura,4 BHK,,2448 - 2548,5.0,0.0,196.8
Built-up  Area,22-Jan,Sahakara Nagar,2 BHK,,969,2.0,2.0,57.63
Super built-up  Area,Ready To Move,Vidyaranyapura,3 BHK,Society_5,1276,4.0,1.0,85.46
Plot  Area,22-Jan,KR Puram,3 BHK,Society_85,1593,3.0,1.0,108.01
Built-up  Area,Ready To Move,Kasturi Nagar,3 BHK,,1417,4.0,2.0,74.82
Super built-up  Area,19-Dec,Wilson Garden,2 BHK,,1332,2.0,2.0,128.33
Built-up  Area,Ready To Move,Gottigere,3 BHK,Society_1,1227 - 1327,2.0,1.0,64.05
Plot  Area,Ready To Move,Magadi Road,2 BHK,,1071,2.0,0.0,72.2
Built-up  Area,Ready To Move,Electronic City,5 BHK,,3864,5.0,1.0,241.77
Plot  Area,Ready To Move,Narayanapura,5 BHK,Society_198,3794,4.0,0.0,256.01
Plot  Area,Ready To Move,Yelahanka,4 BHK,Society_11,2423,4.0,1.0,179.12
Plot  Area,Ready To Move,Hosa Road,2 BHK,,868,2.0,2.0,58.51
Built-up  Area,19-Dec,Dasarahalli,2 BHK,,829,2.0,0.0,51.64
Super built-up  Area,22-Jan,Varthur,4 BHK,,2497,4.0,2.0,160.95
Built-up  Area,Ready To Move,Sadashiva Nagar,3 BHK,Society_136,1429,3.0,1.0,191.56
Built-up  Area,Ready To Move,Basaveshwara Nagar,3 BHK,,1307,3.0,1.0,107.96
Super built-up  Area,Ready To Move,Varthur,2 BHK,Society_89,1245,2.0,2.0,75.01
Super built-up  Area,Ready To Move,Arekere,1 BHK,Society_116,409,1.0,1.0,31.29
Super built-up  Area,Ready To Move,Varthur,3 BHK,Society_170,1381,2.0,1.0,77.03
Plot  Area,22-Jan,Banashankari,4 BHK,,2135,4.0,1.0,158.23
Carpet  Area,Ready To Move,Yeshwanthpur,4 BHK,,2060,3.0,2.0,133.71
Super built-up  Area,Ready To Move,Thanisandra Main Road,3 BHK,,1443,3.0,1.0,79.44
Built-up  Area,Ready To Move,Rajarajeshwari Nagara,2 BHK,Society_187,1170 - 1270,2.0,2.0,87.66
Super built-up  Area,22-Jan,Devanahalli,2 BHK,,991,2.0,1.0,41.68
Built-up  Area,Ready To Move,Peenya,3 BHK,Society_90,1586,3.0,1.0,100.88
Built-up  Area,Ready To Move,Jalahalli,3 BHK,,1545,4.0,2.0,83.18
Super built-up  Area,22-Jan,Haralur Road,3 BHK,,1786,3.0,2.0,120.07
Built-up  Area,22-Jan,Malleshwaram,2 BHK,,803,2.0,1.0,90.46
Super built-up  Area,19-Dec,Jalahalli,3 BHK,Society_115,1365,4.0,2.0,79.32
Built-up  Area,Ready To Move,Arekere,2 BHK,,1099,2.0,1.0,58.4
Super built-up  Area,19-Dec,Varthur,3 BHK,,1280,3.0,1.0,56.4
Super built-up  Area,Ready To Move,Malleshwaram,5 BHK,Society_13,3617 - 3717,5.0,1.0,368.88
Built-up  Area,Ready To Move,Hormavu,3 BHK,,1337,3.0,1.0,62.9
Built-up  Area,Ready To Move,Raja Rajeshwari Nagar,4 BHK,,2374,5.0,2.0,162.01
Plot  Area,Ready To Move,Akshaya Nagar,1 BHK,Society_63,655,2.0,0.0,54.76
Built-up  Area,22-Jan,Sarjapur Road,5 BHK,Society_130,3710,4.0,2.0,280.73
Built-up  Area,19-Dec,Peenya,3 BHK,,1450,3.0,2.0,70.04
Super built-up  Area,Ready To Move,Jigani,1 BHK,,844,2.0,1.0,63.84
Super built-up  Area,22-Jan,Wilson Garden,3 BHK,Society_47,1715,3.0,2.0,142.08
Super built-up  Area,19-Dec,Domlur,3 BHK,Society_3,1307,3.0,0.0,151.36
Built-up  Area,Ready To Move,Vidyaranyapura,2 BHK,,1065,2.0,0.0,61.95
Super built-up  Area,19-Dec,RT Nagar,4 BHK,,2078,4.0,0.0,134.16
Super built-up  Area,Ready To Move,Bellandur,2 BHK,,953,3.0,2.0,85.71
Super built-up  Area,22-Jan,Chandapura,2 BHK,,1078,1.0,2.0,34.86
Super built-up  Area,Ready To Move,Narayanapura,3 BHK,Society_67,1338,3.0,2.0,84.41
Super built-up  Area,22-Jan,Cunningham Road,4 BHK,,2242,4.0,2.0,335.32
Super built-up  Area,Ready To Move,Rachenahalli,2 BHK,Society_175,1071,3.0,1.0,56.55
Super built-up  Area,19-Dec,Banashankari,1 BHK,Society_131,457,1.0,1.0,30.5
Plot  Area,Ready To Move,Fraser Town,2 BHK,,1170,2.0,2.0,71.95
Super built-up  Area,22-Jan,Peenya,2 BHK,,871,2.0,2.0,56.13
Super built-up  Area,Ready To Move,Kadugodi,1 BHK,,616,1.0,0.0,41.55
Super built-up  Area,Ready To Move,Devanahalli,2 BHK,,972 - 1072,1.0,2.0,50.19
Super built-up  Area,Ready To Move,Hormavu,2 BHK,Society_173,1166,3.0,2.0,71.75
Plot  Area,Ready To Move,Uttarahalli,2 BHK,,1212,2.0,0.0,100.48
Super built-up  Area,Ready To Move,Kanakapura Road,2 BHK,,828,3.0,0.0,52.88
Super built-up  Area,22-Jan,HBR Layout,3 BHK,Society_175,1746,4.0,1.0,117.71
Super built-up  Area,22-Jan,Lavelle Road,3 BHK,,1410,3.0,2.0,282.78
Built-up  Area,Ready To Move,New BEL Road,3 BHK,,1403,3.0,1.0,88.51
Built-up  Area,22-Jan,Attibele,2 BHK,,1229,1.0,2.0,55.6
Built-up  Area,22-Jan,Hoodi,4 BHK,,2262,4.0,0.0,132.6
Plot  Area,Ready To Move,Rachenahalli,4 BHK,Society_122,2130,4.0,2.0,101.43
Super built-up  Area,Ready To Move,Mahadevapura,2 BHK,Society_48,985,2.0,2.0,47.09
Built-up  Area,Ready To Move,Kadugodi,2 BHK,,1054,2.0,2.0,70.65
Super built-up  Area,Ready To Move,Hennur Road,3 BHK,,1255,3.0,0.0,70.52
Plot  Area,Ready To Move,Bommasandra,3 BHK,Society_45,1696 - 1796,3.0,3.0,119.02
Built-up  Area,Ready To Move,Cunningham Road,3 BHK,Society_57,1596,3.0,2.0,308.16
Built-up  Area,22-Jan,Hebbal,3 BHK,Society_168,1556,2.0,3.0,153.26
Carpet  Area,Ready To Move,Basavanagudi,2 BHK,Society_193,937,2.0,2.0,136.77
Carpet  Area,22-Jan,Girinagar,3 BHK,Society_83,1518 - 1618,2.0,1.0,101.61
Built-up  Area,Ready To Move,Padmanabhanagar,2 BHK,,1244 - 1344,3.0,2.0,79.95
Super built-up  Area,Ready To Move,Kasturi Nagar,2 BHK,,983,2.0,0.0,54.54
Built-up  Area,22-Jan,Varthur,3 BHK,,1629,3.0,1.0,138.47
Super built-up  Area,Ready To Move,Yeshwanthpur,3 BHK,Society_155,1428 - 1528,2.0,1.0,105.49
Built-up  Area,Ready To Move,Kudlu Gate,2 BHK,Society_193,1116,2.0,0.0,72.45
Plot  Area,Ready To Move,Horamavu Agara,3 BHK,Society_154,1627,2.0,1.0,116.59
Built-up  Area,Ready To Move,Chamrajpet,3 BHK,Society_34,1482,3.0,0.0,96.65
Super built-up  Area,22-Jan,Girinagar,3 BHK,,1399 - 1499,3.0,3.0,115.25
Carpet  Area,Ready To Move,Domlur,3 BHK,Society_194,1362,3.0,3.0,167.6
Plot  Area,Ready To Move,Banaswadi,3 BHK,Society_97,1439,4.0,3.0,92.12
Super built-up  Area,Ready To Move,Budigere Cross,3 BHK,Society_164,1641,3.0,3.0,103.14
Plot  Area,Ready To Move,Rajarajeshwari Nagara,3 BHK,Society_152,1535 - 1635,2.0,1.0,103.23
Super built-up  Area,Ready To Move,Begur Road,3 BHK,,1640,4.0,0.0,108.02
Built-up  Area,Ready To Move,Jakkur,3 BHK,,1605 - 1705,4.0,0.0,90.89
Super built-up  Area,19-Dec,Raja Rajeshwari Nagar,3 BHK,,1753,2.0,3.0,89.97
Super built-up  Area,Ready To Move,Rajaji Nagar,4 BHK,,2099 - 2199,5.0,2.0,329.05
Super built-up  Area,Ready To Move,Yeshwanthpur,4 BHK,Society_92,2302,4.0,2.0,109.02
Plot  Area,Ready To Move,Anekal,3 BHK,,1466 - 1566,2.0,2.0,64.07
Carpet  Area,19-Dec,New BEL Road,5 BHK,,3735 - 3835,5.0,2.0,248.14
Built-up  Area,22-Jan,HSR Layout,3 BHK,,1646,3.0,2.0,140.16
Super built-up  Area,19-Dec,Marathahalli,3 BHK,,1368,2.0,3.0,103.29
Built-up  Area,Ready To Move,Hebbal,1 BHK,Society_189,838 - 938,1.0,1.0,91.45
Built-up  Area,22-Jan,Yelahanka,4 BHK,Society_134,2485,4.0,3.0,117.87
Super built-up  Area,19-Dec,Ramamurthy Nagar,2 BHK,Society_86,1304,2.0,2.0,79.42
Super built-up  Area,19-Dec,Horamavu Agara,3 BHK,,1349,3.0,0.0,84.77
Super built-up  Area,22-Jan,Kengeri,4 BHK,Society_190,2586,3.0,0.0,155.57
Super built-up  Area,Ready To Move,Thanisandra,2 BHK,,925,3.0,0.0,47.2
Carpet  Area,Ready To Move,Nagarbhavi,2 BHK,,1044,2.0,2.0,75.95
Super built-up  Area,19-Dec,Nayandahalli,2 BHK,Society_88,1082,2.0,2.0,62.92
Built-up  Area,22-Jan,Hennur Road,2 BHK,,868,2.0,1.0,56.31
Carpet  Area,22-Jan,Lingarajapuram,2 BHK,,1051,2.0,2.0,41.41
Super built-up  Area,22-Jan,KR Puram,3 BHK,,1469,2.0,1.0,77.66
Super built-up  Area,22-Jan,Laggere,5 BHK,,3569,5.0,1.0,271.46
Super built-up  Area,22-Jan,HSR Layout,3 BHK,,1343,3.0,1.0,136.67
Built-up  Area,Ready To Move,Sarjapur Road,1 BHK,,711 - 811,1.0,1.0,42.45
Super built-up  Area,22-Jan,Kanakapura Road,2 BHK,Society_39,926,3.0,1.0,50.75
Built-up  Area,22-Jan,Domlur,3 BHK,Society_67,1609 - 1709,2.0,3.0,194.6
Built-up  Area,Ready To Move,HRBR Layout,3 BHK,,1263,3.0,2.0,80.57
Built-up  Area,Ready To Move,Bellandur,4 BHK,,2153,4.0,2.0,164.65
Plot  Area,Ready To Move,Hennur Road,3 BHK,Society_88,1693,4.0,0.0,99.64
Super built-up  Area,19-Dec,Vasanth Nagar,3 BHK,Society_27,1303,2.0,3.0,144.27
Super built-up  Area,22-Jan,Lavelle Road,3 BHK,Society_52,1702,3.0,0.0,446.07
Super built-up  Area,Ready To Move,Ramamurthy Nagar,2 BHK,,962,2.0,2.0,54.18
Super built-up  Area,Ready To Move,Wilson Garden,3 BHK,,1571,3.0,3.0,126.58
Carpet  Area,Ready To Move,Hulimavu,2 BHK,,1296,3.0,1.0,48.19
Built-up  Area,22-Jan,Hosa Road,4 BHK,,2182,3.0,3.0,172.74
Plot  Area,22-Jan,Cox Town,4 BHK,,2522,4.0,1.0,200.57
Built-up  Area,Ready To Move,Kumaraswamy Layout,5 BHK,Society_117,3793,5.0,0.0,191.59
Built-up  Area,19-Dec,RT Nagar,4 BHK,Society_17,2485,4.0,1.0,139.37
Built-up  Area,Ready To Move,Hosa Road,3 BHK,,1285,3.0,2.0,79.43
Built-up  Area,22-Jan,Raja Rajeshwari Nagar,4 BHK,,2398,4.0,1.0,176.21
Built-up  Area,Ready To Move,Raja Rajeshwari Nagar,4 BHK,Society_160,2212,4.0,0.0,137.49
Built-up  Area,Ready To Move,Bommanahalli,2 BHK,,875,2.0,2.0,50.93
Super built-up  Area,Ready To Move,Cox Town,3 BHK,Society_108,1432,4.0,2.0,68.49
Built-up  Area,Ready To Move,Adugodi,4 BHK,,2240,4.0,0.0,122.54
Carpet  Area,Ready To Move,MG Road,5 BHK,,3757,6.0,2.0,735.8
Plot  Area,22-Jan,Kengeri,3 BHK,Society_199,1425 - 1525,3.0,0.0,120.8
Super built-up  Area,Ready To Move,CV Raman Nagar,3 BHK,,1343,4.0,1.0,77.69
Built-up  Area,Ready To Move,Kammanahalli,2 BHK,Society_20,1212,2.0,1.0,69.08
Super built-up  Area,22-Jan,Bommasandra,2 BHK,Society_8,1218,2.0,2.0,92.8
Plot  Area,22-Jan,Jayanagar,3 BHK,Society_41,1558 - 1658,2.0,0.0,203.95
Super built-up  Area,Ready To Move,Ejipura,3 BHK,Society_193,1510,4.0,0.0,141.1
Built-up  Area,Ready To Move,Rajarajeshwari Nagara,3 BHK,,1786,3.0,0.0,134.35
Plot  Area,Ready To Move,Vijayanagar,2 BHK,,873,3.0,2.0,54.4
Super built-up  Area,Ready To Move,Thanisandra,5 BHK,,3797,6.0,0.0,214.5
Built-up  Area,Ready To Move,Kalyan Nagar,3 BHK,,1624,3.0,3.0,89.96
Super built-up  Area,19-Dec,Laggere,3 BHK,,1252,3.0,0.0,46.82
Super built-up  Area,22-Jan,Ramamurthy Nagar,1 BHK,Society_199,469,1.0,1.0,26.53
Super built-up  Area,Ready To Move,Hormavu,4 BHK,,2497,4.0,3.0,128.45
Built-up  Area,Ready To Move,Anekal,3 BHK,,1791,4.0,1.0,65.71
Super built-up  Area,Ready To Move,Brigade Road,3 BHK,,1571,3.0,1.0,278.6
Built-up  Area,22-Jan,HRBR Layout,3 BHK,Society_16,1627 - 1727,3.0,0.0,94.21
Super built-up  Area,Ready To Move,Anekal,2 BHK,Society_167,1060,2.0,1.0,39.16
Super built-up  Area,Ready To Move,Uttarahalli,3 BHK,,1672 - 1772,4.0,2.0,83.44
Super built-up  Area,22-Jan,Bommanahalli,5 BHK,,3598 - 3698,5.0,2.0,239.36
Built-up  Area,Ready To Move,Varthur,2 BHK,,947,1.0,2.0,63.63
Plot  Area,19-Dec,Banashankari,2 BHK,,1275 - 1375,3.0,1.0,110.5
Super built-up  Area,Ready To Move,Ejipura,1 BHK,,640,1.0,1.0,48.37
Built-up  Area,Ready To Move,Kasturi Nagar,4 BHK,Society_151,2122,4.0,2.0,111.68
Plot  Area,Ready To Move,Whitefield,5 BHK,Society_7,3720,4.0,3.0,342.68
Super built-up  Area,Ready To Move,Thanisandra Main Road,2 BHK,,933,2.0,1.0,46.36
Super built-up  Area,22-Jan,Cunningham Road,2 BHK,Society_97,1157,2.0,1.0,199.56
Built-up  Area,Ready To Move,Magadi Road,4 BHK,,2389,4.0,1.0,139.33
Super built-up  Area,Ready To Move,Koramangala,3 BHK,,1429,3.0,1.0,167.55
Super built-up  Area,22-Jan,Nagarbhavi,3 BHK,,1509,3.0,0.0,98.67
Super built-up  Area,22-Jan,Hulimavu,4 BHK,,2249,4.0,1.0,162.83
Carpet  Area,Ready To Move,Haralur Road,4 BHK,,2127,4.0,2.0,124.23
Plot  Area,22-Jan,Brigade Road,2 BHK,,1332,1.0,1.0,268.61
Super built-up  Area,Ready To Move,Electronic City,2 BHK,Society_27,854,3.0,1.0,41.72
Super built-up  Area,Ready To Move,Jayanagar,3 BHK,,1469,2.0,2.0,126.61
Built-up  Area,Ready To Move,Brigade Road,2 BHK,,861,2.0,2.0,164.99
Super built-up  Area,Ready To Move,Whitefield,3 BHK,,1441,2.0,2.0,80.86
Built-up  Area,22-Jan,Yeshwanthpur,2 BHK,Society_9,1341,2.0,2.0,94.76
Built-up  Area,Ready To Move,MG Road,3 BHK,Society_115,1202 - 1302,3.0,1.0,225.96
Super built-up  Area,Ready To Move,Jayanagar,2 BHK,,832 - 932,2.0,2.0,120.87
Plot  Area,Ready To Move,Horamavu Agara,2 BHK,,1326,2.0,2.0,81.23
Super built-up  Area,19-Dec,Jigani,4 BHK,,2572,4.0,0.0,180.78
Plot  Area,22-Jan,Akshaya Nagar,4 BHK,Society_122,2109,4.0,3.0,186.0
Super built-up  Area,Ready To Move,Adugodi,4 BHK,,2208,4.0,3.0,146.35
Super built-up  Area,Ready To Move,Yeshwanthpur,3 BHK,,1716,3.0,0.0,128.67
Built-up  Area,Ready To Move,Jigani,4 BHK,,2445 - 2545,5.0,1.0,139.7
Super built-up  Area,Ready To Move,MG Road,4 BHK,,2295,4.0,0.0,383.13
Super built-up  Area,19-Dec,HSR Layout,3 BHK,Society_122,1693,3.0,3.0,186.01
Super built-up  Area,22-Jan,Attibele,2 BHK,,800 - 900,3.0,2.0,53.98
Built-up  Area,Ready To Move,HRBR Layout,4 BHK,,2419 - 2519,4.0,3.0,124.67
Plot  Area,Ready To Move,Raja Rajeshwari Nagar,4 BHK,,2515,5.0,3.0,188.96
Super built-up  Area,19-Dec,Rajarajeshwari Nagara,4 BHK,Society_170,2192,4.0,1.0,131.65
Super built-up  Area,19-Dec,Nayandahalli,2 BHK,,1082,2.0,1.0,54.04
Plot  Area,Ready To Move,Lingarajapuram,4 BHK,,2079,4.0,3.0,151.91
Built-up  Area,19-Dec,Haralur Road,2 BHK,Society_38,1281 - 1381,2.0,1.0,96.61
Carpet  Area,22-Jan,Nagarbhavi,5 BHK,,3576,6.0,1.0,190.93
Super built-up  Area,Ready To Move,Bommasandra,4 BHK,Society_183,2392,4.0,2.0,145.66
Plot  Area,Ready To Move,Magadi Road,3 BHK,,1555,3.0,0.0,134.34
Built-up  Area,22-Jan,Thanisandra Main Road,2 BHK,Society_73,1018 - 1118,2.0,2.0,58.41
Built-up  Area,Ready To Move,Sahakara Nagar,2 BHK,Society_139,875,3.0,2.0,50.84
Built-up  Area,19-Dec,KR Puram,2 BHK,,992,2.0,2.0,46.54
Plot  Area,22-Jan,Rajarajeshwari Nagara,4 BHK,Society_25,2343,4.0,0.0,148.16
Super built-up  Area,19-Dec,Koramangala,5 BHK,,3465 - 3565,5.0,0.0,541.33
Plot  Area,19-Dec,Yelahanka,3 BHK,,1712,4.0,1.0,117.14
Super built-up  Area,22-Jan,JP Nagar,2 BHK,,1168,2.0,2.0,107.04
Super built-up  Area,19-Dec,HSR Layout,2 BHK,Society_151,1213,1.0,2.0,106.86
Super built-up  Area,Ready To Move,Magadi Road,3 BHK,Society_197,1363,3.0,1.0,84.51
Plot  Area,Ready To Move,Uttarahalli,3 BHK,,1716,3.0,1.0,128.91
Carpet  Area,Ready To Move,Vasanth Nagar,2 BHK,,1087,2.0,2.0,159.51
Super built-up  Area,Ready To Move,BTM Layout,2 BHK,Society_67,956 - 1056,1.0,1.0,98.33
Built-up  Area,19-Dec,Chamrajpet,2 BHK,,1084,3.0,2.0,58.22
Super built-up  Area,22-Jan,Hennur Road,3 BHK,Society_95,1475 - 1575,2.0,1.0,82.33
Built-up  Area,Ready To Move,Hoodi,2 BHK,,1110,2.0,1.0,58.31
Super built-up  Area,Ready To Move,Ramamurthy Nagar,2 BHK,,980,2.0,1.0,66.29
Super built-up  Area,19-Dec,RT Nagar,1 BHK,,442,1.0,1.0,32.12
Super built-up  Area,19-Dec,Kanakapura Road,3 BHK,,1512 - 1612,3.0,1.0,96.33
Plot  Area,22-Jan,Uttarahalli,3 BHK,Society_69,1370,4.0,1.0,109.95
Super built-up  Area,Ready To Move,Budigere Cross,3 BHK,,1394 - 1494,3.0,2.0,95.51
Super built-up  Area,Ready To Move,Electronic City,4 BHK,Society_80,2119,4.0,2.0,111.11
Super built-up  Area,Ready To Move,Hosa Road,5 BHK,,3579,4.0,2.0,149.61
Super built-up  Area,22-Jan,Basavanagudi,4 BHK,,2537,4.0,2.0,221.77
Super built-up  Area,Ready To Move,Basavanagudi,3 BHK,,1656 - 1756,3.0,2.0,170.62
Carpet  Area,Ready To Move,Magadi Road,4 BHK,Society_153,2128,4.0,1.0,136.15
Built-up  Area,22-Jan,Old Airport Road,4 BHK,Society_98,2245,3.0,1.0,256.23
Super built-up  Area,22-Jan,Chandapura,4 BHK,,2542 - 2642,4.0,3.0,114.77
Carpet  Area,Ready To Move,Uttarahalli,3 BHK,,1548,3.0,3.0,67.86
Built-up  Area,Ready To Move,Chandapura,4 BHK,,2126,4.0,1.0,90.77
Built-up  Area,Ready To Move,Bommanahalli,3 BHK,,1441,3.0,2.0,84.1
Super built-up  Area,22-Jan,Budigere Cross,5 BHK,,3635,5.0,3.0,219.53
Super built-up  Area,22-Jan,JP Nagar,2 BHK,Society_194,862,2.0,1.0,64.1
Built-up  Area,Ready To Move,Koramangala,1 BHK,,670,1.0,1.0,86.34
Built-up  Area,Ready To Move,Ulsoor,3 BHK,,1738,3.0,2.0,176.75
Built-up  Area,Ready To Move,RT Nagar,4 BHK,,2073,4.0,1.0,98.97
Super built-up  Area,Ready To Move,Hosa Road,2 BHK,Society_29,1307,2.0,2.0,85.31
Built-up  Area,Ready To Move,MG Road,4 BHK,,2488,4.0,0.0,436.9
Super built-up  Area,Ready To Move,Varthur,3 BHK,,1571 - 1671,3.0,1.0,83.97
Super built-up  Area,Ready To Move,HSR Layout,3 BHK,,1798,2.0,1.0,176.33
Built-up  Area,Ready To Move,HSR Layout,5 BHK,,3648,5.0,1.0,308.56
Super built-up  Area,22-Jan,Arekere,2 BHK,Society_170,1139,2.0,2.0,54.66
Carpet  Area,Ready To Move,Koramangala,3 BHK,Society_40,1676,3.0,2.0,241.33
Built-up  Area,Ready To Move,Hulimavu,4 BHK,,2252 - 2352,3.0,2.0,139.51
Built-up  Area,22-Jan,Uttarahalli,3 BHK,Society_187,1739,2.0,2.0,91.44
Carpet  Area,Ready To Move,Jakkur,3 BHK,,1665,3.0,3.0,111.0
Plot  Area,Ready To Move,Mysore Road,3 BHK,,1589,3.0,1.0,124.48
Super built-up  Area,Ready To Move,Adugodi,2 BHK,,1096,3.0,2.0,64.89
Built-up  Area,22-Jan,Benson Town,3 BHK,Society_103,1468,3.0,0.0,47.92
Super built-up  Area,Ready To Move,Cox Town,3 BHK,,1432,3.0,2.0,82.07
Built-up  Area,22-Jan,Koramangala,3 BHK,,1258,3.0,1.0,168.32
Built-up  Area,22-Jan,Kalyan Nagar,3 BHK,,1283,3.0,0.0,77.29
Plot  Area,19-Dec,Mahadevapura,3 BHK,,1491,2.0,0.0,143.21
Built-up  Area,19-Dec,Gottigere,4 BHK,Society_22,2532,4.0,2.0,174.01
Built-up  Area,19-Dec,Richmond Town,2 BHK,,1338,3.0,1.0,159.73
Super built-up  Area,22-Jan,Old Airport Road,4 BHK,,2072 - 2172,3.0,2.0,253.43
Super built-up  Area,19-Dec,Malleshwaram,3 BHK,Society_98,1635,3.0,0.0,204.68
Super built-up  Area,19-Dec,Richmond Town,3 BHK,Society_62,1268 - 1368,3.0,3.0,181.95
Carpet  Area,Ready To Move,Vidyaranyapura,2 BHK,,823,2.0,2.0,36.52
Super built-up  Area,22-Jan,RT Nagar,3 BHK,,1645,3.0,2.0,108.22
Built-up  Area,Ready To Move,Bannerghatta Road,3 BHK,,1365,2.0,1.0,94.63
Built-up  Area,Ready To Move,Adugodi,1 BHK,,464,1.0,1.0,34.08
Super built-up  Area,Ready To Move,Vasanth Nagar,3 BHK,,1370,3.0,1.0,223.69
Built-up  Area,Ready To Move,Gottigere,3 BHK,,1612,2.0,2.0,102.97
Built-up  Area,22-Jan,JP Nagar,4 BHK,Society_109,2271,4.0,2.0,165.99
Super built-up  Area,19-Dec,Hulimavu,2 BHK,,1296,2.0,2.0,79.16
Carpet  Area,Ready To Move,Whitefield,2 BHK,Society_174,1216,2.0,0.0,65.27
Plot  Area,Ready To Move,Thanisandra Main Road,2 BHK,,757 - 857,3.0,2.0,53.96
Plot  Area,Ready To Move,Horamavu Agara,3 BHK,Society_135,1268,3.0,3.0,95.92
Built-up  Area,Ready To Move,Hebbal,4 BHK,Society_166,2161,4.0,1.0,226.83
Built-up  Area,Ready To Move,Chamrajpet,3 BHK,,1483,2.0,2.0,107.62
Plot  Area,19-Dec,Ejipura,2 BHK,Society_9,875,3.0,1.0,85.48
Built-up  Area,19-Dec,Nagarbhavi,4 BHK,,2594,5.0,1.0,116.94
Plot  Area,Ready To Move,BTM Layout,4 BHK,Society_182,2132,3.0,2.0,176.23
Carpet  Area,Ready To Move,Dasarahalli,3 BHK,,1422,3.0,1.0,96.85
Super built-up  Area,Ready To Move,Arekere,2 BHK,Society_40,1198,3.0,2.0,81.04
Plot  Area,19-Dec,New BEL Road,4 BHK,,2275 - 2375,4.0,2.0,191.58
Super built-up  Area,22-Jan,Hennur Road,3 BHK,Society_100,1281,2.0,1.0,68.56
Super built-up  Area,Ready To Move,Laggere,3 BHK,,1713,3.0,0.0,98.59
Super built-up  Area,22-Jan,Kanakapura Road,3 BHK,,1680 - 1780,2.0,1.0,82.4
Built-up  Area,19-Dec,Sarjapur Road,1 BHK,Society_16,460,2.0,1.0,33.01
Built-up  Area,Ready To Move,KR Puram,3 BHK,,1223 - 1323,2.0,1.0,71.88
Plot  Area,22-Jan,CV Raman Nagar,3 BHK,,1600,2.0,2.0,120.82
Plot  Area,19-Dec,Richmond Town,3 BHK,,1758,2.0,0.0,372.95
Built-up  Area,19-Dec,Marathahalli,2 BHK,,1132,1.0,0.0,77.59
Super built-up  Area,Ready To Move,Chikkaballapur Road,3 BHK,Society_51,1458,2.0,1.0,84.23
Super built-up  Area,Ready To Move,Hoodi,4 BHK,,2117,4.0,1.0,130.73
Built-up  Area,Ready To Move,Kudlu Gate,2 BHK,,1220,3.0,1.0,78.88
Super built-up  Area,Ready To Move,Hosa Road,2 BHK,Society_60,1316,3.0,0.0,95.0
Built-up  Area,Ready To Move,Peenya,2 BHK,,934,3.0,1.0,65.26
Built-up  Area,Ready To Move,Jayanagar,2 BHK,Society_58,808,2.0,1.0,123.16
Super built-up  Area,Ready To Move,Brigade Road,2 BHK,Society_137,778 - 878,2.0,2.0,172.59
Super built-up  Area,19-Dec,Basaveshwara Nagar,2 BHK,Society_42,929,3.0,2.0,42.41
Built-up  Area,22-Jan,Marathahalli,3 BHK,,1757,3.0,0.0,141.52
Built-up  Area,Ready To Move,Wilson Garden,3 BHK,Society_21,1653,3.0,2.0,149.15
Super built-up  Area,Ready To Move,Cunningham Road,2 BHK,,1169,2.0,1.0,131.12
Super built-up  Area,Ready To Move,Cox Town,3 BHK,Society_68,1329,2.0,2.0,86.92
Plot  Area,Ready To Move,Kanakapura Road,3 BHK,,1782,3.0,1.0,139.51
Carpet  Area,22-Jan,CV Raman Nagar,3 BHK,,1622,2.0,2.0,86.54
Plot  Area,Ready To Move,Uttarahalli,2 BHK,,1333,3.0,2.0,78.39
Built-up  Area,22-Jan,Laggere,3 BHK,,1503,3.0,2.0,103.77
Plot  Area,19-Dec,Rajaji Nagar,2 BHK,Society_186,1247,2.0,1.0,167.89
Carpet  Area,Ready To Move,Domlur,3 BHK,Society_25,1334,3.0,1.0,95.04
Plot  Area,Ready To Move,Rajarajeshwari Nagara,4 BHK,Society_42,2050,4.0,2.0,132.52
Super built-up  Area,Ready To Move,Indira Nagar,3 BHK,Society_115,1527,2.0,0.0,179.57
Built-up  Area,Ready To Move,Hormavu,3 BHK,,1494,2.0,1.0,102.69
Built-up  Area,22-Jan,Akshaya Nagar,2 BHK,Society_67,1222,2.0,2.0,66.52
Built-up  Area,Ready To Move,JP Nagar,3 BHK,,1594,2.0,2.0,141.91
Plot  Area,Ready To Move,Nayandahalli,3 BHK,Society_190,1396,2.0,0.0,81.56
Super built-up  Area,Ready To Move,Hormavu,2 BHK,,834,2.0,2.0,57.02
Plot  Area,19-Dec,Benson Town,4 BHK,Society_92,2220,3.0,3.0,144.57
Built-up  Area,Ready To Move,Kadugodi,4 BHK,,2185,3.0,3.0,126.05
Super built-up  Area,22-Jan,Uttarahalli,3 BHK,,1453,3.0,1.0,73.09
Built-up  Area,Ready To Move,Domlur,3 BHK,,1756,2.0,3.0,244.97
Super built-up  Area,19-Dec,Old Airport Road,5 BHK,,3809,5.0,2.0,298.43
Carpet  Area,19-Dec,Sarjapur Road,3 BHK,,1590,2.0,1.0,88.78
Super built-up  Area,Ready To Move,Richmond Town,3 BHK,,1366,3.0,2.0,212.43
Built-up  Area,Ready To Move,Ramamurthy Nagar,3 BHK,,1420,3.0,0.0,65.72
Plot  Area,19-Dec,Hormavu,4 BHK,,2208,4.0,0.0,142.32
Super built-up  Area,Ready To Move,JP Nagar,4 BHK,,2067 - 2167,3.0,0.0,158.13
Plot  Area,22-Jan,Brigade Road,3 BHK,,1259,3.0,0.0,243.19
Built-up  Area,22-Jan,Ejipura,4 BHK,,2334,5.0,1.0,232.96
Super built-up  Area,19-Dec,Mysore Road,2 BHK,Society_140,1154,2.0,2.0,69.0
Built-up  Area,Ready To Move,Hebbal,2 BHK,,1136,3.0,2.0,118.21
Super built-up  Area,22-Jan,BTM Layout,1 BHK,,823,1.0,0.0,72.25
Super built-up  Area,Ready To Move,Hosa Road,2 BHK,Society_189,1223,2.0,1.0,57.79
Plot  Area,19-Dec,Fraser Town,4 BHK,,2456,4.0,1.0,172.89
Built-up  Area,Ready To Move,Magadi Road,3 BHK,Society_86,1515,4.0,3.0,75.18
Built-up  Area,19-Dec,Cox Town,2 BHK,,1136 - 1236,2.0,1.0,58.93
Built-up  Area,22-Jan,Vasanth Nagar,2 BHK,,913 - 1013,2.0,2.0,141.68
Super built-up  Area,Ready To Move,Lingarajapuram,3 BHK,,1521,4.0,1.0,87.34
Carpet  Area,22-Jan,Varthur,2 BHK,,850,1.0,2.0,63.6
Super built-up  Area,Ready To Move,Richmond Town,2 BHK,,843,1.0,0.0,101.97
Super built-up  Area,Ready To Move,Ulsoor,2 BHK,,1349,3.0,1.0,125.2
Super built-up  Area,19-Dec,RT Nagar,3 BHK,,1326,3.0,3.0,90.53
Plot  Area,22-Jan,Vijayanagar,1 BHK,Society_116,477,2.0,0.0,27.13
Super built-up  Area,Ready To Move,Jakkur,3 BHK,Society_137,1442,3.0,2.0,66.0
Carpet  Area,22-Jan,Chandapura,2 BHK,,1178,3.0,1.0,43.06
Carpet  Area,19-Dec,Electronic City,3 BHK,,1477,3.0,3.0,86.9
Super built-up  Area,Ready To Move,Wilson Garden,3 BHK,Society_58,1362,2.0,0.0,135.06
Super built-up  Area,Ready To Move,Rachenahalli,2 BHK,,1058,2.0,1.0,60.03
Plot  Area,Ready To Move,Thanisandra,1 BHK,,468,1.0,1.0,24.45
Plot  Area,22-Jan,Whitefield,4 BHK,,2274,4.0,1.0,183.61
Built-up  Area,Ready To Move,Electronic City,5 BHK,Society_133,3726,5.0,0.0,188.94
Built-up  Area,Ready To Move,RT Nagar,2 BHK,Society_139,1312,2.0,2.0,74.31
Super built-up  Area,22-Jan,Begur Road,3 BHK,,1720,3.0,1.0,84.66
Plot  Area,22-Jan,Benson Town,3 BHK,Society_159,1602 - 1702,3.0,2.0,116.79
Plot  Area,Ready To Move,Bagalur,3 BHK,Society_28,1410,2.0,0.0,73.37
Super built-up  Area,Ready To Move,Indira Nagar,2 BHK,,1137,1.0,0.0,211.41
Built-up  Area,Ready To Move,Hormavu,4 BHK,,2249,4.0,0.0,169.48
Carpet  Area,19-Dec,Peenya,3 BHK,Society_123,1536,4.0,0.0,110.2
Carpet  Area,Ready To Move,Vasanth Nagar,4 BHK,,2120 - 2220,4.0,3.0,310.98
Super built-up  Area,22-Jan,Peenya,2 BHK,,1127,2.0,0.0,75.86
Plot  Area,Ready To Move,Kudlu Gate,3 BHK,Society_65,1625,4.0,1.0,109.64
Super built-up  Area,Ready To Move,MG Road,3 BHK,Society_174,1619 - 1719,3.0,2.0,353.33
Built-up  Area,Ready To Move,Kalyan Nagar,3 BHK,,1499 - 1599,3.0,2.0,93.25
Built-up  Area,19-Dec,Kengeri,3 BHK,,1353,3.0,3.0,98.79
Carpet  Area,Ready To Move,Sahakara Nagar,3 BHK,Society_81,1552,2.0,3.0,79.58
Super built-up  Area,19-Dec,Hoodi,2 BHK,,1004,3.0,2.0,50.21
Built-up  Area,19-Dec,Dasarahalli,1 BHK,,772,1.0,0.0,48.01
Super built-up  Area,Ready To Move,Vidyaranyapura,4 BHK,Society_162,2479,4.0,0.0,135.32
Built-up  Area,19-Dec,Kogilu,4 BHK,,2213,4.0,1.0,167.67
Built-up  Area,Ready To Move,KR Puram,2 BHK,,1027,2.0,2.0,42.77
Plot  Area,Ready To Move,Sahakara Nagar,3 BHK,,1485,2.0,1.0,115.77
Built-up  Area,Ready To Move,Bommanahalli,4 BHK,,2475,5.0,3.0,158.19
Built-up  Area,19-Dec,Kalyan Nagar,3 BHK,Society_146,1459,4.0,1.0,76.12
Super built-up  Area,22-Jan,Old Madras Road,3 BHK,Society_51,1259,4.0,1.0,75.54
Carpet  Area,19-Dec,Laggere,2 BHK,Society_40,1168,1.0,1.0,51.68
Super built-up  Area,Ready To Move,Bellandur,2 BHK,,1027,2.0,2.0,93.55
Built-up  Area,Ready To Move,Rachenahalli,1 BHK,,648,1.0,1.0,45.89
Super built-up  Area,19-Dec,Kalyan Nagar,3 BHK,Society_137,1597,3.0,1.0,88.17
Built-up  Area,Ready To Move,Brigade Road,2 BHK,Society_107,1249,2.0,2.0,206.61
Plot  Area,19-Dec,Hennur Road,4 BHK,,2538,4.0,2.0,195.25
Built-up  Area,Ready To Move,KR Puram,2 BHK,Society_91,1149,2.0,2.0,60.16
Carpet  Area,Ready To Move,Jigani,2 BHK,,1145 - 1245,2.0,0.0,65.92
Built-up  Area,Ready To Move,Vidyaranyapura,3 BHK,,1766,3.0,0.0,86.07
Built-up  Area,22-Jan,Benson Town,3 BHK,Society_72,1326,3.0,2.0,67.53
Carpet  Area,19-Dec,Ejipura,2 BHK,,921,3.0,1.0,73.77
Carpet  Area,19-Dec,Akshaya Nagar,2 BHK,Society_77,1183,2.0,2.0,58.8
Carpet  Area,Ready To Move,Nagarbhavi,2 BHK,,1042,2.0,0.0,63.05
Super built-up  Area,Ready To Move,CV Raman Nagar,3 BHK,,1568,2.0,0.0,93.94
Carpet  Area,19-Dec,MG Road,2 BHK,,1320,2.0,0.0,265.16
Super built-up  Area,Ready To Move,Vijayanagar,3 BHK,,1685,3.0,2.0,88.12
Plot  Area,Ready To Move,Whitefield,2 BHK,,1234,2.0,2.0,102.75
Super built-up  Area,Ready To Move,Uttarahalli,2 BHK,,878,2.0,1.0,51.47
Built-up  Area,Ready To Move,Kanakapura Road,2 BHK,,1249,2.0,0.0,71.96
Built-up  Area,Ready To Move,Kogilu,4 BHK,Society_107,2250,4.0,1.0,131.49
Built-up  Area,19-Dec,Lavelle Road,3 BHK,,1256 - 1356,2.0,1.0,184.56
Built-up  Area,Ready To Move,Kogilu,4 BHK,Society_120,2263,4.0,2.0,158.82
Super built-up  Area,Ready To Move,Domlur,4 BHK,Society_166,2522 - 2622,3.0,0.0,310.55
Plot  Area,Ready To Move,Cunningham Road,3 BHK,Society_37,1489,3.0,3.0,263.56
Plot  Area,Ready To Move,Attibele,1 BHK,Society_112,775,1.0,1.0,66.39
Built-up  Area,Ready To Move,Adugodi,3 BHK,,1609,3.0,2.0,106.23
Super built-up  Area,Ready To Move,Cox Town,2 BHK,Society_65,921,2.0,2.0,53.94
Plot  Area,Ready To Move,Sarjapur Road,3 BHK,,1520 - 1620,3.0,1.0,124.57
Plot  Area,19-Dec,Girinagar,3 BHK,,1745,2.0,1.0,116.29
Built-up  Area,Ready To Move,Bagalur,4 BHK,Society_93,2519,4.0,0.0,144.95
Carpet  Area,19-Dec,Malleshwaram,2 BHK,Society_137,855,2.0,2.0,104.61
Plot  Area,Ready To Move,Marathahalli,4 BHK,Society_95,2395,4.0,2.0,177.82
Super built-up  Area,Ready To Move,Raja Rajeshwari Nagar,2 BHK,,1061,3.0,1.0,63.99
Built-up  Area,Ready To Move,Chikkaballapur Road,3 BHK,,1435 - 1535,3.0,1.0,63.88
Plot  Area,22-Jan,Sarjapur Road,1 BHK,Society_121,931,1.0,1.0,63.27
Super built-up  Area,19-Dec,Hoodi,4 BHK,,2264 - 2364,5.0,3.0,151.9
Super built-up  Area,Ready To Move,Whitefield,4 BHK,,2107,4.0,2.0,143.94
Carpet  Area,22-Jan,Haralur Road,4 BHK,,2305 - 2405,4.0,2.0,134.36
Built-up  Area,Ready To Move,Whitefield,5 BHK,Society_55,3634 - 3734,6.0,3.0,309.98
Built-up  Area,19-Dec,Cunningham Road,3 BHK,,1326,3.0,2.0,225.12
Super built-up  Area,Ready To Move,Kanakapura Road,4 BHK,Society_90,2407,4.0,0.0,147.03
Built-up  Area,19-Dec,Kengeri,5 BHK,,3549,5.0,0.0,213.75
Built-up  Area,Ready To Move,Yelahanka,3 BHK,Society_119,1747 - 1847,3.0,0.0,97.41
Carpet  Area,19-Dec,BTM Layout,3 BHK,Society_4,1326,2.0,2.0,92.52
Built-up  Area,22-Jan,Banaswadi,3 BHK,,1684,4.0,1.0,128.05
Built-up  Area,22-Jan,Electronic City,3 BHK,Society_10,1608,3.0,1.0,78.44
Built-up  Area,22-Jan,Yeshwanthpur,2 BHK,Society_145,963,1.0,1.0,47.76
Super built-up  Area,19-Dec,Mahadevapura,3 BHK,,1511,3.0,3.0,71.7
Super built-up  Area,19-Dec,Raja Rajeshwari Nagar,2 BHK,Society_192,933,3.0,2.0,51.54
Built-up  Area,Ready To Move,Bagalur,3 BHK,,1499,4.0,2.0,94.75
Carpet  Area,Ready To Move,Jigani,4 BHK,Society_121,2526,4.0,2.0,146.37
Built-up  Area,22-Jan,Nagarbhavi,3 BHK,Society_50,1672,3.0,0.0,106.08
Built-up  Area,22-Jan,HBR Layout,3 BHK,,1351,3.0,3.0,83.06
Built-up  Area,19-Dec,Akshaya Nagar,4 BHK,,2124,4.0,1.0,109.16
Super built-up  Area,Ready To Move,HBR Layout,4 BHK,,2464,5.0,3.0,120.59
Plot  Area,Ready To Move,Marathahalli,4 BHK,Society_21,2402 - 2502,4.0,0.0,173.06
Built-up  Area,22-Jan,Hulimavu,4 BHK,,2108,4.0,2.0,128.89
Plot  Area,Ready To Move,Rajaji Nagar,3 BHK,,1482,4.0,1.0,227.98
Super built-up  Area,19-Dec,Jakkur,4 BHK,Society_34,2123,3.0,0.0,109.02
Built-up  Area,Ready To Move,Bommanahalli,2 BHK,,1119,2.0,2.0,74.44
Super built-up  Area,22-Jan,Magadi Road,1 BHK,Society_178,800 - 900,1.0,1.0,61.37
Carpet  Area,Ready To Move,Marathahalli,2 BHK,,1094,2.0,1.0,83.27
Super built-up  Area,Ready To Move,Banaswadi,2 BHK,,1290,2.0,0.0,80.61
Plot  Area,19-Dec,Whitefield,4 BHK,,2057,4.0,0.0,211.0
Super built-up  Area,Ready To Move,Raja Rajeshwari Nagar,3 BHK,Society_153,1436,3.0,3.0,84.2
Super built-up  Area,19-Dec,Old Madras Road,3 BHK,,1641 - 1741,2.0,1.0,95.81
Carpet  Area,22-Jan,Vasanth Nagar,3 BHK,,1733,2.0,3.0,273.07
Carpet  Area,Ready To Move,BTM Layout,3 BHK,Society_111,1315,3.0,3.0,90.38
Built-up  Area,19-Dec,Kasturi Nagar,3 BHK,,1579,3.0,3.0,74.05
Super built-up  Area,Ready To Move,Cox Town,2 BHK,Society_162,934,1.0,2.0,53.78
Built-up  Area,22-Jan,Kalyan Nagar,3 BHK,,1642,3.0,1.0,96.89
Super built-up  Area,Ready To Move,Malleshwaram,3 BHK,,1258,3.0,1.0,165.41
Super built-up  Area,Ready To Move,Vasanth Nagar,2 BHK,,1211,3.0,0.0,199.91
Plot  Area,19-Dec,Chandapura,2 BHK,Society_10,1128,1.0,2.0,50.03
Built-up  Area,Ready To Move,MG Road,1 BHK,,569,1.0,0.0,96.41
Super built-up  Area,Ready To Move,Sahakara Nagar,4 BHK,,2125 - 2225,4.0,1.0,143.55
Plot  Area,19-Dec,Padmanabhanagar,2 BHK,,1173,2.0,2.0,83.29
Super built-up  Area,Ready To Move,Lavelle Road,2 BHK,Society_119,1075 - 1175,2.0,2.0,207.16
Plot  Area,Ready To Move,Kanakapura Road,5 BHK,Society_56,3601,6.0,3.0,248.66
Carpet  Area,19-Dec,Rajarajeshwari Nagara,2 BHK,Society_47,941,2.0,2.0,56.46
Super built-up  Area,22-Jan,Electronic City,2 BHK,,864,2.0,1.0,49.35
Carpet  Area,Ready To Move,Narayanapura,2 BHK,,1142,2.0,2.0,81.78
Plot  Area,Ready To Move,Benson Town,4 BHK,,2250 - 2350,3.0,1.0,171.27
Built-up  Area,19-Dec,Kogilu,2 BHK,Society_36,1315,2.0,2.0,91.79
Carpet  Area,19-Dec,Anekal,3 BHK,,1742 - 1842,3.0,0.0,61.8
Carpet  Area,Ready To Move,Jalahalli,2 BHK,,1150,2.0,1.0,73.99
Plot  Area,Ready To Move,Whitefield,3 BHK,,1671,4.0,1.0,131.43
Built-up  Area,Ready To Move,Sarjapur Road,1 BHK,,485,1.0,1.0,29.12
Carpet  Area,19-Dec,JP Nagar,3 BHK,,1565 - 1665,2.0,3.0,130.77
Plot  Area,Ready To Move,Sarjapur Road,2 BHK,,1040,3.0,1.0,81.71
Super built-up  Area,19-Dec,Bannerghatta Road,3 BHK,,1465,2.0,1.0,76.56
Carpet  Area,Ready To Move,Adugodi,3 BHK,,1696,3.0,2.0,120.19
Plot  Area,Ready To Move,Varthur,3 BHK,Society_103,1364,2.0,2.0,109.26
Built-up  Area,22-Jan,Kudlu Gate,3 BHK,Society_40,1418 - 1518,3.0,0.0,76.05
Super built-up  Area,Ready To Move,Vijayanagar,4 BHK,Society_6,2584,5.0,2.0,115.3
Built-up  Area,Ready To Move,Nagarbhavi,3 BHK,,1257,3.0,1.0,70.72
Super built-up  Area,Ready To Move,Richmond Town,3 BHK,Society_156,1259,3.0,3.0,177.61
Super built-up  Area,Ready To Move,Basavanagudi,3 BHK,Society_175,1623,4.0,1.0,198.28
Super built-up  Area,22-Jan,Varthur,4 BHK,,2514,5.0,0.0,149.98
Built-up  Area,Ready To Move,Kanakapura Road,4 BHK,,2510 - 2610,3.0,1.0,162.27
Built-up  Area,Ready To Move,Vasanth Nagar,4 BHK,,2217,4.0,1.0,256.71
Super built-up  Area,19-Dec,Old Madras Road,4 BHK,,2527,3.0,1.0,125.31
Built-up  Area,19-Dec,Kumaraswamy Layout,4 BHK,,2427,5.0,3.0,136.61
Plot  Area,Ready To Move,Laggere,3 BHK,,1699,4.0,3.0,108.6
Super built-up  Area,Ready To Move,Jigani,4 BHK,Society_22,2583,3.0,0.0,144.83
Super built-up  Area,Ready To Move,HBR Layout,3 BHK,Society_1,1271,3.0,1.0,82.95
Built-up  Area,22-Jan,Jayanagar,1 BHK,,895 - 995,1.0,0.0,114.73
Built-up  Area,Ready To Move,Bellandur,1 BHK,Society_93,862,1.0,1.0,55.8
Super built-up  Area,22-Jan,Basaveshwara Nagar,3 BHK,Society_69,1336,3.0,1.0,84.5
Plot  Area,19-Dec,Kanakapura Road,4 BHK,,2506 - 2606,4.0,1.0,153.05
Super built-up  Area,Ready To Move,Old Madras Road,1 BHK,Society_65,604 - 704,1.0,1.0,48.25
Super built-up  Area,Ready To Move,Kudlu Gate,3 BHK,,1334 - 1434,4.0,0.0,79.72
Plot  Area,Ready To Move,New BEL Road,2 BHK,,1293,3.0,2.0,72.64
Super built-up  Area,Ready To Move,Hosa Road,2 BHK,Society_179,830,2.0,1.0,59.28
Super built-up  Area,22-Jan,Domlur,4 BHK,Society_141,2218,3.0,2.0,205.69
Built-up  Area,Ready To Move,Kumaraswamy Layout,2 BHK,Society_50,866,2.0,1.0,50.12
Super built-up  Area,Ready To Move,BTM Layout,3 BHK,,1250 - 1350,2.0,1.0,88.7
Built-up  Area,22-Jan,Sadashiva Nagar,3 BHK,,1268,3.0,3.0,205.47
Carpet  Area,Ready To Move,Malleshwaram,5 BHK,,3620,6.0,2.0,457.99
Plot  Area,Ready To Move,Sarjapur Road,4 BHK,,2203,3.0,2.0,164.7
Plot  Area,22-Jan,Chamrajpet,4 BHK,,2130,5.0,3.0,201.41
Built-up  Area,Ready To Move,Koramangala,3 BHK,,1603,3.0,3.0,178.02
Super built-up  Area,22-Jan,RT Nagar,4 BHK,Society_23,2136,3.0,2.0,89.15
Built-up  Area,Ready To Move,Attibele,2 BHK,,1195,2.0,2.0,103.59
Built-up  Area,19-Dec,Bannerghatta Road,4 BHK,,2253,5.0,2.0,140.06
Built-up  Area,Ready To Move,Magadi Road,4 BHK,,2289,5.0,1.0,154.13
Super built-up  Area,Ready To Move,Bommasandra,3 BHK,,1789,4.0,2.0,136.33
Super built-up  Area,22-Jan,Wilson Garden,3 BHK,,1273,3.0,3.0,154.99
Plot  Area,Ready To Move,Peenya,3 BHK,,1385 - 1485,3.0,1.0,85.39
Plot  Area,22-Jan,Wilson Garden,2 BHK,Society_189,1216,2.0,1.0,156.33
Super built-up  Area,Ready To Move,Jakkur,4 BHK,Society_161,2026 - 2126,4.0,3.0,147.07
Carpet  Area,Ready To Move,Malleshwaram,4 BHK,Society_33,2272,5.0,2.0,240.01
Plot  Area,Ready To Move,Gottigere,2 BHK,,1170,3.0,0.0,76.52
Super built-up  Area,Ready To Move,Vijayanagar,4 BHK,Society_77,2253,3.0,3.0,128.69
Built-up  Area,22-Jan,Kadugodi,1 BHK,,886,1.0,1.0,56.07
Built-up  Area,Ready To Move,Kogilu,1 BHK,Society_164,520,1.0,1.0,31.97
Plot  Area,Ready To Move,Ulsoor,3 BHK,Society_67,1697,2.0,3.0,207.24
Carpet  Area,22-Jan,Mahadevapura,2 BHK,,1026,1.0,0.0,61.94
Super built-up  Area,Ready To Move,RT Nagar,2 BHK,Society_122,933,2.0,0.0,54.52
Super built-up  Area,Ready To Move,Hosa Road,3 BHK,,1555,3.0,3.0,89.14
Built-up  Area,Ready To Move,Yelahanka,3 BHK,,1613 - 1713,2.0,1.0,123.82
Plot  Area,19-Dec,Jigani,4 BHK,,2390,5.0,1.0,201.41
Super built-up  Area,Ready To Move,Arekere,3 BHK,Society_169,1440,3.0,1.0,85.8
Plot  Area,19-Dec,Horamavu Agara,2 BHK,,1273 - 1373,3.0,2.0,99.03
Plot  Area,Ready To Move,Richmond Town,3 BHK,Society_108,1700 - 1800,3.0,2.0,327.16
Built-up  Area,Ready To Move,Varthur,3 BHK,,1482,3.0,1.0,88.9
Built-up  Area,19-Dec,Magadi Road,2 BHK,Society_128,1263,3.0,2.0,76.74
Built-up  Area,Ready To Move,Peenya,5 BHK,,3361,6.0,1.0,213.88
Super built-up  Area,Ready To Move,Thanisandra,3 BHK,Society_166,1317 - 1417,3.0,2.0,70.86
Plot  Area,Ready To Move,Thanisandra Main Road,5 BHK,,3406,6.0,0.0,191.7
Super built-up  Area,19-Dec,Kalyan Nagar,2 BHK,,1215,1.0,2.0,69.72
Built-up  Area,Ready To Move,Jigani,3 BHK,Society_63,1711,3.0,1.0,129.79
Super built-up  Area,Ready To Move,Begur Road,4 BHK,,2129,4.0,2.0,148.9
Super built-up  Area,19-Dec,Begur Road,3 BHK,,1626,3.0,1.0,89.67
Super built-up  Area,Ready To Move,New BEL Road,3 BHK,,1483,2.0,1.0,106.39
Built-up  Area,Ready To Move,Girinagar,2 BHK,,1061,2.0,0.0,64.25
Super built-up  Area,Ready To Move,Old Madras Road,2 BHK,Society_166,1348,3.0,2.0,74.27
Super built-up  Area,Ready To Move,Haralur Road,4 BHK,,2221,4.0,2.0,166.36
Plot  Area,19-Dec,Vijayanagar,3 BHK,Society_101,1343 - 1443,4.0,1.0,80.69
Built-up  Area,Ready To Move,Old Airport Road,4 BHK,Society_189,2311,4.0,3.0,184.27
Built-up  Area,22-Jan,Chikkaballapur Road,2 BHK,,1135,3.0,2.0,78.03
Built-up  Area,Ready To Move,Hormavu,2 BHK,,1249,1.0,2.0,83.09
Carpet  Area,Ready To Move,Ulsoor,3 BHK,,1656,4.0,2.0,237.29
Super built-up  Area,22-Jan,Magadi Road,2 BHK,,881,2.0,2.0,54.44
Super built-up  Area,19-Dec,Anekal,2 BHK,,1150,2.0,2.0,33.96
Carpet  Area,19-Dec,Kammanahalli,3 BHK,,1677 - 1777,3.0,0.0,93.66
Built-up  Area,Ready To Move,JP Nagar,3 BHK,,1738,4.0,3.0,161.62
Carpet  Area,Ready To Move,Hulimavu,3 BHK,,1641 - 1741,4.0,2.0,102.64
Super built-up  Area,19-Dec,Thanisandra,3 BHK,,1352,3.0,2.0,69.62
Super built-up  Area,Ready To Move,Yelahanka,4 BHK,,2097,4.0,2.0,137.19
Built-up  Area,Ready To Move,Kammanahalli,4 BHK,Society_42,2412,4.0,2.0,176.76
Super built-up  Area,22-Jan,Kadugodi,4 BHK,,2196,5.0,2.0,114.63
Super built-up  Area,19-Dec,Domlur,3 BHK,,1290 - 1390,3.0,1.0,201.47
Super built-up  Area,Ready To Move,Akshaya Nagar,2 BHK,Society_49,995,2.0,2.0,60.59
Built-up  Area,Ready To Move,Hormavu,1 BHK,,402,1.0,1.0,23.97
Built-up  Area,Ready To Move,Jigani,3 BHK,,1362,3.0,2.0,91.44
Built-up  Area,22-Jan,Kengeri,2 BHK,,1260,1.0,2.0,82.53
Built-up  Area,22-Jan,Kadugodi,3 BHK,,1703,3.0,1.0,94.67
Built-up  Area,Ready To Move,Marathahalli,2 BHK,,1232,2.0,2.0,88.66
Plot  Area,Ready To Move,KR Puram,2 BHK,,1129,2.0,2.0,83.47
Built-up  Area,22-Jan,Sadashiva Nagar,3 BHK,,1306,3.0,0.0,182.24
Super built-up  Area,22-Jan,Bannerghatta Road,3 BHK,,1769,3.0,0.0,85.47
Super built-up  Area,Ready To Move,MG Road,3 BHK,,1310,3.0,1.0,249.66
Super built-up  Area,Ready To Move,Thanisandra,2 BHK,,1002,2.0,2.0,59.0
Built-up  Area,22-Jan,Lingarajapuram,3 BHK,,1295,4.0,2.0,76.3
Built-up  Area,Ready To Move,Bellandur,1 BHK,Society_178,876,1.0,1.0,67.52
Built-up  Area,Ready To Move,Ejipura,3 BHK,Society_164,1375,3.0,2.0,116.51
Super built-up  Area,Ready To Move,Kengeri,4 BHK,Society_163,2478,5.0,1.0,149.5
Carpet  Area,Ready To Move,Dasarahalli,3 BHK,,1364,2.0,2.0,73.57
Super built-up  Area,Ready To Move,Peenya,2 BHK,,1211 - 1311,2.0,1.0,101.66
Super built-up  Area,Ready To Move,HRBR Layout,3 BHK,Society_198,1291,4.0,2.0,75.93
Super built-up  Area,Ready To Move,Sadashiva Nagar,4 BHK,Society_44,2530,4.0,1.0,333.3
Built-up  Area,Ready To Move,JP Nagar,3 BHK,,1404,3.0,1.0,154.72
Super built-up  Area,22-Jan,Attibele,3 BHK,Society_4,1336 - 1436,4.0,0.0,98.46
Plot  Area,Ready To Move,Haralur Road,2 BHK,,1158,2.0,0.0,67.6
Built-up  Area,Ready To Move,Banashankari,3 BHK,,1729,3.0,3.0,113.32
Super built-up  Area,Ready To Move,Narayanapura,5 BHK,Society_109,3750,6.0,2.0,182.85
Super built-up  Area,19-Dec,Old Airport Road,4 BHK,,2414 - 2514,5.0,2.0,191.11
Built-up  Area,Ready To Move,Laggere,2 BHK,,862,2.0,2.0,48.11
Built-up  Area,Ready To Move,Narayanapura,2 BHK,,1197,2.0,2.0,82.77
Super built-up  Area,Ready To Move,Electronic City,2 BHK,,1147,2.0,1.0,54.58
Super built-up  Area,Ready To Move,Nagarbhavi,1 BHK,,472,1.0,1.0,27.86
Built-up  Area,22-Jan,Kadugodi,3 BHK,,1417,3.0,2.0,94.07
Carpet  Area,Ready To Move,Hebbal,2 BHK,,1196,3.0,2.0,121.13
Built-up  Area,22-Jan,Yeshwanthpur,1 BHK,,909,1.0,1.0,50.66
Plot  Area,Ready To Move,Hulimavu,2 BHK,Society_14,888,2.0,1.0,60.31
Carpet  Area,22-Jan,Varthur,3 BHK,,1678,4.0,0.0,95.43
Super built-up  Area,19-Dec,KR Puram,3 BHK,,1258,4.0,3.0,74.77
Carpet  Area,19-Dec,Sarjapur Road,2 BHK,Society_17,1209,1.0,2.0,76.57
Super built-up  Area,19-Dec,Varthur,2 BHK,Society_15,1260,2.0,2.0,68.35
Super built-up  Area,22-Jan,Old Madras Road,2 BHK,Society_46,1222,2.0,1.0,61.0
Built-up  Area,Ready To Move,Kumaraswamy Layout,3 BHK,Society_125,1697,3.0,2.0,89.63
Plot  Area,Ready To Move,Sahakara Nagar,3 BHK,Society_10,1275,4.0,2.0,80.92
Carpet  Area,19-Dec,Cunningham Road,2 BHK,,1316,2.0,2.0,289.89
Plot  Area,Ready To Move,Yelahanka,3 BHK,Society_144,1311,4.0,1.0,62.57
Super built-up  Area,Ready To Move,JP Nagar,2 BHK,Society_18,1235,2.0,1.0,125.9
Built-up  Area,Ready To Move,Kalyan Nagar,2 BHK,,1018,2.0,0.0,73.44
Super built-up  Area,22-Jan,Kalyan Nagar,4 BHK,,2309,4.0,0.0,125.0
Super built-up  Area,22-Jan,Kasturi Nagar,2 BHK,,822,2.0,2.0,49.64
Built-up  Area,Ready To Move,Lingarajapuram,3 BHK,,1784,3.0,1.0,103.88
Super built-up  Area,Ready To Move,Thanisandra,3 BHK,Society_73,1482,3.0,0.0,78.04
Super built-up  Area,19-Dec,Indira Nagar,4 BHK,Society_64,2197 - 2297,4.0,2.0,380.7
Super built-up  Area,Ready To Move,Adugodi,3 BHK,Society_123,1419,4.0,3.0,111.48
Super built-up  Area,22-Jan,Devanahalli,3 BHK,,1267,4.0,2.0,55.41
Plot  Area,Ready To Move,Brigade Road,2 BHK,,1105 - 1205,2.0,2.0,212.83
Super built-up  Area,22-Jan,Hosa Road,3 BHK,,1498 - 1598,3.0,2.0,97.4
Carpet  Area,22-Jan,Rajarajeshwari Nagara,4 BHK,,2247,4.0,3.0,141.14
Plot  Area,Ready To Move,Rachenahalli,2 BHK,Society_163,923 - 1023,3.0,2.0,61.45
Super built-up  Area,Ready To Move,Banaswadi,3 BHK,,1749,3.0,0.0,104.39
Super built-up  Area,19-Dec,HBR Layout,3 BHK,,1302,4.0,3.0,90.5
Super built-up  Area,Ready To Move,Girinagar,2 BHK,Society_8,827 - 927,2.0,2.0,42.82
Plot  Area,Ready To Move,Vasanth Nagar,2 BHK,,1348,3.0,2.0,184.88
Super built-up  Area,Ready To Move,Jigani,2 BHK,,1056,2.0,1.0,68.64
Super built-up  Area,Ready To Move,Basavanagudi,3 BHK,Society_67,1610,3.0,0.0,203.87
Built-up  Area,Ready To Move,Chikkaballapur Road,2 BHK,Society_143,1099,1.0,1.0,67.67
Super built-up  Area,19-Dec,Vijayanagar,5 BHK,Society_137,3840,6.0,1.0,209.15
Super built-up  Area,22-Jan,Attibele,3 BHK,,1550,3.0,0.0,97.79
Built-up  Area,Ready To Move,Bannerghatta Road,2 BHK,,1342,2.0,2.0,78.72
Super built-up  Area,Ready To Move,Begur Road,2 BHK,Society_105,852,3.0,1.0,34.83
Super built-up  Area,Ready To Move,Bommasandra,4 BHK,,2224,4.0,2.0,133.06
Super built-up  Area,Ready To Move,Anekal,2 BHK,Society_114,1074 - 1174,3.0,2.0,44.73
Super built-up  Area,19-Dec,Whitefield,4 BHK,,2138,5.0,2.0,120.12
Built-up  Area,Ready To Move,Magadi Road,3 BHK,Society_106,1706 - 1806,3.0,1.0,116.48
Plot  Area,Ready To Move,Kengeri,3 BHK,Society_158,1675,4.0,0.0,95.95
Plot  Area,Ready To Move,Old Madras Road,4 BHK,Society_65,2249,4.0,1.0,190.94
Super built-up  Area,19-Dec,Banashankari,3 BHK,,1474,3.0,1.0,82.4
Built-up  Area,Ready To Move,Kogilu,3 BHK,Society_17,1402 - 1502,3.0,0.0,80.25
Super built-up  Area,22-Jan,Bannerghatta Road,3 BHK,,1615,3.0,0.0,86.33
Super built-up  Area,Ready To Move,Marathahalli,3 BHK,Society_94,1700,2.0,2.0,119.68
Built-up  Area,Ready To Move,Laggere,3 BHK,,1656,4.0,1.0,77.88
Plot  Area,22-Jan,Rajarajeshwari Nagara,1 BHK,Society_173,476,1.0,0.0,35.07
Super built-up  Area,Ready To Move,Jakkur,2 BHK,,1124 - 1224,1.0,1.0,96.04
Built-up  Area,Ready To Move,HBR Layout,4 BHK,Society_183,2266,4.0,2.0,141.6
Super built-up  Area,Ready To Move,Marathahalli,2 BHK,Society_170,1219,3.0,0.0,81.58
Super built-up  Area,22-Jan,Benson Town,3 BHK,Society_109,1353,3.0,1.0,72.56
Plot  Area,Ready To Move,HRBR Layout,3 BHK,Society_145,1391,4.0,0.0,81.94
Plot  Area,22-Jan,Vasanth Nagar,2 BHK,Society_142,1176,2.0,2.0,120.89
Super built-up  Area,19-Dec,Old Madras Road,3 BHK,Society_129,1500 - 1600,4.0,0.0,86.19
Super built-up  Area,22-Jan,Bannerghatta Road,3 BHK,,1348,3.0,1.0,102.37
Super built-up  Area,Ready To Move,New BEL Road,3 BHK,Society_153,1718,3.0,2.0,111.71
Super built-up  Area,Ready To Move,Kanakapura Road,4 BHK,Society_22,2511 - 2611,5.0,1.0,145.23
Super built-up  Area,22-Jan,HSR Layout,2 BHK,Society_135,1096,3.0,0.0,104.93
Super built-up  Area,22-Jan,Kasturi Nagar,1 BHK,,582,2.0,0.0,27.64
Built-up  Area,Ready To Move,Cunningham Road,2 BHK,,1188,3.0,2.0,164.46
Built-up  Area,19-Dec,New BEL Road,2 BHK,Society_91,1134,2.0,2.0,74.87
Built-up  Area,19-Dec,Peenya,2 BHK,Society_8,1136,2.0,1.0,69.86
Super built-up  Area,22-Jan,Kadugodi,3 BHK,,1349,3.0,2.0,102.11
Super built-up  Area,22-Jan,Haralur Road,2 BHK,Society_117,1008 - 1108,1.0,2.0,60.24
Super built-up  Area,Ready To Move,Yelahanka,2 BHK,Society_74,1083,2.0,1.0,59.66
Super built-up  Area,22-Jan,Kanakapura Road,2 BHK,,1344,1.0,0.0,60.63
Super built-up  Area,Ready To Move,Basavanagudi,4 BHK,Society_120,2163 - 2263,4.0,1.0,216.32
Plot  Area,19-Dec,Kudlu Gate,4 BHK,,2319,4.0,3.0,188.2
Super built-up  Area,19-Dec,Hulimavu,2 BHK,Society_90,1319,2.0,2.0,57.82
Built-up  Area,Ready To Move,Rachenahalli,3 BHK,Society_87,1427,4.0,1.0,76.62
Built-up  Area,Ready To Move,Yelahanka,4 BHK,,2215,4.0,3.0,148.11
Super built-up  Area,Ready To Move,Jigani,3 BHK,Society_64,1527,4.0,3.0,92.82
Plot  Area,Ready To Move,MG Road,4 BHK,Society_78,2442 - 2542,5.0,1.0,484.51
Plot  Area,22-Jan,Lavelle Road,3 BHK,Society_176,1437,2.0,1.0,311.48
Carpet  Area,Ready To Move,Narayanapura,5 BHK,,3550,6.0,3.0,207.84
Super built-up  Area,Ready To Move,Horamavu Agara,3 BHK,,1618,3.0,2.0,93.32
Super built-up  Area,22-Jan,Marathahalli,3 BHK,Society_47,1454,3.0,3.0,102.07
Plot  Area,19-Dec,MG Road,4 BHK,Society_47,2464,4.0,3.0,496.08
Built-up  Area,Ready To Move,Bommasandra,2 BHK,,837,2.0,2.0,58.19
Super built-up  Area,22-Jan,Anekal,3 BHK,,1461,3.0,2.0,43.39
Super built-up  Area,22-Jan,Bommanahalli,2 BHK,Society_76,812,1.0,2.0,52.78
Super built-up  Area,19-Dec,Attibele,2 BHK,,1145,3.0,0.0,67.31
Super built-up  Area,Ready To Move,Dasarahalli,3 BHK,,1756,4.0,0.0,82.06
Super built-up  Area,22-Jan,Laggere,1 BHK,Society_195,716,1.0,1.0,44.73
Plot  Area,Ready To Move,Arekere,3 BHK,,1689,3.0,3.0,119.39
Super built-up  Area,Ready To Move,JP Nagar,4 BHK,,2082 - 2182,4.0,2.0,223.01
Built-up  Area,Ready To Move,Kalyan Nagar,2 BHK,Society_68,827,1.0,2.0,47.07
Super built-up  Area,Ready To Move,Kogilu,3 BHK,,1270 - 1370,3.0,2.0,95.99
Super built-up  Area,19-Dec,Bommanahalli,3 BHK,Society_135,1561,3.0,1.0,70.34
Super built-up  Area,Ready To Move,Attibele,2 BHK,,817,1.0,2.0,48.01
Built-up  Area,19-Dec,Vijayanagar,3 BHK,,1691,3.0,3.0,107.07
Plot  Area,19-Dec,Chamrajpet,3 BHK,,1530,4.0,1.0,113.92
Built-up  Area,Ready To Move,New BEL Road,4 BHK,,2332,3.0,0.0,135.67
Super built-up  Area,19-Dec,Kanakapura Road,3 BHK,Society_97,1389,4.0,3.0,72.72
Built-up  Area,Ready To Move,Hebbal,3 BHK,,1789,3.0,3.0,142.11
Super built-up  Area,19-Dec,Whitefield,2 BHK,,964,2.0,0.0,64.81
Super built-up  Area,Ready To Move,Brigade Road,3 BHK,Society_129,1756,3.0,0.0,324.41
Built-up  Area,Ready To Move,Kumaraswamy Layout,2 BHK,Society_91,931,3.0,2.0,69.38
Carpet  Area,22-Jan,Devanahalli,4 BHK,,2130,5.0,2.0,92.65
Carpet  Area,Ready To Move,Bommanahalli,2 BHK,,1087,2.0,2.0,58.35
Super built-up  Area,22-Jan,KR Puram,2 BHK,,803,2.0,2.0,54.87
Carpet  Area,Ready To Move,Rachenahalli,2 BHK,,1011,2.0,1.0,48.02
Super built-up  Area,22-Jan,Kumaraswamy Layout,4 BHK,Society_106,2434,4.0,1.0,148.57
Built-up  Area,22-Jan,Wilson Garden,3 BHK,Society_181,1337,3.0,1.0,129.57
Super built-up  Area,Ready To Move,Yeshwanthpur,3 BHK,Society_174,1545,3.0,1.0,95.38
Super built-up  Area,Ready To Move,Peenya,3 BHK,,1666 - 1766,3.0,1.0,116.84
Super built-up  Area,Ready To Move,Koramangala,3 BHK,,1719,2.0,2.0,217.17
Super built-up  Area,Ready To Move,Kudlu Gate,3 BHK,Society_141,1615,3.0,3.0,88.98
Super built-up  Area,19-Dec,Jayanagar,5 BHK,Society_146,3655,6.0,1.0,366.27
Carpet  Area,22-Jan,Whitefield,3 BHK,,1799,4.0,1.0,131.56
Built-up  Area,Ready To Move,Thanisandra,2 BHK,,1193 - 1293,3.0,2.0,66.62
Super built-up  Area,Ready To Move,Kammanahalli,2 BHK,Society_2,1131,1.0,2.0,78.34
Built-up  Area,22-Jan,Kanakapura Road,2 BHK,,946,2.0,2.0,57.14
Carpet  Area,Ready To Move,Arekere,3 BHK,,1287 - 1387,3.0,3.0,79.42
Built-up  Area,Ready To Move,Kengeri,4 BHK,Society_50,2100,4.0,0.0,147.49
Super built-up  Area,19-Dec,Jigani,3 BHK,Society_60,1423,3.0,3.0,66.4
Super built-up  Area,22-Jan,Thanisandra Main Road,3 BHK,Society_125,1590,2.0,1.0,81.22
Super built-up  Area,Ready To Move,Kumaraswamy Layout,3 BHK,Society_103,1403,2.0,1.0,73.34
Plot  Area,22-Jan,Thanisandra Main Road,3 BHK,,1349,3.0,2.0,104.99
Built-up  Area,Ready To Move,Yelahanka,3 BHK,,1777,2.0,1.0,109.29
Super built-up  Area,22-Jan,Hoodi,4 BHK,,2076,4.0,2.0,128.65
Super built-up  Area,22-Jan,Koramangala,3 BHK,,1261 - 1361,3.0,3.0,191.41
Carpet  Area,Ready To Move,Ulsoor,2 BHK,,926,2.0,1.0,132.17
Super built-up  Area,Ready To Move,Peenya,4 BHK,Society_171,2264,3.0,0.0,136.73
Super built-up  Area,22-Jan,Kogilu,4 BHK,,2369 - 2469,4.0,1.0,117.63
Built-up  Area,Ready To Move,BTM Layout,3 BHK,Society_103,1290,3.0,1.0,99.88
Super built-up  Area,Ready To Move,Chamrajpet,3 BHK,,1722,3.0,0.0,103.59
Super built-up  Area,22-Jan,Bellandur,4 BHK,,2463,4.0,2.0,155.79
Super built-up  Area,22-Jan,Hulimavu,3 BHK,Society_38,1613,3.0,3.0,75.93
Super built-up  Area,Ready To Move,Nagarbhavi,4 BHK,,2309,4.0,1.0,136.65
Super built-up  Area,Ready To Move,Basaveshwara Nagar,4 BHK,,2072,4.0,2.0,135.83
Super built-up  Area,Ready To Move,Bannerghatta Road,2 BHK,Society_11,942,2.0,2.0,62.06
Built-up  Area,Ready To Move,Mysore Road,5 BHK,Society_120,3787,5.0,1.0,275.24
Built-up  Area,Ready To Move,Old Airport Road,4 BHK,,2468,4.0,1.0,229.45
Super built-up  Area,Ready To Move,Chandapura,3 BHK,,1484,2.0,0.0,47.78
Super built-up  Area,Ready To Move,Chandapura,3 BHK,,1778,4.0,1.0,64.01
Plot  Area,Ready To Move,Basavanagudi,4 BHK,Society_16,2435,4.0,0.0,335.98
Plot  Area,Ready To Move,Uttarahalli,2 BHK,,969,3.0,2.0,60.73
Built-up  Area,Ready To Move,Hulimavu,2 BHK,,1018,2.0,1.0,56.58
Built-up  Area,Ready To Move,New BEL Road,3 BHK,,1416,3.0,2.0,85.9
Built-up  Area,Ready To Move,Laggere,3 BHK,,1635,3.0,1.0,101.93
Super built-up  Area,19-Dec,BTM Layout,3 BHK,,1781,2.0,3.0,164.23
Super built-up  Area,19-Dec,Kammanahalli,3 BHK,,1630,4.0,1.0,125.92
Built-up  Area,Ready To Move,RT Nagar,2 BHK,,912,2.0,1.0,62.5
Super built-up  Area,22-Jan,Laggere,4 BHK,Society_194,2485,5.0,2.0,128.35
Carpet  Area,19-Dec,Lavelle Road,2 BHK,,1150,2.0,2.0,207.22
Super built-up  Area,19-Dec,Hebbal,3 BHK,Society_81,1611,4.0,3.0,129.48
Plot  Area,19-Dec,Rajaji Nagar,3 BHK,,1675,4.0,1.0,205.93
Plot  Area,19-Dec,Rajarajeshwari Nagara,2 BHK,,1210,2.0,2.0,79.23
Plot  Area,Ready To Move,Chikkaballapur Road,2 BHK,Society_52,883,2.0,1.0,67.04
Super built-up  Area,Ready To Move,Chandapura,4 BHK,Society_160,2020 - 2120,3.0,1.0,66.72
Super built-up  Area,Ready To Move,Kogilu,2 BHK,,1337,2.0,2.0,71.93
Built-up  Area,22-Jan,Whitefield,3 BHK,,1653,3.0,1.0,102.24
Built-up  Area,Ready To Move,Basavanagudi,4 BHK,,2583,4.0,0.0,285.39
Super built-up  Area,22-Jan,Koramangala,2 BHK,Society_152,1259,1.0,2.0,150.96
Plot  Area,22-Jan,Nagarbhavi,2 BHK,Society_93,940,2.0,2.0,80.14
Super built-up  Area,22-Jan,Chandapura,3 BHK,,1742,4.0,2.0,36.01
Super built-up  Area,Ready To Move,Yeshwanthpur,4 BHK,,2140 - 2240,4.0,2.0,110.7
Built-up  Area,22-Jan,Vijayanagar,2 BHK,Society_38,991,2.0,1.0,54.74
Built-up  Area,Ready To Move,Mysore Road,4 BHK,,2588,4.0,2.0,157.94
Carpet  Area,Ready To Move,Whitefield,5 BHK,Society_122,3881,5.0,1.0,264.0
Built-up  Area,Ready To Move,Yelahanka,2 BHK,,854,2.0,1.0,40.74
Carpet  Area,Ready To Move,HRBR Layout,2 BHK,,1191,1.0,1.0,65.93
Built-up  Area,Ready To Move,MG Road,3 BHK,Society_164,1267,2.0,1.0,271.96
Super built-up  Area,Ready To Move,Fraser Town,2 BHK,,1122,1.0,2.0,49.58
Super built-up  Area,Ready To Move,Uttarahalli,3 BHK,Society_139,1757,3.0,1.0,99.57
Carpet  Area,22-Jan,Thanisandra Main Road,4 BHK,,2148,4.0,2.0,163.78
Plot  Area,Ready To Move,JP Nagar,3 BHK,Society_21,1243 - 1343,3.0,0.0,124.82
Plot  Area,22-Jan,Kudlu Gate,4 BHK,Society_112,2397,3.0,2.0,183.68
Carpet  Area,Ready To Move,HRBR Layout,2 BHK,,1033,2.0,1.0,37.94
Plot  Area,Ready To Move,Vasanth Nagar,3 BHK,,1759,3.0,2.0,293.48
Built-up  Area,Ready To Move,JP Nagar,4 BHK,,2422,4.0,1.0,173.39
Super built-up  Area,Ready To Move,HSR Layout,3 BHK,Society_65,1772,3.0,2.0,129.22
Super built-up  Area,19-Dec,Padmanabhanagar,2 BHK,Society_102,939,2.0,2.0,39.85
Super built-up  Area,19-Dec,Thanisandra,4 BHK,,2579,4.0,2.0,126.62
Built-up  Area,Ready To Move,Ramamurthy Nagar,4 BHK,,2186,4.0,0.0,138.89
Plot  Area,19-Dec,Thanisandra Main Road,4 BHK,,2371,4.0,1.0,186.87
Super built-up  Area,Ready To Move,Malleshwaram,4 BHK,,2410,4.0,0.0,294.97
Built-up  Area,19-Dec,Dasarahalli,3 BHK,Society_1,1453,4.0,3.0,65.34
Built-up  Area,Ready To Move,Hoodi,2 BHK,Society_130,1180,1.0,1.0,79.48
Super built-up  Area,22-Jan,Kasturi Nagar,4 BHK,Society_30,2373,4.0,2.0,130.69
Super built-up  Area,22-Jan,Peenya,4 BHK,,2515,4.0,1.0,110.01
Super built-up  Area,Ready To Move,Basavanagudi,2 BHK,,1091,1.0,1.0,134.65
Built-up  Area,Ready To Move,Benson Town,3 BHK,,1478,3.0,1.0,99.44
Super built-up  Area,Ready To Move,Hoodi,3 BHK,Society_194,1328,3.0,0.0,63.13
Carpet  Area,Ready To Move,Hormavu,3 BHK,,1709,3.0,2.0,102.85
Super built-up  Area,Ready To Move,Lavelle Road,3 BHK,,1579,2.0,1.0,306.3
Super built-up  Area,Ready To Move,Old Madras Road,4 BHK,Society_69,2188 - 2288,5.0,0.0,120.46
Built-up  Area,22-Jan,Domlur,2 BHK,,931 - 1031,2.0,2.0,120.58
Plot  Area,22-Jan,Raja Rajeshwari Nagar,3 BHK,,1719 - 1819,3.0,2.0,165.75
Super built-up  Area,19-Dec,Hosa Road,2 BHK,,1300,2.0,2.0,83.44
Super built-up  Area,Ready To Move,HBR Layout,4 BHK,Society_38,2584,4.0,3.0,173.34
Plot  Area,22-Jan,RT Nagar,3 BHK,Society_164,1563,4.0,1.0,87.63
Built-up  Area,Ready To Move,Old Madras Road,4 BHK,,2179,5.0,2.0,118.4
Super built-up  Area,Ready To Move,Benson Town,4 BHK,,2449,4.0,3.0,149.08
Plot  Area,Ready To Move,Horamavu Agara,4 BHK,,2422,3.0,3.0,162.95
Super built-up  Area,Ready To Move,Rajarajeshwari Nagara,3 BHK,,1498,3.0,1.0,97.92
Plot  Area,Ready To Move,Kalyan Nagar,4 BHK,,2425,4.0,3.0,243.52
Carpet  Area,19-Dec,Lingarajapuram,2 BHK,Society_159,802,2.0,2.0,52.74
Super built-up  Area,Ready To Move,Jayanagar,5 BHK,Society_11,3368,6.0,3.0,373.03
Plot  Area,Ready To Move,Budigere Cross,4 BHK,Society_102,2419,4.0,1.0,157.02
Super built-up  Area,Ready To Move,Vijayanagar,2 BHK,,1100,2.0,1.0,55.49
Super built-up  Area,19-Dec,Yelahanka,5 BHK,,3327 - 3427,4.0,3.0,192.43
Plot  Area,22-Jan,Rajaji Nagar,2 BHK,Society_127,913,3.0,2.0,123.4
Carpet  Area,Ready To Move,Girinagar,4 BHK,,2425,4.0,0.0,119.14
Built-up  Area,Ready To Move,Lavelle Road,5 BHK,Society_25,3702,5.0,0.0,635.28
Plot  Area,22-Jan,Cunningham Road,3 BHK,,1651,2.0,1.0,316.33
Built-up  Area,Ready To Move,Richmond Town,1 BHK,Society_92,724,1.0,1.0,135.54
Built-up  Area,Ready To Move,Marathahalli,4 BHK,,2310 - 2410,3.0,1.0,190.98
Super built-up  Area,22-Jan,Rajaji Nagar,5 BHK,,3601,5.0,2.0,431.66
Carpet  Area,Ready To Move,Brigade Road,4 BHK,,2269,5.0,2.0,408.7
Super built-up  Area,Ready To Move,Banashankari,3 BHK,,1762,4.0,2.0,109.02
Plot  Area,Ready To Move,Rajaji Nagar,3 BHK,Society_62,1577,3.0,2.0,191.52
Super built-up  Area,19-Dec,Hennur Road,2 BHK,Society_80,829,2.0,2.0,53.34
Built-up  Area,Ready To Move,Kumaraswamy Layout,3 BHK,Society_141,1555,3.0,0.0,67.19
Super built-up  Area,Ready To Move,Thanisandra,3 BHK,,1617,3.0,2.0,93.62
Built-up  Area,19-Dec,Varthur,2 BHK,,876,2.0,2.0,47.08
Super built-up  Area,Ready To Move,Thanisandra,3 BHK,Society_88,1702,3.0,1.0,95.04
Super built-up  Area,Ready To Move,Gottigere,2 BHK,Society_103,845,1.0,2.0,50.42
Super built-up  Area,Ready To Move,Benson Town,4 BHK,Society_46,2560,5.0,1.0,207.01
Super built-up  Area,Ready To Move,Cunningham Road,3 BHK,,1672,3.0,1.0,201.64
Super built-up  Area,Ready To Move,Devanahalli,4 BHK,Society_172,2379,4.0,0.0,120.52
Built-up  Area,Ready To Move,Sarjapur Road,3 BHK,Society_186,1360,4.0,1.0,98.53
Super built-up  Area,Ready To Move,Uttarahalli,2 BHK,Society_132,981,2.0,2.0,48.61
Plot  Area,19-Dec,Banaswadi,3 BHK,,1544,3.0,2.0,90.93
Plot  Area,19-Dec,Hoodi,4 BHK,Society_190,2177,5.0,2.0,81.14
Super built-up  Area,Ready To Move,Domlur,3 BHK,,1570 - 1670,3.0,1.0,153.42
Super built-up  Area,Ready To Move,Malleshwaram,3 BHK,,1313 - 1413,3.0,1.0,167.22
Carpet  Area,Ready To Move,Kasturi Nagar,3 BHK,Society_171,1351,3.0,0.0,69.08
Plot  Area,22-Jan,Kengeri,5 BHK,,3652 - 3752,6.0,0.0,269.12
Super built-up  Area,Ready To Move,Chandapura,4 BHK,,2281,4.0,3.0,75.99
Built-up  Area,Ready To Move,Cox Town,3 BHK,Society_149,1415,3.0,2.0,83.43
Built-up  Area,22-Jan,Marathahalli,4 BHK,,2586,3.0,3.0,231.11
Super built-up  Area,Ready To Move,Jalahalli,3 BHK,Society_197,1591,3.0,1.0,119.63
Carpet  Area,Ready To Move,Chamrajpet,4 BHK,,2221,3.0,3.0,142.38
Super built-up  Area,Ready To Move,Mysore Road,2 BHK,Society_154,1106,2.0,2.0,91.29
Carpet  Area,Ready To Move,Benson Town,2 BHK,,1099,3.0,0.0,53.86
Built-up  Area,Ready To Move,Laggere,2 BHK,Society_165,1188,2.0,1.0,57.32
Carpet  Area,Ready To Move,Bommasandra,4 BHK,Society_92,2390,3.0,2.0,160.65
Built-up  Area,Ready To Move,Horamavu Agara,5 BHK,Society_147,3743,4.0,2.0,303.74
Super built-up  Area,22-Jan,HBR Layout,5 BHK,,3604,6.0,2.0,163.27
Built-up  Area,22-Jan,Whitefield,3 BHK,Society_122,1601,3.0,1.0,94.29
Super built-up  Area,22-Jan,Mysore Road,3 BHK,Society_139,1328,4.0,1.0,65.65
Super built-up  Area,22-Jan,Brigade Road,4 BHK,Society_16,2132,4.0,3.0,412.53
Built-up  Area,22-Jan,Raja Rajeshwari Nagar,2 BHK,,924,2.0,2.0,63.46
Super built-up  Area,Ready To Move,Uttarahalli,3 BHK,,1638 - 1738,3.0,0.0,98.57
Carpet  Area,19-Dec,Chamrajpet,3 BHK,Society_176,1491 - 1591,3.0,1.0,91.62
Carpet  Area,Ready To Move,HSR Layout,3 BHK,Society_167,1684,3.0,1.0,139.98
Super built-up  Area,Ready To Move,KR Puram,2 BHK,,1234,3.0,2.0,82.95
Super built-up  Area,Ready To Move,Magadi Road,5 BHK,Society_169,3515,5.0,1.0,247.28
Super built-up  Area,Ready To Move,Kanakapura Road,2 BHK,,1256,2.0,2.0,66.17
Carpet  Area,Ready To Move,Budigere Cross,4 BHK,,2459,4.0,2.0,146.63
Super built-up  Area,Ready To Move,BTM Layout,5 BHK,,3592,5.0,3.0,339.32
Built-up  Area,19-Dec,Bellandur,3 BHK,,1604 - 1704,3.0,2.0,102.38
Super built-up  Area,Ready To Move,Laggere,4 BHK,Society_50,2105 - 2205,4.0,0.0,118.79
Built-up  Area,Ready To Move,Sahakara Nagar,3 BHK,Society_164,1584 - 1684,3.0,1.0,114.34
Super built-up  Area,Ready To Move,Lingarajapuram,2 BHK,,1230,2.0,1.0,51.77
Super built-up  Area,Ready To Move,Wilson Garden,3 BHK,,1562,3.0,3.0,160.43
Plot  Area,Ready To Move,Cunningham Road,3 BHK,,1345,3.0,0.0,381.11
Carpet  Area,22-Jan,Budigere Cross,3 BHK,Society_199,1356,4.0,1.0,103.39
Plot  Area,Ready To Move,Sarjapur Road,3 BHK,Society_141,1579 - 1679,3.0,1.0,131.35
Carpet  Area,22-Jan,Ulsoor,4 BHK,,2544 - 2644,5.0,3.0,188.57
Super built-up  Area,Ready To Move,Hosa Road,4 BHK,,2084,3.0,2.0,146.99
Built-up  Area,22-Jan,Mahadevapura,1 BHK,,522,2.0,1.0,31.82
Super built-up  Area,22-Jan,HSR Layout,4 BHK,,2273,4.0,1.0,225.13
Super built-up  Area,19-Dec,Rajaji Nagar,2 BHK,Society_108,1098,3.0,2.0,130.76
Super built-up  Area,Ready To Move,Begur Road,4 BHK,Society_156,2361 - 2461,4.0,1.0,149.16
Carpet  Area,Ready To Move,KR Puram,5 BHK,,3634,5.0,2.0,206.99
Plot  Area,Ready To Move,Basaveshwara Nagar,4 BHK,Society_99,2253,4.0,3.0,143.82
Carpet  Area,22-Jan,Bommasandra,2 BHK,,820,2.0,0.0,53.94
Super built-up  Area,22-Jan,Mysore Road,2 BHK,,944 - 1044,2.0,1.0,72.48
Super built-up  Area,Ready To Move,Dasarahalli,3 BHK,,1688,2.0,2.0,75.37
Plot  Area,22-Jan,HSR Layout,3 BHK,Society_197,1267 - 1367,3.0,1.0,139.92
Built-up  Area,22-Jan,Jalahalli,2 BHK,,1073,2.0,1.0,67.7
Super built-up  Area,Ready To Move,Bommasandra,3 BHK,Society_82,1314 - 1414,2.0,2.0,96.8
Super built-up  Area,22-Jan,Jakkur,3 BHK,,1639,3.0,2.0,84.17
Built-up  Area,Ready To Move,Nayandahalli,2 BHK,,1151,2.0,0.0,72.59
Super built-up  Area,22-Jan,Raja Rajeshwari Nagar,3 BHK,,1271,3.0,1.0,72.56
Carpet  Area,22-Jan,Rachenahalli,2 BHK,,1215,2.0,0.0,60.39
Super built-up  Area,19-Dec,Richmond Town,3 BHK,,1638,3.0,2.0,184.76
Built-up  Area,Ready To Move,Gottigere,2 BHK,,1008,2.0,1.0,65.76
Super built-up  Area,19-Dec,Hulimavu,2 BHK,Society_140,1307,2.0,1.0,74.67
Super built-up  Area,Ready To Move,Kengeri,3 BHK,,1549,4.0,1.0,71.61
Built-up  Area,19-Dec,Cox Town,3 BHK,,1333,2.0,1.0,85.84
Built-up  Area,Ready To Move,Jigani,3 BHK,Society_42,1294,4.0,2.0,62.33
Super built-up  Area,Ready To Move,Malleshwaram,4 BHK,,2494 - 2594,4.0,2.0,338.26
Built-up  Area,22-Jan,Yeshwanthpur,3 BHK,Society_144,1262,3.0,0.0,84.02
Carpet  Area,Ready To Move,Brigade Road,1 BHK,,530,2.0,1.0,75.24
Super built-up  Area,Ready To Move,Whitefield,4 BHK,,2591,3.0,2.0,122.23
Super built-up  Area,Ready To Move,Koramangala,5 BHK,Society_177,3594,4.0,1.0,378.49
Built-up  Area,Ready To Move,Jalahalli,3 BHK,Society_144,1767,3.0,1.0,100.61
Plot  Area,22-Jan,Nayandahalli,4 BHK,,2445,3.0,3.0,144.18
Carpet  Area,19-Dec,Jigani,2 BHK,,1298,2.0,2.0,70.48
Super built-up  Area,22-Jan,Hennur Road,2 BHK,,951,2.0,2.0,53.32
Super built-up  Area,19-Dec,Bommasandra,2 BHK,,1039,2.0,0.0,58.92
Plot  Area,19-Dec,Lingarajapuram,1 BHK,,869,1.0,1.0,54.6
Super built-up  Area,22-Jan,Rajaji Nagar,3 BHK,,1537 - 1637,3.0,0.0,159.16
Super built-up  Area,Ready To Move,Chandapura,5 BHK,Society_45,3636,5.0,2.0,139.32
Super built-up  Area,Ready To Move,Adugodi,2 BHK,,1301,2.0,1.0,80.72
Built-up  Area,19-Dec,Basaveshwara Nagar,3 BHK,Society_132,1311,4.0,2.0,79.87
Super built-up  Area,Ready To Move,Rajarajeshwari Nagara,4 BHK,Society_83,2268,3.0,3.0,98.72
Super built-up  Area,Ready To Move,Padmanabhanagar,3 BHK,,1406,3.0,1.0,88.28
Built-up  Area,Ready To Move,Basaveshwara Nagar,5 BHK,,3638,5.0,2.0,190.87
Super built-up  Area,Ready To Move,Benson Town,2 BHK,,801,1.0,2.0,54.33
Built-up  Area,Ready To Move,Lavelle Road,3 BHK,,1433,4.0,0.0,316.61
Built-up  Area,Ready To Move,Sadashiva Nagar,3 BHK,,1448,3.0,2.0,183.66
Super built-up  Area,19-Dec,Electronic City,3 BHK,,1444 - 1544,3.0,1.0,69.05
Built-up  Area,19-Dec,Yeshwanthpur,2 BHK,,1218,1.0,2.0,61.04
Built-up  Area,Ready To Move,Bellandur,3 BHK,,1467,2.0,2.0,122.21
Built-up  Area,Ready To Move,Hormavu,3 BHK,,1531 - 1631,3.0,2.0,89.15
Super built-up  Area,22-Jan,Whitefield,2 BHK,,1095,2.0,1.0,83.69
Super built-up  Area,19-Dec,Rachenahalli,4 BHK,,2122,5.0,1.0,130.46
Super built-up  Area,Ready To Move,Sadashiva Nagar,1 BHK,,942,1.0,0.0,153.13
Built-up  Area,Ready To Move,Cunningham Road,3 BHK,,1760,3.0,0.0,246.54
Super built-up  Area,19-Dec,Cunningham Road,2 BHK,,1148,2.0,1.0,176.6
Built-up  Area,19-Dec,Whitefield,1 BHK,Society_101,703,1.0,1.0,45.34
Built-up  Area,Ready To Move,Cox Town,3 BHK,,1473,3.0,3.0,92.75
Built-up  Area,Ready To Move,Padmanabhanagar,3 BHK,,1676,3.0,2.0,104.81
Plot  Area,Ready To Move,HSR Layout,2 BHK,,841,1.0,1.0,61.98
Built-up  Area,Ready To Move,Sarjapur Road,4 BHK,,2490,4.0,1.0,155.21
Plot  Area,22-Jan,Richmond Town,2 BHK,,1183,3.0,1.0,225.1
Super built-up  Area,Ready To Move,Kadugodi,3 BHK,,1516,3.0,2.0,77.52
Super built-up  Area,Ready To Move,Narayanapura,4 BHK,Society_148,2500,4.0,2.0,171.9
Built-up  Area,Ready To Move,Rajaji Nagar,4 BHK,Society_134,2367,4.0,1.0,289.25
Plot  Area,19-Dec,Domlur,2 BHK,Society_64,912,2.0,2.0,145.61
Super built-up  Area,Ready To Move,Bommasandra,2 BHK,,1175,2.0,1.0,80.17
Super built-up  Area,22-Jan,Yelahanka,3 BHK,,1607 - 1707,3.0,1.0,123.65
Super built-up  Area,19-Dec,Thanisandra,2 BHK,,805,3.0,2.0,50.09
Super built-up  Area,22-Jan,Vidyaranyapura,3 BHK,,1644,4.0,1.0,86.73
Super built-up  Area,Ready To Move,Kogilu,4 BHK,Society_63,2203,3.0,1.0,193.15
Plot  Area,19-Dec,Chandapura,2 BHK,,1217,3.0,0.0,51.37
Super built-up  Area,19-Dec,Koramangala,2 BHK,,1215,2.0,0.0,157.97
Built-up  Area,19-Dec,Sadashiva Nagar,4 BHK,,2450,4.0,1.0,440.17
Super built-up  Area,Ready To Move,Magadi Road,2 BHK,Society_129,1124,3.0,2.0,71.24
Plot  Area,Ready To Move,Banaswadi,3 BHK,Society_2,1566,4.0,3.0,90.26
Plot  Area,Ready To Move,Mahadevapura,3 BHK,Society_138,1641,3.0,1.0,127.84
Built-up  Area,19-Dec,Cox Town,2 BHK,,1034,1.0,1.0,63.54
Built-up  Area,22-Jan,Haralur Road,2 BHK,,1144 - 1244,3.0,2.0,81.58
Plot  Area,Ready To Move,Hormavu,3 BHK,,1680,4.0,2.0,109.97
Built-up  Area,19-Dec,HBR Layout,4 BHK,,2118,4.0,0.0,139.01
Plot  Area,Ready To Move,KR Puram,4 BHK,Society_130,2371,3.0,2.0,116.03
Super built-up  Area,22-Jan,Kalyan Nagar,3 BHK,,1437,3.0,1.0,81.68
Super built-up  Area,19-Dec,Yeshwanthpur,3 BHK,,1230 - 1330,4.0,2.0,58.26
Carpet  Area,Ready To Move,Jalahalli,3 BHK,,1668,3.0,3.0,104.04
Carpet  Area,19-Dec,Sarjapur Road,2 BHK,,1242,1.0,1.0,87.25
Carpet  Area,22-Jan,Budigere Cross,3 BHK,,1725,2.0,2.0,103.53
Plot  Area,Ready To Move,JP Nagar,3 BHK,,1415,2.0,2.0,137.23
Super built-up  Area,19-Dec,Thanisandra Main Road,4 BHK,,2593,5.0,2.0,140.88
Super built-up  Area,Ready To Move,KR Puram,2 BHK,Society_153,1020,3.0,2.0,65.75
Built-up  Area,19-Dec,Bommanahalli,3 BHK,,1273 - 1373,4.0,1.0,78.78
Built-up  Area,Ready To Move,Chikkaballapur Road,3 BHK,,1448,4.0,1.0,76.55
Built-up  Area,22-Jan,Raja Rajeshwari Nagar,4 BHK,,2153,4.0,1.0,151.83
Built-up  Area,19-Dec,Fraser Town,3 BHK,Society_157,1656,3.0,0.0,118.86
Super built-up  Area,22-Jan,Anekal,4 BHK,,2295,5.0,2.0,63.94
Plot  Area,Ready To Move,Wilson Garden,3 BHK,Society_25,1317,3.0,0.0,103.97
Super built-up  Area,22-Jan,Mysore Road,2 BHK,Society_22,879 - 979,2.0,1.0,46.35
Plot  Area,Ready To Move,Kumaraswamy Layout,4 BHK,Society_90,2496 - 2596,3.0,2.0,157.05
Carpet  Area,Ready To Move,Vijayanagar,2 BHK,Society_27,1101,2.0,1.0,70.13
Super built-up  Area,22-Jan,CV Raman Nagar,2 BHK,Society_178,930,2.0,1.0,64.9
Built-up  Area,19-Dec,Malleshwaram,2 BHK,,1113 - 1213,3.0,0.0,153.86
Built-up  Area,22-Jan,Nayandahalli,4 BHK,Society_197,2145,4.0,1.0,122.38
Plot  Area,Ready To Move,Bagalur,3 BHK,,1735,4.0,0.0,133.08
Built-up  Area,Ready To Move,Ejipura,2 BHK,,1022,2.0,0.0,94.96
Plot  Area,Ready To Move,Hennur Road,2 BHK,,929,3.0,2.0,88.35
Super built-up  Area,Ready To Move,Arekere,3 BHK,,1742,3.0,1.0,115.69
Built-up  Area,Ready To Move,Ramamurthy Nagar,3 BHK,Society_192,1257,2.0,3.0,87.91
Plot  Area,Ready To Move,Old Airport Road,4 BHK,,2186,4.0,0.0,240.49
Carpet  Area,Ready To Move,Old Airport Road,4 BHK,Society_181,2043 - 2143,5.0,1.0,199.53
Plot  Area,Ready To Move,Thanisandra Main Road,3 BHK,,1725,3.0,0.0,117.48
Built-up  Area,19-Dec,Kumaraswamy Layout,3 BHK,Society_178,1332,3.0,0.0,81.39
Built-up  Area,19-Dec,Chamrajpet,4 BHK,,2286,4.0,2.0,137.32
Super built-up  Area,Ready To Move,BTM Layout,2 BHK,Society_28,1059,3.0,2.0,54.29
Built-up  Area,Ready To Move,Gottigere,2 BHK,Society_197,1251,2.0,1.0,53.98
Built-up  Area,19-Dec,Wilson Garden,3 BHK,,1446,3.0,2.0,118.38
Plot  Area,19-Dec,Varthur,3 BHK,,1724 - 1824,3.0,2.0,106.15
Built-up  Area,Ready To Move,Kadugodi,4 BHK,Society_16,2126,3.0,0.0,105.16
Super built-up  Area,Ready To Move,Jakkur,2 BHK,,1016,1.0,1.0,59.79
Super built-up  Area,19-Dec,New BEL Road,5 BHK,Society_50,3452,5.0,3.0,254.99
Super built-up  Area,Ready To Move,Indira Nagar,1 BHK,Society_118,408,1.0,1.0,66.4
Built-up  Area,Ready To Move,Rajaji Nagar,2 BHK,Society_181,1276,1.0,2.0,145.07
Plot  Area,Ready To Move,Lavelle Road,1 BHK,Society_32,896,2.0,1.0,192.19
Built-up  Area,Ready To Move,Yelahanka,2 BHK,,1021,1.0,1.0,47.74
Super built-up  Area,Ready To Move,Begur Road,2 BHK,,1326,1.0,2.0,80.68
Built-up  Area,Ready To Move,Old Airport Road,4 BHK,Society_66,2252,4.0,1.0,233.95
Super built-up  Area,Ready To Move,Nayandahalli,2 BHK,,1220,2.0,0.0,60.92
Super built-up  Area,22-Jan,Jayanagar,2 BHK,Society_31,1270,2.0,1.0,167.83
Built-up  Area,Ready To Move,Adugodi,4 BHK,Society_147,2270,4.0,2.0,106.69
Super built-up  Area,19-Dec,Chandapura,3 BHK,,1610,3.0,2.0,52.8
Plot  Area,Ready To Move,Old Airport Road,5 BHK,,3775 - 3875,4.0,0.0,483.49
Super built-up  Area,19-Dec,Begur Road,4 BHK,,2154,4.0,3.0,126.05
Super built-up  Area,22-Jan,Yelahanka,4 BHK,,2096,5.0,3.0,110.15
Built-up  Area,22-Jan,Haralur Road,5 BHK,,3480 - 3580,6.0,3.0,243.26
Built-up  Area,22-Jan,Banaswadi,4 BHK,,2474 - 2574,4.0,2.0,114.35
Built-up  Area,Ready To Move,Banashankari,3 BHK,,1305,3.0,1.0,70.51
Super built-up  Area,19-Dec,Basaveshwara Nagar,2 BHK,Society_67,836,2.0,1.0,55.06
Super built-up  Area,Ready To Move,Sadashiva Nagar,3 BHK,Society_85,1658 - 1758,3.0,2.0,265.93
Built-up  Area,22-Jan,Domlur,2 BHK,,906,3.0,1.0,105.97
Super built-up  Area,Ready To Move,Hormavu,4 BHK,Society_138,2590,3.0,0.0,139.0
Plot  Area,Ready To Move,Hennur Road,3 BHK,,1551,2.0,2.0,110.74
Super built-up  Area,19-Dec,Old Airport Road,3 BHK,,1443,4.0,1.0,124.36
Built-up  Area,Ready To Move,Kumaraswamy Layout,3 BHK,,1324 - 1424,3.0,1.0,68.16
Built-up  Area,Ready To Move,Basaveshwara Nagar,2 BHK,,916,2.0,0.0,43.94
Plot  Area,19-Dec,Rajarajeshwari Nagara,4 BHK,Society_67,2436,3.0,1.0,183.02
Built-up  Area,Ready To Move,Malleshwaram,2 BHK,,936,3.0,1.0,93.73
Built-up  Area,22-Jan,Vidyaranyapura,3 BHK,Society_147,1270,3.0,1.0,86.12
Super built-up  Area,22-Jan,Nayandahalli,2 BHK,,801,3.0,2.0,43.7
Built-up  Area,22-Jan,Ejipura,4 BHK,,2117,3.0,1.0,114.34
Built-up  Area,Ready To Move,Ejipura,4 BHK,Society_99,2464,4.0,1.0,226.66
Built-up  Area,22-Jan,Uttarahalli,4 BHK,,2150,3.0,2.0,123.56
Built-up  Area,19-Dec,Varthur,4 BHK,,2483,3.0,0.0,188.73
Plot  Area,22-Jan,Attibele,3 BHK,,1433,3.0,3.0,97.36
Plot  Area,Ready To Move,Jalahalli,2 BHK,,793 - 893,3.0,0.0,57.13
Plot  Area,Ready To Move,Banaswadi,4 BHK,,2511,4.0,3.0,157.82
Super built-up  Area,Ready To Move,Uttarahalli,2 BHK,Society_71,904,2.0,0.0,62.96
Super built-up  Area,19-Dec,Hulimavu,4 BHK,Society_53,2572,3.0,0.0,130.5
Super built-up  Area,Ready To Move,Kogilu,5 BHK,Society_185,3727,5.0,0.0,234.77
Super built-up  Area,Ready To Move,Wilson Garden,2 BHK,,1203,2.0,1.0,105.33
Built-up  Area,Ready To Move,Richmond Town,4 BHK,Society_32,2329,5.0,2.0,317.25
Super built-up  Area,Ready To Move,Cunningham Road,2 BHK,,1346,2.0,1.0,243.27
Super built-up  Area,Ready To Move,CV Raman Nagar,2 BHK,,1113,3.0,2.0,59.34
Built-up  Area,22-Jan,Attibele,2 BHK,Society_40,1163,2.0,1.0,77.64
Super built-up  Area,Ready To Move,MG Road,3 BHK,,1275,3.0,3.0,231.73
Super built-up  Area,Ready To Move,Whitefield,2 BHK,,839,3.0,0.0,47.69
Plot  Area,Ready To Move,Marathahalli,1 BHK,,503,1.0,1.0,42.81
Super built-up  Area,19-Dec,Benson Town,3 BHK,,1536,4.0,3.0,106.6
Plot  Area,19-Dec,Padmanabhanagar,2 BHK,,822,2.0,2.0,48.82
Plot  Area,19-Dec,Kasturi Nagar,4 BHK,,2327,3.0,2.0,185.86
Built-up  Area,19-Dec,Koramangala,3 BHK,,1390 - 1490,2.0,3.0,207.62
Super built-up  Area,Ready To Move,Gottigere,4 BHK,,2434,4.0,3.0,148.4
Super built-up  Area,19-Dec,Lavelle Road,4 BHK,Society_41,2425,4.0,3.0,446.17
Plot  Area,Ready To Move,Vijayanagar,4 BHK,Society_56,2321,5.0,1.0,123.79
Super built-up  Area,Ready To Move,Bellandur,2 BHK,,800,2.0,1.0,55.4
Built-up  Area,19-Dec,Yelahanka,4 BHK,,2593,4.0,1.0,148.22
Super built-up  Area,19-Dec,Kanakapura Road,1 BHK,Society_90,567,2.0,1.0,39.28
Super built-up  Area,22-Jan,RT Nagar,4 BHK,Society_91,2362,4.0,2.0,133.15
Plot  Area,22-Jan,Chikkaballapur Road,3 BHK,Society_122,1343,3.0,3.0,82.21
Carpet  Area,Ready To Move,Indira Nagar,4 BHK,,2485,4.0,1.0,375.68
Super built-up  Area,22-Jan,Banashankari,3 BHK,Society_19,1612,4.0,1.0,110.42
Plot  Area,Ready To Move,Kalyan Nagar,2 BHK,,1348,2.0,1.0,81.71
Carpet  Area,Ready To Move,Hosa Road,1 BHK,,550,1.0,1.0,34.74
Plot  Area,19-Dec,Jalahalli,3 BHK,,1619,3.0,1.0,99.67
Super built-up  Area,Ready To Move,Hulimavu,3 BHK,,1243 - 1343,3.0,0.0,56.06
Built-up  Area,Ready To Move,Sarjapur Road,3 BHK,,1593 - 1693,4.0,2.0,86.89
Super built-up  Area,Ready To Move,Mysore Road,2 BHK,Society_179,1046,3.0,2.0,65.61
Plot  Area,19-Dec,Electronic City,3 BHK,,1541,3.0,1.0,91.29
Built-up  Area,Ready To Move,Hennur Road,4 BHK,Society_164,2589,4.0,1.0,153.71
Built-up  Area,Ready To Move,Uttarahalli,3 BHK,,1314,4.0,1.0,93.55
Super built-up  Area,Ready To Move,Padmanabhanagar,3 BHK,Society_97,1264,3.0,1.0,66.89
Plot  Area,22-Jan,Narayanapura,5 BHK,Society_46,3803,5.0,3.0,212.01
Carpet  Area,Ready To Move,Lavelle Road,5 BHK,,3809,6.0,1.0,780.89
Plot  Area,19-Dec,Hulimavu,2 BHK,,1155 - 1255,1.0,2.0,64.68
Super built-up  Area,Ready To Move,Yelahanka,4 BHK,,2516,4.0,1.0,97.3
Super built-up  Area,Ready To Move,Bommanahalli,3 BHK,Society_48,1655,3.0,3.0,111.98
Super built-up  Area,Ready To Move,Varthur,3 BHK,Society_46,1728,4.0,1.0,83.4
Built-up  Area,Ready To Move,Mahadevapura,2 BHK,,1150,2.0,0.0,52.5
Carpet  Area,Ready To Move,Peenya,3 BHK,,1465 - 1565,3.0,1.0,93.81
Built-up  Area,22-Jan,New BEL Road,5 BHK,Society_154,3509,6.0,2.0,223.59
Super built-up  Area,Ready To Move,Raja Rajeshwari Nagar,4 BHK,Society_126,2297,4.0,3.0,152.97
Super built-up  Area,Ready To Move,Sarjapur Road,3 BHK,,1642,3.0,2.0,76.16
Built-up  Area,Ready To Move,Sarjapur Road,4 BHK,,2171,4.0,3.0,174.15
Plot  Area,19-Dec,CV Raman Nagar,1 BHK,,456,1.0,1.0,36.53
Super built-up  Area,Ready To Move,Thanisandra,2 BHK,,979,1.0,2.0,61.05
Super built-up  Area,Ready To Move,Hennur Road,4 BHK,,2146,3.0,1.0,136.45
Super built-up  Area,22-Jan,Jalahalli,2 BHK,Society_76,1022,1.0,2.0,57.43
Carpet  Area,Ready To Move,Basaveshwara Nagar,2 BHK,Society_26,958 - 1058,2.0,2.0,49.86
Super built-up  Area,Ready To Move,Kadugodi,2 BHK,,1057,2.0,2.0,54.54
Super built-up  Area,Ready To Move,Rachenahalli,5 BHK,,3710,6.0,1.0,260.76
Built-up  Area,Ready To Move,Jakkur,3 BHK,,1620,3.0,2.0,96.52
Super built-up  Area,22-Jan,MG Road,4 BHK,Society_17,2077,4.0,2.0,382.75
Plot  Area,Ready To Move,Ejipura,3 BHK,,1672,3.0,1.0,195.94
Super built-up  Area,Ready To Move,Gottigere,4 BHK,Society_98,2355,3.0,2.0,112.1
Super built-up  Area,Ready To Move,Basaveshwara Nagar,3 BHK,Society_194,1597,4.0,0.0,93.27
Super built-up  Area,22-Jan,Hennur Road,3 BHK,,1696,3.0,1.0,96.66
Built-up  Area,19-Dec,KR Puram,1 BHK,Society_129,465,1.0,1.0,33.67
Super built-up  Area,Ready To Move,Laggere,3 BHK,Society_16,1333,2.0,2.0,80.78
Super built-up  Area,19-Dec,Bommanahalli,2 BHK,,974,3.0,1.0,65.03
Plot  Area,Ready To Move,Narayanapura,5 BHK,Society_101,3463,5.0,2.0,260.74
Built-up  Area,Ready To Move,Jalahalli,3 BHK,Society_145,1794,3.0,0.0,113.75
Built-up  Area,Ready To Move,JP Nagar,2 BHK,,1211,2.0,2.0,104.8
Super built-up  Area,19-Dec,New BEL Road,3 BHK,,1490,3.0,0.0,108.06
Carpet  Area,19-Dec,Peenya,3 BHK,,1365,3.0,0.0,87.17
Built-up  Area,19-Dec,Haralur Road,3 BHK,Society_27,1486,2.0,2.0,107.92
Super built-up  Area,Ready To Move,Kammanahalli,4 BHK,,2325,5.0,1.0,144.91
Super built-up  Area,22-Jan,Thanisandra Main Road,2 BHK,Society_106,1165,2.0,0.0,52.94
Super built-up  Area,22-Jan,Lingarajapuram,4 BHK,,2113,4.0,1.0,119.3
Built-up  Area,19-Dec,Kadugodi,2 BHK,,857,3.0,1.0,51.88
Carpet  Area,Ready To Move,Nayandahalli,1 BHK,Society_16,433,1.0,1.0,23.68
Built-up  Area,Ready To Move,Jakkur,2 BHK,Society_76,1296,2.0,2.0,78.61
Plot  Area,Ready To Move,JP Nagar,2 BHK,,824,3.0,1.0,83.8
Built-up  Area,19-Dec,Marathahalli,3 BHK,,1495,2.0,1.0,126.95
Plot  Area,Ready To Move,Wilson Garden,4 BHK,Society_100,2145,4.0,1.0,206.25
Built-up  Area,Ready To Move,Old Airport Road,3 BHK,Society_38,1303,4.0,2.0,106.78
Super built-up  Area,Ready To Move,Jigani,3 BHK,,1479,3.0,3.0,92.07
Super built-up  Area,19-Dec,Ulsoor,3 BHK,Society_173,1265,3.0,1.0,131.04
Plot  Area,Ready To Move,Kalyan Nagar,2 BHK,,937,2.0,0.0,56.97
Super built-up  Area,Ready To Move,Koramangala,4 BHK,,2121,5.0,2.0,349.12
Super built-up  Area,19-Dec,MG Road,2 BHK,Society_196,1299,1.0,2.0,238.35
Plot  Area,19-Dec,Indira Nagar,5 BHK,,3611,5.0,2.0,692.44
Super built-up  Area,22-Jan,Yeshwanthpur,1 BHK,,858,2.0,1.0,64.84
Carpet  Area,Ready To Move,Narayanapura,3 BHK,Society_180,1356,4.0,1.0,84.49
Plot  Area,Ready To Move,Bommasandra,4 BHK,Society_34,2558,5.0,0.0,168.04
Super built-up  Area,Ready To Move,Hoodi,4 BHK,,2313 - 2413,3.0,1.0,140.55
Carpet  Area,19-Dec,Mahadevapura,3 BHK,Society_100,1739,2.0,2.0,139.84
Built-up  Area,19-Dec,Banaswadi,4 BHK,,2235,4.0,1.0,97.21
Built-up  Area,Ready To Move,Whitefield,3 BHK,,1630,3.0,2.0,56.66
Built-up  Area,22-Jan,Hormavu,2 BHK,Society_63,1127,2.0,2.0,73.74
Super built-up  Area,Ready To Move,Kengeri,5 BHK,Society_158,3650,4.0,2.0,231.76
Built-up  Area,Ready To Move,Cox Town,2 BHK,Society_171,883,2.0,2.0,54.51
Built-up  Area,Ready To Move,Kogilu,2 BHK,,1130,2.0,2.0,60.11
Super built-up  Area,Ready To Move,Ramamurthy Nagar,2 BHK,Society_77,1254,1.0,2.0,85.14
Super built-up  Area,19-Dec,Hulimavu,2 BHK,,809,2.0,2.0,56.31
Built-up  Area,Ready To Move,Bellandur,3 BHK,,1498,4.0,3.0,104.1
Super built-up  Area,19-Dec,Chamrajpet,4 BHK,,2326,4.0,0.0,143.23
Super built-up  Area,19-Dec,Electronic City,4 BHK,Society_116,2599,4.0,1.0,141.26
Super built-up  Area,Ready To Move,RT Nagar,3 BHK,,1247 - 1347,2.0,3.0,77.21
Super built-up  Area,Ready To Move,Budigere Cross,3 BHK,Society_29,1533 - 1633,3.0,0.0,109.02
Super built-up  Area,Ready To Move,Thanisandra Main Road,3 BHK,,1732,2.0,3.0,91.82
Super built-up  Area,Ready To Move,Yelahanka,3 BHK,Society_86,1773,4.0,1.0,72.42
Built-up  Area,Ready To Move,Ramamurthy Nagar,3 BHK,,1741,3.0,2.0,75.13
Carpet  Area,22-Jan,Chamrajpet,4 BHK,Society_119,2126,4.0,3.0,103.36
Built-up  Area,22-Jan,Attibele,3 BHK,Society_194,1499,3.0,1.0,100.73
Super built-up  Area,22-Jan,Lingarajapuram,2 BHK,,1056,1.0,1.0,79.68
Built-up  Area,19-Dec,Banaswadi,4 BHK,,2153,4.0,0.0,131.05
Super built-up  Area,22-Jan,Lingarajapuram,2 BHK,Society_162,1320,3.0,2.0,93.14
Built-up  Area,Ready To Move,Chamrajpet,3 BHK,,1429,4.0,2.0,82.33
Built-up  Area,22-Jan,Domlur,1 BHK,Society_50,643,1.0,1.0,90.99
Plot  Area,19-Dec,CV Raman Nagar,3 BHK,Society_170,1625,3.0,1.0,131.22
Super built-up  Area,19-Dec,Jalahalli,2 BHK,,943,1.0,2.0,49.94
Plot  Area,Ready To Move,CV Raman Nagar,4 BHK,Society_185,2135 - 2235,4.0,2.0,190.61
Built-up  Area,19-Dec,Girinagar,4 BHK,Society_167,2179 - 2279,4.0,1.0,153.54
Built-up  Area,Ready To Move,Peenya,2 BHK,,861,2.0,1.0,46.07
Super built-up  Area,Ready To Move,Lavelle Road,3 BHK,Society_7,1604,4.0,1.0,431.12
Carpet  Area,Ready To Move,Kasturi Nagar,2 BHK,,929,2.0,1.0,61.28
Super built-up  Area,Ready To Move,Sarjapur Road,1 BHK,,899 - 999,2.0,1.0,72.41
Super built-up  Area,19-Dec,Jigani,3 BHK,Society_48,1664 - 1764,3.0,1.0,108.29
Carpet  Area,Ready To Move,Koramangala,3 BHK,,1725,2.0,0.0,251.08
Super built-up  Area,22-Jan,Old Madras Road,4 BHK,,2133,3.0,3.0,99.23
Super built-up  Area,Ready To Move,New BEL Road,2 BHK,,1112,2.0,2.0,52.13
Plot  Area,Ready To Move,Sarjapur Road,5 BHK,Society_143,3672,5.0,0.0,219.62
Super built-up  Area,Ready To Move,Kudlu Gate,2 BHK,,812,3.0,2.0,50.9
Super built-up  Area,22-Jan,Ejipura,1 BHK,,775,1.0,1.0,54.34
Super built-up  Area,19-Dec,Begur Road,2 BHK,,1087 - 1187,2.0,1.0,65.06
Built-up  Area,Ready To Move,Hulimavu,2 BHK,,958,2.0,2.0,66.37
Super built-up  Area,Ready To Move,Arekere,2 BHK,,1270 - 1370,2.0,1.0,69.8
Built-up  Area,22-Jan,Attibele,4 BHK,,2063,4.0,2.0,114.5
Super built-up  Area,Ready To Move,Bommanahalli,3 BHK,,1618,3.0,1.0,110.83
Built-up  Area,Ready To Move,Bagalur,4 BHK,,2184 - 2284,3.0,2.0,102.09
Super built-up  Area,Ready To Move,Ulsoor,3 BHK,,1716,2.0,1.0,215.84
Plot  Area,Ready To Move,Narayanapura,2 BHK,Society_191,990,2.0,1.0,70.77
Plot  Area,19-Dec,Kalyan Nagar,2 BHK,,1329,2.0,2.0,95.81
Built-up  Area,22-Jan,Hormavu,2 BHK,Society_12,1242,2.0,2.0,66.19
Super built-up  Area,Ready To Move,Whitefield,4 BHK,Society_25,2329,3.0,0.0,146.8
Plot  Area,Ready To Move,Sarjapur Road,2 BHK,,913,1.0,2.0,66.28
Plot  Area,22-Jan,HRBR Layout,4 BHK,Society_175,2058,5.0,1.0,141.97
Super built-up  Area,22-Jan,Bommasandra,3 BHK,Society_49,1609,4.0,1.0,88.09
Super built-up  Area,19-Dec,Nayandahalli,3 BHK,,1649 - 1749,2.0,1.0,106.14
Built-up  Area,Ready To Move,Haralur Road,3 BHK,,1546,3.0,2.0,113.92
Super built-up  Area,22-Jan,Koramangala,2 BHK,,904,1.0,2.0,130.74
Super built-up  Area,Ready To Move,Ejipura,3 BHK,,1447,4.0,0.0,101.49
Super built-up  Area,Ready To Move,Sadashiva Nagar,1 BHK,,887,1.0,1.0,129.68
Super built-up  Area,Ready To Move,Ramamurthy Nagar,4 BHK,,2484,3.0,3.0,172.89
Built-up  Area,Ready To Move,HSR Layout,3 BHK,Society_60,1523,3.0,1.0,123.19
Plot  Area,Ready To Move,New BEL Road,4 BHK,,2116 - 2216,4.0,0.0,130.99
Super built-up  Area,Ready To Move,Thanisandra Main Road,3 BHK,Society_91,1484,4.0,2.0,117.4
Carpet  Area,Ready To Move,Yeshwanthpur,4 BHK,Society_33,2563,4.0,1.0,200.64
Built-up  Area,Ready To Move,KR Puram,2 BHK,,1081,2.0,1.0,67.14
Built-up  Area,19-Dec,Kadugodi,4 BHK,Society_168,2545,4.0,1.0,158.45
Super built-up  Area,Ready To Move,Varthur,2 BHK,,1205 - 1305,1.0,0.0,76.62
Super built-up  Area,Ready To Move,Gottigere,3 BHK,Society_160,1419,3.0,2.0,76.43
Super built-up  Area,Ready To Move,Attibele,4 BHK,Society_52,2252,5.0,1.0,124.71
Built-up  Area,Ready To Move,Thanisandra Main Road,4 BHK,Society_197,2457,4.0,1.0,134.81
Carpet  Area,Ready To Move,Cunningham Road,3 BHK,,1753,3.0,2.0,216.48
Built-up  Area,Ready To Move,Bommanahalli,3 BHK,,1743,3.0,2.0,116.41
Built-up  Area,Ready To Move,Cunningham Road,4 BHK,,2207,4.0,1.0,333.74
Super built-up  Area,19-Dec,HBR Layout,2 BHK,,1204,3.0,2.0,90.91
Built-up  Area,Ready To Move,Hulimavu,3 BHK,,1647,3.0,2.0,96.25
Built-up  Area,Ready To Move,Lavelle Road,3 BHK,Society_38,1458,3.0,1.0,319.37
Built-up  Area,19-Dec,Jayanagar,4 BHK,Society_11,2086,4.0,1.0,275.1
Super built-up  Area,Ready To Move,Adugodi,1 BHK,,452,1.0,0.0,25.89
Built-up  Area,Ready To Move,Narayanapura,3 BHK,,1722,3.0,1.0,110.68
Built-up  Area,Ready To Move,JP Nagar,2 BHK,Society_198,1039,2.0,0.0,89.04
Super built-up  Area,Ready To Move,Bommasandra,4 BHK,,2157,4.0,1.0,134.01
Built-up  Area,Ready To Move,Uttarahalli,5 BHK,Society_90,3401 - 3501,4.0,2.0,207.4
Plot  Area,Ready To Move,Malleshwaram,2 BHK,,1236,2.0,2.0,121.45
Super built-up  Area,22-Jan,Kumaraswamy Layout,4 BHK,Society_125,2339,5.0,1.0,145.96
Built-up  Area,19-Dec,Akshaya Nagar,4 BHK,Society_178,2301,4.0,2.0,153.81
Built-up  Area,22-Jan,Marathahalli,2 BHK,Society_2,1275,2.0,2.0,72.78
Plot  Area,Ready To Move,KR Puram,3 BHK,Society_40,1743,3.0,0.0,114.15
Built-up  Area,22-Jan,Hoodi,3 BHK,Society_116,1715 - 1815,2.0,1.0,81.01
Super built-up  Area,19-Dec,Banashankari,3 BHK,,1283,4.0,1.0,65.44
Super built-up  Area,Ready To Move,Thanisandra,2 BHK,Society_165,1085,2.0,2.0,66.21
Plot  Area,Ready To Move,Peenya,2 BHK,Society_60,1076,2.0,2.0,84.28
Plot  Area,Ready To Move,Nagarbhavi,3 BHK,Society_148,1630,3.0,1.0,102.97
Super built-up  Area,19-Dec,Chikkaballapur Road,3 BHK,Society_149,1435,4.0,0.0,99.52
Super built-up  Area,22-Jan,Electronic City,2 BHK,Society_58,975,3.0,2.0,42.97
Built-up  Area,Ready To Move,Padmanabhanagar,3 BHK,,1539,2.0,3.0,120.64
Super built-up  Area,Ready To Move,Vidyaranyapura,3 BHK,,1292,4.0,1.0,82.25
Carpet  Area,Ready To Move,Basavanagudi,4 BHK,Society_8,2351,5.0,1.0,319.99
Super built-up  Area,Ready To Move,Ramamurthy Nagar,5 BHK,,3749,6.0,1.0,222.58
Super built-up  Area,Ready To Move,Brigade Road,3 BHK,,1629,2.0,3.0,291.15
Built-up  Area,Ready To Move,Girinagar,2 BHK,Society_145,970,2.0,1.0,53.59
Super built-up  Area,22-Jan,Ulsoor,3 BHK,,1656,3.0,1.0,181.93
Built-up  Area,22-Jan,Jayanagar,5 BHK,Society_31,3657,4.0,3.0,425.06
Built-up  Area,Ready To Move,Malleshwaram,3 BHK,,1746,3.0,2.0,212.58
Carpet  Area,22-Jan,Horamavu Agara,3 BHK,,1719,4.0,1.0,121.55
Super built-up  Area,Ready To Move,Kengeri,2 BHK,Society_53,1187,3.0,0.0,65.34
Built-up  Area,Ready To Move,Bommanahalli,3 BHK,,1693 - 1793,3.0,0.0,105.86
Super built-up  Area,Ready To Move,Cox Town,4 BHK,,2171 - 2271,5.0,1.0,125.49
Built-up  Area,Ready To Move,Peenya,2 BHK,,1108,2.0,2.0,62.5
Carpet  Area,19-Dec,Laggere,1 BHK,,782,2.0,1.0,49.91
Super built-up  Area,22-Jan,Bellandur,2 BHK,,927,2.0,2.0,60.1
Super built-up  Area,22-Jan,Malleshwaram,2 BHK,,1214 - 1314,2.0,2.0,175.41
Super built-up  Area,22-Jan,Kasturi Nagar,2 BHK,Society_61,1182,2.0,2.0,80.22
Built-up  Area,19-Dec,Indira Nagar,3 BHK,Society_106,1722,4.0,1.0,267.3
Super built-up  Area,Ready To Move,Budigere Cross,2 BHK,,987,1.0,0.0,57.61
Built-up  Area,22-Jan,Hoodi,4 BHK,,2157,5.0,1.0,115.0
Carpet  Area,Ready To Move,Domlur,4 BHK,,2160,3.0,0.0,275.58
Built-up  Area,19-Dec,Nagarbhavi,1 BHK,,538,1.0,1.0,29.02
Built-up  Area,22-Jan,MG Road,2 BHK,,1147,2.0,2.0,236.11
Super built-up  Area,Ready To Move,Richmond Town,3 BHK,Society_194,1775,3.0,2.0,320.59
Super built-up  Area,Ready To Move,Chikkaballapur Road,2 BHK,Society_89,858 - 958,2.0,1.0,74.87
Built-up  Area,Ready To Move,Vidyaranyapura,4 BHK,,2534,4.0,2.0,152.86
Super built-up  Area,Ready To Move,Fraser Town,3 BHK,Society_167,1647,3.0,2.0,120.89
Built-up  Area,22-Jan,HSR Layout,4 BHK,,2166 - 2266,3.0,0.0,159.52
Super built-up  Area,Ready To Move,Malleshwaram,5 BHK,Society_89,3409,5.0,3.0,342.9
Built-up  Area,Ready To Move,Bagalur,3 BHK,,1679,3.0,3.0,115.39
Super built-up  Area,19-Dec,Bannerghatta Road,3 BHK,Society_82,1789,3.0,2.0,123.84
Super built-up  Area,Ready To Move,Nagarbhavi,3 BHK,Society_30,1352,4.0,1.0,90.44
Carpet  Area,Ready To Move,Sadashiva Nagar,4 BHK,Society_175,2549 - 2649,4.0,2.0,392.04
Carpet  Area,Ready To Move,Arekere,4 BHK,Society_115,2342,3.0,1.0,149.62
Super built-up  Area,Ready To Move,Brigade Road,3 BHK,,1731,3.0,2.0,348.46
Super built-up  Area,Ready To Move,Cox Town,3 BHK,,1745,3.0,0.0,109.81
Super built-up  Area,19-Dec,Banashankari,5 BHK,,3574,6.0,2.0,218.55
Built-up  Area,22-Jan,Nayandahalli,1 BHK,,635,1.0,1.0,46.43
Super built-up  Area,19-Dec,Bommasandra,4 BHK,,2509 - 2609,3.0,0.0,144.31
Built-up  Area,19-Dec,Hoodi,3 BHK,,1660,3.0,3.0,94.68
Plot  Area,Ready To Move,Benson Town,3 BHK,Society_80,1454,3.0,3.0,110.23
Built-up  Area,Ready To Move,Hennur Road,3 BHK,Society_185,1286 - 1386,4.0,3.0,73.85
Super built-up  Area,Ready To Move,Hormavu,2 BHK,,806,2.0,2.0,35.46
Super built-up  Area,Ready To Move,Benson Town,3 BHK,,1348,4.0,1.0,91.74
Plot  Area,22-Jan,Peenya,4 BHK,Society_174,2168,4.0,2.0,154.21
Super built-up  Area,Ready To Move,Jalahalli,5 BHK,,3626,4.0,1.0,209.39
Super built-up  Area,Ready To Move,Hebbal,4 BHK,,2464 - 2564,4.0,1.0,186.95
Built-up  Area,Ready To Move,Kanakapura Road,2 BHK,,798 - 898,2.0,2.0,50.66
Built-up  Area,Ready To Move,Wilson Garden,3 BHK,,1376 - 1476,2.0,0.0,117.05
Super built-up  Area,19-Dec,Old Madras Road,2 BHK,,1218,2.0,2.0,77.14
Super built-up  Area,19-Dec,Begur Road,2 BHK,,847 - 947,1.0,1.0,85.43
Plot  Area,Ready To Move,Bannerghatta Road,3 BHK,Society_28,1323 - 1423,3.0,1.0,76.32
Built-up  Area,Ready To Move,Koramangala,3 BHK,,1277,4.0,2.0,156.28
Super built-up  Area,22-Jan,JP Nagar,1 BHK,,783 - 883,1.0,0.0,73.38
Super built-up  Area,Ready To Move,Kasturi Nagar,2 BHK,Society_14,1010,2.0,2.0,52.71
Super built-up  Area,Ready To Move,Chandapura,3 BHK,Society_33,1628,3.0,0.0,67.08
Built-up  Area,19-Dec,Hosa Road,2 BHK,Society_187,834,2.0,1.0,35.88
Built-up  Area,19-Dec,Ramamurthy Nagar,3 BHK,,1438,2.0,3.0,84.52
Carpet  Area,Ready To Move,Kumaraswamy Layout,3 BHK,,1460,2.0,1.0,90.19
Built-up  Area,22-Jan,Nagarbhavi,4 BHK,,2139,4.0,1.0,135.2
Super built-up  Area,19-Dec,Hoodi,2 BHK,,854,2.0,1.0,46.84
Super built-up  Area,22-Jan,Hulimavu,3 BHK,,1679,3.0,2.0,79.32
Super built-up  Area,19-Dec,CV Raman Nagar,3 BHK,,1762,4.0,1.0,118.78
Built-up  Area,19-Dec,Bommasandra,2 BHK,,942,2.0,2.0,62.49
Super built-up  Area,19-Dec,Vidyaranyapura,5 BHK,Society_140,3765,5.0,1.0,261.16
Super built-up  Area,Ready To Move,Electronic City,2 BHK,,831 - 931,2.0,0.0,44.15
Carpet  Area,Ready To Move,Electronic City,2 BHK,,1346,2.0,2.0,40.95
Plot  Area,Ready To Move,Thanisandra Main Road,4 BHK,,2228,3.0,0.0,177.48
Super built-up  Area,22-Jan,Hebbal,2 BHK,Society_159,1083 - 1183,3.0,1.0,103.46
Super built-up  Area,Ready To Move,Cox Town,3 BHK,,1591,3.0,2.0,106.49
Super built-up  Area,Ready To Move,Chikkaballapur Road,2 BHK,,968,2.0,0.0,62.23
Built-up  Area,Ready To Move,Indira Nagar,2 BHK,,952,3.0,1.0,124.16
Super built-up  Area,22-Jan,Malleshwaram,2 BHK,,849,1.0,2.0,95.08
Super built-up  Area,22-Jan,New BEL Road,2 BHK,Society_48,1066,2.0,2.0,56.84
Super built-up  Area,22-Jan,Arekere,3 BHK,,1672,2.0,1.0,92.97
Carpet  Area,Ready To Move,Kanakapura Road,2 BHK,,1328,3.0,2.0,84.44
Plot  Area,Ready To Move,Peenya,3 BHK,,1418,3.0,2.0,123.07
Built-up  Area,Ready To Move,Malleshwaram,5 BHK,Society_192,3555,4.0,2.0,295.09
Plot  Area,19-Dec,Dasarahalli,4 BHK,Society_94,2256,3.0,0.0,178.21
Super built-up  Area,Ready To Move,Hoodi,2 BHK,,1158,1.0,0.0,79.76
Plot  Area,Ready To Move,Vasanth Nagar,3 BHK,,1469,2.0,0.0,253.68
Super built-up  Area,19-Dec,Vijayanagar,3 BHK,,1274 - 1374,3.0,2.0,54.9
Built-up  Area,Ready To Move,Mysore Road,2 BHK,Society_53,859,2.0,2.0,46.06
Super built-up  Area,Ready To Move,Jakkur,3 BHK,,1719,2.0,3.0,97.36
Plot  Area,Ready To Move,Kadugodi,3 BHK,Society_165,1399 - 1499,3.0,0.0,94.21
Carpet  Area,19-Dec,Basavanagudi,4 BHK,Society_78,2068,3.0,1.0,206.8
Plot  Area,Ready To Move,KR Puram,2 BHK,Society_178,1028,2.0,2.0,102.68
Built-up  Area,22-Jan,Lingarajapuram,5 BHK,,3372,4.0,2.0,179.69
Super built-up  Area,19-Dec,CV Raman Nagar,3 BHK,,1556,2.0,1.0,78.93
Super built-up  Area,19-Dec,Kadugodi,3 BHK,Society_190,1422,2.0,0.0,83.89
Super built-up  Area,19-Dec,Basaveshwara Nagar,2 BHK,Society_141,1276,1.0,0.0,62.38
Super built-up  Area,22-Jan,Richmond Town,3 BHK,Society_94,1414,4.0,2.0,202.33
Built-up  Area,Ready To Move,CV Raman Nagar,2 BHK,,1182,3.0,1.0,71.06
Carpet  Area,Ready To Move,Laggere,4 BHK,,2113,4.0,2.0,116.61
Built-up  Area,Ready To Move,Fraser Town,3 BHK,Society_193,1670,3.0,3.0,82.77
Built-up  Area,19-Dec,Gottigere,4 BHK,Society_147,2050,4.0,0.0,129.8
Built-up  Area,22-Jan,Lavelle Road,4 BHK,Society_172,2080 - 2180,4.0,3.0,387.8
Super built-up  Area,Ready To Move,Chamrajpet,2 BHK,Society_101,1191 - 1291,2.0,2.0,57.09
Built-up  Area,Ready To Move,Mysore Road,3 BHK,Society_162,1417,3.0,1.0,81.33
Plot  Area,19-Dec,Cunningham Road,3 BHK,,1533,3.0,2.0,275.59
Super built-up  Area,Ready To Move,Magadi Road,2 BHK,,841,3.0,2.0,52.1
Carpet  Area,Ready To Move,Marathahalli,2 BHK,,1099,2.0,1.0,62.18
Super built-up  Area,Ready To Move,Adugodi,2 BHK,,986,3.0,2.0,55.03
Super built-up  Area,19-Dec,Hennur Road,4 BHK,Society_125,2096,4.0,1.0,98.33
Super built-up  Area,Ready To Move,CV Raman Nagar,2 BHK,Society_65,921,2.0,1.0,53.9
Super built-up  Area,22-Jan,Kumaraswamy Layout,3 BHK,,1372 - 1472,4.0,0.0,83.13
Super built-up  Area,Ready To Move,Devanahalli,4 BHK,Society_94,2337,4.0,3.0,119.07
Built-up  Area,22-Jan,Old Madras Road,4 BHK,,2264,4.0,2.0,155.87
Super built-up  Area,Ready To Move,Ejipura,4 BHK,,2255,4.0,3.0,181.69
Plot  Area,Ready To Move,Thanisandra,2 BHK,,1257,2.0,2.0,88.78
Super built-up  Area,Ready To Move,Rajarajeshwari Nagara,2 BHK,Society_45,1164,1.0,2.0,77.35
Super built-up  Area,22-Jan,Chandapura,2 BHK,,1266,2.0,2.0,61.03
Plot  Area,22-Jan,Old Airport Road,3 BHK,,1432,3.0,1.0,179.58
Super built-up  Area,Ready To Move,Malleshwaram,3 BHK,,1408,3.0,2.0,197.33
Built-up  Area,22-Jan,Brigade Road,2 BHK,Society_51,914,2.0,2.0,115.86
Carpet  Area,Ready To Move,Domlur,2 BHK,,895,2.0,2.0,120.71
Super built-up  Area,19-Dec,Gottigere,3 BHK,Society_11,1603,2.0,0.0,116.15
Built-up  Area,Ready To Move,Vidyaranyapura,3 BHK,,1290 - 1390,2.0,1.0,75.83
Super built-up  Area,Ready To Move,KR Puram,3 BHK,,1602,4.0,1.0,92.24
Plot  Area,Ready To Move,Devanahalli,2 BHK,,815,2.0,2.0,40.37
Carpet  Area,Ready To Move,Vidyaranyapura,2 BHK,Society_138,1054,1.0,0.0,73.01
Super built-up  Area,Ready To Move,Sadashiva Nagar,3 BHK,Society_76,1781,3.0,1.0,276.91
Built-up  Area,Ready To Move,Lavelle Road,3 BHK,Society_78,1696,4.0,2.0,335.64
Built-up  Area,Ready To Move,Hosa Road,3 BHK,,1663,4.0,2.0,119.25
Super built-up  Area,Ready To Move,CV Raman Nagar,3 BHK,,1752,4.0,1.0,112.42
Built-up  Area,19-Dec,CV Raman Nagar,3 BHK,Society_173,1633,3.0,2.0,98.32
Built-up  Area,22-Jan,Laggere,2 BHK,,1042,3.0,1.0,41.06
Super built-up  Area,22-Jan,Kasturi Nagar,2 BHK,Society_53,1023,1.0,1.0,79.34
Plot  Area,22-Jan,Basavanagudi,2 BHK,Society_143,921 - 1021,3.0,1.0,131.82
Super built-up  Area,Ready To Move,Domlur,3 BHK,,1260,3.0,3.0,130.54
Carpet  Area,19-Dec,Anekal,3 BHK,,1720,3.0,2.0,53.64
Super built-up  Area,22-Jan,Lavelle Road,4 BHK,,2443 - 2543,5.0,0.0,481.97
Super built-up  Area,22-Jan,Uttarahalli,3 BHK,Society_131,1555 - 1655,3.0,1.0,107.7
Plot  Area,Ready To Move,Begur Road,5 BHK,Society_23,3564 - 3664,5.0,1.0,261.91
Super built-up  Area,Ready To Move,Brigade Road,3 BHK,Society_192,1595,3.0,1.0,243.32
Carpet  Area,Ready To Move,Budigere Cross,2 BHK,,1324,1.0,2.0,81.87
Built-up  Area,22-Jan,Gottigere,2 BHK,Society_3,1092,1.0,0.0,51.66
Plot  Area,19-Dec,Kadugodi,2 BHK,Society_104,1125,2.0,1.0,81.7
Super built-up  Area,19-Dec,Sarjapur Road,3 BHK,,1595,2.0,2.0,108.88
Built-up  Area,Ready To Move,Mahadevapura,4 BHK,Society_160,2440 - 2540,4.0,2.0,159.19
Super built-up  Area,19-Dec,Fraser Town,2 BHK,,900,2.0,1.0,45.88
Carpet  Area,19-Dec,Laggere,4 BHK,Society_35,2310,4.0,3.0,140.89
Built-up  Area,19-Dec,RT Nagar,3 BHK,Society_22,1542,3.0,2.0,71.2
Plot  Area,19-Dec,Fraser Town,3 BHK,Society_139,1691 - 1791,3.0,2.0,118.78
Built-up  Area,Ready To Move,Bagalur,2 BHK,,939 - 1039,1.0,1.0,51.11
Carpet  Area,22-Jan,Kengeri,3 BHK,,1719,2.0,2.0,111.38
Built-up  Area,Ready To Move,Banaswadi,2 BHK,Society_176,976,3.0,1.0,58.11
Built-up  Area,Ready To Move,Arekere,2 BHK,,1043,1.0,1.0,61.12
Built-up  Area,Ready To Move,KR Puram,3 BHK,Society_23,1662,2.0,1.0,102.4
Super built-up  Area,19-Dec,Ramamurthy Nagar,3 BHK,,1597 - 1697,3.0,1.0,116.4
Carpet  Area,Ready To Move,Peenya,3 BHK,Society_99,1383,2.0,2.0,76.01
Built-up  Area,19-Dec,Vasanth Nagar,4 BHK,Society_106,2468,5.0,1.0,285.97
Super built-up  Area,19-Dec,MG Road,2 BHK,,982,3.0,2.0,218.9
Plot  Area,Ready To Move,Hebbal,4 BHK,Society_189,2081,5.0,1.0,203.67
Built-up  Area,19-Dec,Cox Town,4 BHK,,2372,4.0,3.0,162.62
Built-up  Area,22-Jan,Vijayanagar,3 BHK,,1235 - 1335,2.0,3.0,64.72
Super built-up  Area,22-Jan,BTM Layout,2 BHK,,1296,3.0,1.0,110.12
Super built-up  Area,Ready To Move,Malleshwaram,4 BHK,,2259,3.0,1.0,302.93
Built-up  Area,Ready To Move,Ulsoor,4 BHK,Society_95,2154,4.0,0.0,221.79
Built-up  Area,22-Jan,MG Road,4 BHK,,2199,4.0,0.0,292.68
Built-up  Area,22-Jan,Girinagar,2 BHK,,1134,2.0,0.0,69.9
Super built-up  Area,Ready To Move,Chandapura,3 BHK,,1741,4.0,3.0,72.73
Built-up  Area,Ready To Move,Ulsoor,2 BHK,,1346,2.0,0.0,122.54
Built-up  Area,22-Jan,Bommasandra,3 BHK,,1723,3.0,1.0,83.91
Built-up  Area,Ready To Move,Mahadevapura,4 BHK,Society_59,2060,4.0,0.0,139.58
Super built-up  Area,22-Jan,Kogilu,2 BHK,Society_88,1000,2.0,1.0,60.42
Super built-up  Area,22-Jan,Kadugodi,4 BHK,,2336,5.0,2.0,152.97
Plot  Area,19-Dec,Bannerghatta Road,3 BHK,,1687,3.0,0.0,157.99
Built-up  Area,22-Jan,Fraser Town,3 BHK,Society_114,1772,4.0,3.0,94.07
Super built-up  Area,22-Jan,Whitefield,3 BHK,,1285,3.0,1.0,90.56
Super built-up  Area,22-Jan,Kudlu Gate,4 BHK,,2087,4.0,1.0,138.21
Super built-up  Area,Ready To Move,Thanisandra Main Road,4 BHK,,2271,4.0,2.0,124.27
Carpet  Area,Ready To Move,Narayanapura,2 BHK,,832,3.0,1.0,43.48
Carpet  Area,Ready To Move,KR Puram,3 BHK,Society_112,1419,3.0,0.0,63.4
Super built-up  Area,22-Jan,Hoodi,3 BHK,Society_10,1360,3.0,1.0,83.76
Super built-up  Area,Ready To Move,Chikkaballapur Road,2 BHK,Society_178,947,2.0,1.0,60.97
Super built-up  Area,19-Dec,Kammanahalli,2 BHK,,825 - 925,2.0,0.0,54.79
Super built-up  Area,Ready To Move,Bellandur,1 BHK,,535 - 635,1.0,1.0,47.08
Super built-up  Area,Ready To Move,Koramangala,5 BHK,Society_170,3616,5.0,3.0,576.81
Carpet  Area,19-Dec,Kadugodi,4 BHK,,2512,4.0,0.0,156.91
Super built-up  Area,22-Jan,Koramangala,5 BHK,Society_33,3575,4.0,0.0,473.73
Built-up  Area,Ready To Move,Haralur Road,4 BHK,,2139,3.0,2.0,87.62
Super built-up  Area,19-Dec,Old Airport Road,2 BHK,,813,2.0,0.0,104.59
Plot  Area,Ready To Move,Jalahalli,3 BHK,Society_121,1600,3.0,3.0,103.53
Built-up  Area,19-Dec,Uttarahalli,1 BHK,Society_76,530,1.0,1.0,31.92
Built-up  Area,22-Jan,Banaswadi,4 BHK,,2447,5.0,3.0,140.81
Built-up  Area,19-Dec,Sadashiva Nagar,2 BHK,,1208,2.0,2.0,173.4
Built-up  Area,Ready To Move,Vidyaranyapura,1 BHK,Society_108,557 - 657,2.0,1.0,34.26
Super built-up  Area,Ready To Move,Kadugodi,3 BHK,Society_56,1285,4.0,0.0,74.75
Carpet  Area,Ready To Move,Lavelle Road,4 BHK,,2439,4.0,2.0,528.23
Built-up  Area,Ready To Move,Nagarbhavi,3 BHK,Society_53,1781,3.0,2.0,114.55
Super built-up  Area,Ready To Move,Kengeri,4 BHK,Society_92,2424,4.0,1.0,155.53
Built-up  Area,19-Dec,CV Raman Nagar,3 BHK,Society_66,1317,3.0,1.0,72.67
Built-up  Area,19-Dec,Peenya,3 BHK,,1324 - 1424,3.0,0.0,74.32
Built-up  Area,Ready To Move,Cunningham Road,3 BHK,,1332,2.0,0.0,199.47
Built-up  Area,22-Jan,Kanakapura Road,4 BHK,,2109,4.0,0.0,115.32
Built-up  Area,22-Jan,Malleshwaram,1 BHK,,893,2.0,0.0,111.55
Built-up  Area,22-Jan,Horamavu Agara,2 BHK,Society_195,1187,3.0,1.0,62.48
Plot  Area,22-Jan,Nagarbhavi,2 BHK,,923,2.0,1.0,57.43
Super built-up  Area,Ready To Move,HRBR Layout,2 BHK,,1165,2.0,0.0,71.82
Carpet  Area,Ready To Move,Akshaya Nagar,3 BHK,Society_73,1544,3.0,3.0,103.56
Super built-up  Area,Ready To Move,Domlur,5 BHK,,3527,5.0,0.0,457.83
Built-up  Area,19-Dec,Jayanagar,4 BHK,,2421,5.0,2.0,302.18
Carpet  Area,Ready To Move,Thanisandra,3 BHK,Society_164,1545,2.0,2.0,84.59
Built-up  Area,19-Dec,Rachenahalli,2 BHK,,1108,2.0,1.0,64.37
Built-up  Area,Ready To Move,Nagarbhavi,5 BHK,,3669,5.0,2.0,254.66
Super built-up  Area,Ready To Move,Rajaji Nagar,3 BHK,Society_32,1666 - 1766,4.0,3.0,191.24
Super built-up  Area,22-Jan,Malleshwaram,3 BHK,,1377,3.0,3.0,180.6
Super built-up  Area,Ready To Move,Bellandur,3 BHK,Society_80,1447,2.0,1.0,116.81
Built-up  Area,Ready To Move,Sadashiva Nagar,4 BHK,Society_33,2201,4.0,1.0,325.02
Super built-up  Area,19-Dec,Akshaya Nagar,3 BHK,,1379,2.0,1.0,99.83
Built-up  Area,19-Dec,Hennur Road,3 BHK,,1480,3.0,2.0,83.55
Plot  Area,Ready To Move,Wilson Garden,3 BHK,,1533,3.0,2.0,203.3
Plot  Area,Ready To Move,Vijayanagar,2 BHK,,1269,2.0,2.0,100.46
Built-up  Area,22-Jan,HBR Layout,3 BHK,,1554,4.0,1.0,81.97
Built-up  Area,19-Dec,Peenya,2 BHK,,998,2.0,2.0,61.46
Super built-up  Area,19-Dec,Kanakapura Road,4 BHK,,2281,4.0,2.0,107.7
Plot  Area,22-Jan,Jakkur,3 BHK,Society_76,1300,2.0,3.0,86.77
Super built-up  Area,22-Jan,Rajarajeshwari Nagara,1 BHK,,779,1.0,1.0,61.47
Super built-up  Area,22-Jan,Hosa Road,4 BHK,,2179 - 2279,3.0,0.0,145.22
Carpet  Area,19-Dec,Cunningham Road,4 BHK,Society_94,2247,5.0,1.0,330.73
Super built-up  Area,22-Jan,Whitefield,3 BHK,Society_12,1365,2.0,0.0,94.65
Super built-up  Area,19-Dec,Horamavu Agara,4 BHK,Society_124,2121 - 2221,4.0,0.0,106.34
Built-up  Area,22-Jan,MG Road,2 BHK,Society_82,1075,2.0,2.0,227.28
Built-up  Area,22-Jan,Devanahalli,4 BHK,,2343,4.0,2.0,100.99
Carpet  Area,Ready To Move,Vidyaranyapura,3 BHK,,1783,4.0,2.0,112.25
Built-up  Area,Ready To Move,Domlur,3 BHK,Society_27,1473,3.0,1.0,160.12
Plot  Area,Ready To Move,Yelahanka,5 BHK,,3690,5.0,0.0,262.14
Super built-up  Area,Ready To Move,Koramangala,2 BHK,,812,2.0,1.0,129.73
Plot  Area,22-Jan,Begur Road,4 BHK,,2317,4.0,1.0,127.9
Super built-up  Area,19-Dec,Raja Rajeshwari Nagar,3 BHK,,1619,3.0,1.0,86.97
Super built-up  Area,Ready To Move,Hebbal,4 BHK,Society_162,2200,3.0,1.0,202.65
Super built-up  Area,Ready To Move,Peenya,2 BHK,,1221,2.0,2.0,69.97
Super built-up  Area,19-Dec,Thanisandra Main Road,3 BHK,Society_44,1338 - 1438,3.0,2.0,55.9
Super built-up  Area,Ready To Move,Dasarahalli,5 BHK,Society_110,3451,4.0,1.0,232.08
Super built-up  Area,Ready To Move,Arekere,2 BHK,,1261 - 1361,2.0,2.0,92.0
Built-up  Area,Ready To Move,Kammanahalli,3 BHK,,1607,2.0,2.0,99.13
Carpet  Area,Ready To Move,Thanisandra Main Road,2 BHK,Society_187,885,2.0,1.0,56.56
Plot  Area,Ready To Move,Richmond Town,2 BHK,,1133,2.0,2.0,224.16
Super built-up  Area,22-Jan,Whitefield,3 BHK,,1477,3.0,3.0,87.86
Built-up  Area,Ready To Move,Narayanapura,3 BHK,Society_114,1577,3.0,2.0,116.18
Plot  Area,19-Dec,Dasarahalli,5 BHK,,3888,4.0,1.0,252.05
Built-up  Area,19-Dec,Hosa Road,2 BHK,,1195,1.0,0.0,57.89
Super built-up  Area,Ready To Move,Wilson Garden,2 BHK,Society_85,1075 - 1175,2.0,2.0,85.26
Super built-up  Area,Ready To Move,Haralur Road,2 BHK,,1343,2.0,2.0,106.7
Plot  Area,19-Dec,Hulimavu,3 BHK,Society_113,1436,3.0,2.0,85.69
Plot  Area,22-Jan,Bellandur,3 BHK,Society_7,1675,3.0,1.0,137.21
Built-up  Area,Ready To Move,Hennur Road,3 BHK,Society_59,1598,4.0,1.0,105.08
Carpet  Area,Ready To Move,Basaveshwara Nagar,3 BHK,Society_117,1614,4.0,1.0,151.82
Carpet  Area,Ready To Move,Gottigere,5 BHK,Society_72,3746,4.0,2.0,218.13
Super built-up  Area,Ready To Move,Devanahalli,2 BHK,,1217,2.0,1.0,56.59
Built-up  Area,19-Dec,Kudlu Gate,4 BHK,,2110 - 2210,4.0,3.0,185.72
Plot  Area,19-Dec,Old Madras Road,2 BHK,Society_155,917,2.0,1.0,61.78
Built-up  Area,Ready To Move,Domlur,3 BHK,,1709,4.0,3.0,220.05
Plot  Area,Ready To Move,Arekere,4 BHK,,2538,3.0,0.0,181.16
Super built-up  Area,Ready To Move,Bommanahalli,1 BHK,Society_178,511,1.0,1.0,31.92
Super built-up  Area,Ready To Move,Sahakara Nagar,3 BHK,Society_32,1349,3.0,2.0,82.51
Plot  Area,Ready To Move,Ejipura,3 BHK,,1396,3.0,0.0,101.23
Built-up  Area,Ready To Move,Uttarahalli,3 BHK,Society_135,1472,4.0,0.0,94.33
Super built-up  Area,19-Dec,Malleshwaram,3 BHK,Society_122,1441,3.0,3.0,159.44
Plot  Area,19-Dec,Banaswadi,2 BHK,,1052,1.0,1.0,79.76
Carpet  Area,Ready To Move,RT Nagar,2 BHK,Society_120,1343,2.0,2.0,88.67
Built-up  Area,Ready To Move,Vidyaranyapura,3 BHK,,1691,4.0,1.0,75.1
Super built-up  Area,Ready To Move,Hebbal,3 BHK,Society_20,1278,3.0,1.0,132.79
Built-up  Area,Ready To Move,Dasarahalli,4 BHK,Society_12,2071,5.0,0.0,152.8
Plot  Area,19-Dec,Bagalur,2 BHK,,858,2.0,1.0,58.84
Super built-up  Area,19-Dec,Chamrajpet,1 BHK,,810,1.0,1.0,52.83
Built-up  Area,Ready To Move,HSR Layout,3 BHK,,1424,3.0,3.0,147.59
Carpet  Area,19-Dec,Basavanagudi,3 BHK,,1451,3.0,0.0,207.62
Built-up  Area,19-Dec,Padmanabhanagar,4 BHK,Society_96,2086,5.0,3.0,103.41
Super built-up  Area,22-Jan,Rajaji Nagar,4 BHK,,2577,5.0,0.0,384.12
Super built-up  Area,Ready To Move,Kengeri,2 BHK,,1334,2.0,1.0,76.33
Super built-up  Area,22-Jan,Ramamurthy Nagar,2 BHK,,1167,1.0,1.0,66.98
Super built-up  Area,22-Jan,Peenya,2 BHK,Society_22,956 - 1056,2.0,0.0,56.72
Built-up  Area,22-Jan,Jigani,2 BHK,,878,3.0,2.0,62.3
Built-up  Area,Ready To Move,Hormavu,1 BHK,Society_94,568,1.0,1.0,29.06
Carpet  Area,22-Jan,Sadashiva Nagar,3 BHK,,1426,4.0,2.0,203.61
Super built-up  Area,Ready To Move,Electronic City,2 BHK,,879,2.0,2.0,40.35
Built-up  Area,Ready To Move,Padmanabhanagar,3 BHK,,1621,3.0,3.0,90.97
Plot  Area,19-Dec,Kogilu,2 BHK,,1003,1.0,2.0,53.51
Carpet  Area,22-Jan,RT Nagar,4 BHK,,2520,4.0,1.0,168.88
Super built-up  Area,22-Jan,Nayandahalli,1 BHK,,741,2.0,1.0,43.83
Super built-up  Area,22-Jan,Gottigere,4 BHK,,2255,3.0,0.0,131.52
Super built-up  Area,22-Jan,Rajarajeshwari Nagara,3 BHK,,1337,3.0,1.0,70.69
Carpet  Area,Ready To Move,Kadugodi,2 BHK,,836 - 936,2.0,2.0,51.3
Built-up  Area,Ready To Move,Vidyaranyapura,3 BHK,Society_104,1646 - 1746,3.0,2.0,91.93
Built-up  Area,19-Dec,Cunningham Road,3 BHK,,1534,3.0,1.0,233.53
Plot  Area,19-Dec,Girinagar,2 BHK,,1114,1.0,0.0,89.71
Super built-up  Area,Ready To Move,Gottigere,4 BHK,,2399,4.0,3.0,161.33
Built-up  Area,19-Dec,Peenya,2 BHK,,1038,2.0,2.0,52.31
Plot  Area,Ready To Move,Domlur,3 BHK,,1561,4.0,1.0,187.67
Carpet  Area,22-Jan,KR Puram,4 BHK,Society_195,2268,5.0,0.0,109.86
Built-up  Area,Ready To Move,Raja Rajeshwari Nagar,2 BHK,,1175,2.0,2.0,82.07
Built-up  Area,Ready To Move,Kanakapura Road,3 BHK,,1589,4.0,1.0,65.08
Built-up  Area,Ready To Move,Anekal,4 BHK,,2393,3.0,2.0,64.8
Super built-up  Area,Ready To Move,Rajaji Nagar,2 BHK,Society_196,787 - 887,1.0,2.0,84.5
Built-up  Area,Ready To Move,Bellandur,3 BHK,,1567,3.0,1.0,133.32
Super built-up  Area,Ready To Move,JP Nagar,3 BHK,Society_154,1499,3.0,3.0,109.51
Carpet  Area,Ready To Move,Arekere,3 BHK,,1660 - 1760,3.0,3.0,133.79
Super built-up  Area,19-Dec,Bellandur,2 BHK,,1175,2.0,2.0,72.45
Built-up  Area,Ready To Move,Laggere,4 BHK,,2548 - 2648,3.0,2.0,125.45
Carpet  Area,Ready To Move,Whitefield,4 BHK,,2073,4.0,1.0,129.66
Super built-up  Area,Ready To Move,Whitefield,2 BHK,,1219,2.0,2.0,90.55
Super built-up  Area,Ready To Move,Kudlu Gate,4 BHK,Society_186,2542,3.0,1.0,152.1
Super built-up  Area,22-Jan,Budigere Cross,3 BHK,Society_4,1631,4.0,1.0,140.44
Plot  Area,19-Dec,Lingarajapuram,4 BHK,,2418,3.0,1.0,185.16
Carpet  Area,Ready To Move,Wilson Garden,4 BHK,,2576,5.0,1.0,290.66
Super built-up  Area,Ready To Move,Ejipura,2 BHK,Society_8,1224,3.0,2.0,81.52
Built-up  Area,22-Jan,Horamavu Agara,2 BHK,,1215,2.0,2.0,59.97
Carpet  Area,Ready To Move,Bommasandra,3 BHK,Society_51,1466,4.0,2.0,79.94
Built-up  Area,Ready To Move,Domlur,2 BHK,Society_63,918,2.0,2.0,103.6
Built-up  Area,Ready To Move,Richmond Town,3 BHK,Society_37,1335,3.0,0.0,166.32
Built-up  Area,22-Jan,Raja Rajeshwari Nagar,4 BHK,,2561,4.0,2.0,102.73
Super built-up  Area,Ready To Move,Hoodi,2 BHK,,1095,3.0,2.0,54.91
Built-up  Area,19-Dec,Chamrajpet,2 BHK,,921,3.0,2.0,56.2
Built-up  Area,Ready To Move,Mahadevapura,5 BHK,Society_21,3735 - 3835,4.0,2.0,208.82
Super built-up  Area,22-Jan,MG Road,2 BHK,,802,2.0,1.0,105.32
Plot  Area,19-Dec,Cox Town,2 BHK,,1227,2.0,0.0,71.35
Built-up  Area,22-Jan,Bommanahalli,3 BHK,Society_181,1299,2.0,1.0,88.39
Plot  Area,19-Dec,Sarjapur Road,3 BHK,Society_181,1304,2.0,2.0,98.34
Super built-up  Area,22-Jan,Hoodi,2 BHK,,753 - 853,1.0,0.0,55.45
Super built-up  Area,22-Jan,Begur Road,3 BHK,Society_173,1372,3.0,1.0,68.29
Built-up  Area,Ready To Move,Jayanagar,4 BHK,Society_136,2151,4.0,1.0,268.84
Built-up  Area,19-Dec,Banashankari,3 BHK,,1635,4.0,1.0,130.7
Plot  Area,19-Dec,HRBR Layout,4 BHK,Society_30,2243,4.0,1.0,176.49
Super built-up  Area,Ready To Move,Cox Town,2 BHK,Society_181,1275,2.0,2.0,86.02
Super built-up  Area,Ready To Move,Girinagar,2 BHK,,967,2.0,2.0,59.03
Super built-up  Area,Ready To Move,Arekere,3 BHK,,1548,4.0,2.0,93.43
Carpet  Area,19-Dec,Basavanagudi,2 BHK,Society_74,902,1.0,2.0,103.04
Built-up  Area,Ready To Move,Haralur Road,2 BHK,,1083,3.0,2.0,53.41
Built-up  Area,22-Jan,Basaveshwara Nagar,4 BHK,,2555,4.0,3.0,152.8
Super built-up  Area,22-Jan,Hormavu,2 BHK,Society_178,1270,2.0,2.0,77.3
Plot  Area,19-Dec,Chandapura,2 BHK,,1267,3.0,1.0,53.31
Super built-up  Area,19-Dec,Arekere,5 BHK,Society_154,3659,6.0,1.0,187.84
Super built-up  Area,19-Dec,Lavelle Road,2 BHK,,1089,1.0,1.0,284.09
Super built-up  Area,19-Dec,Bannerghatta Road,4 BHK,,2344,5.0,1.0,166.27
Super built-up  Area,22-Jan,Sarjapur Road,2 BHK,,1303,2.0,2.0,61.22
Carpet  Area,Ready To Move,Dasarahalli,5 BHK,,3758,5.0,1.0,229.36
Super built-up  Area,Ready To Move,Rachenahalli,3 BHK,Society_88,1449,4.0,2.0,84.67
Super built-up  Area,Ready To Move,Yeshwanthpur,2 BHK,Society_2,979,2.0,2.0,65.39
Super built-up  Area,Ready To Move,Chandapura,3 BHK,Society_143,1549,4.0,0.0,64.39
Super built-up  Area,Ready To Move,Peenya,3 BHK,Society_66,1361,3.0,3.0,68.04
Plot  Area,Ready To Move,Kogilu,2 BHK,Society_76,983,2.0,2.0,81.18
Carpet  Area,Ready To Move,Thanisandra Main Road,2 BHK,Society_27,1220,2.0,0.0,78.23
Built-up  Area,19-Dec,Domlur,3 BHK,,1401,3.0,2.0,167.78
Super built-up  Area,Ready To Move,Chandapura,3 BHK,Society_82,1329,4.0,2.0,62.71
Super built-up  Area,Ready To Move,Jalahalli,1 BHK,Society_3,919,2.0,1.0,49.25
Super built-up  Area,Ready To Move,Wilson Garden,2 BHK,Society_176,907,1.0,2.0,69.17
Super built-up  Area,22-Jan,Malleshwaram,3 BHK,,1264,3.0,1.0,138.7
Built-up  Area,22-Jan,Malleshwaram,1 BHK,,574,2.0,1.0,65.64
Super built-up  Area,Ready To Move,New BEL Road,3 BHK,Society_140,1331,4.0,1.0,62.18
Built-up  Area,Ready To Move,Jakkur,3 BHK,Society_190,1274,3.0,0.0,80.72
Super built-up  Area,Ready To Move,Arekere,1 BHK,,768,1.0,1.0,49.0
Built-up  Area,Ready To Move,Hennur Road,2 BHK,,1001,2.0,1.0,59.54
Plot  Area,22-Jan,Thanisandra,3 BHK,,1661,3.0,1.0,107.17
Built-up  Area,22-Jan,Kadugodi,1 BHK,,885,2.0,0.0,44.56
Super built-up  Area,Ready To Move,Girinagar,2 BHK,,1175,2.0,2.0,73.08
Super built-up  Area,22-Jan,Ulsoor,3 BHK,Society_66,1561 - 1661,2.0,3.0,191.13
Built-up  Area,Ready To Move,Nayandahalli,2 BHK,,942,3.0,2.0,53.12
Built-up  Area,Ready To Move,Budigere Cross,3 BHK,Society_188,1762,3.0,2.0,128.54
Super built-up  Area,Ready To Move,Attibele,3 BHK,,1497 - 1597,4.0,0.0,97.27
Built-up  Area,22-Jan,Varthur,3 BHK,,1730,2.0,2.0,79.42
Super built-up  Area,22-Jan,Fraser Town,4 BHK,,2469,4.0,3.0,120.34
Super built-up  Area,Ready To Move,Lingarajapuram,4 BHK,,2450,4.0,1.0,100.35
Super built-up  Area,Ready To Move,Varthur,5 BHK,,3858,4.0,3.0,206.81
Built-up  Area,Ready To Move,Chandapura,1 BHK,Society_104,594 - 694,1.0,1.0,18.5
Super built-up  Area,19-Dec,Ejipura,2 BHK,,898,3.0,1.0,86.51
Plot  Area,Ready To Move,Yeshwanthpur,3 BHK,,1452,4.0,1.0,102.61
Plot  Area,22-Jan,Vasanth Nagar,3 BHK,Society_163,1684,4.0,1.0,258.86
Built-up  Area,19-Dec,Begur Road,1 BHK,,523,1.0,0.0,28.21
Super built-up  Area,Ready To Move,Vijayanagar,3 BHK,,1587,3.0,3.0,98.35
Built-up  Area,22-Jan,Banashankari,4 BHK,Society_72,2282,5.0,2.0,113.84
Plot  Area,Ready To Move,Vijayanagar,3 BHK,,1501,3.0,0.0,104.71
Plot  Area,22-Jan,Jakkur,5 BHK,,3866,5.0,2.0,250.04
Super built-up  Area,Ready To Move,Laggere,3 BHK,,1286 - 1386,3.0,1.0,88.47
Super built-up  Area,Ready To Move,Brigade Road,3 BHK,Society_191,1616,3.0,2.0,305.75
Built-up  Area,19-Dec,Laggere,4 BHK,,2199,4.0,1.0,102.98
Super built-up  Area,22-Jan,HBR Layout,2 BHK,Society_70,833,2.0,2.0,58.76
Carpet  Area,Ready To Move,CV Raman Nagar,4 BHK,Society_89,2476,4.0,2.0,148.09
Super built-up  Area,22-Jan,Domlur,4 BHK,Society_23,2374,4.0,2.0,297.74
Super built-up  Area,Ready To Move,Varthur,3 BHK,,1300,3.0,1.0,68.71
Super built-up  Area,Ready To Move,Nagarbhavi,3 BHK,,1442,3.0,1.0,99.04
Built-up  Area,Ready To Move,HSR Layout,2 BHK,,1038,3.0,1.0,107.77
Carpet  Area,Ready To Move,Jalahalli,4 BHK,Society_44,2014 - 2114,5.0,3.0,108.97
Super built-up  Area,19-Dec,Jalahalli,2 BHK,,1162,2.0,2.0,65.83
Super built-up  Area,Ready To Move,Girinagar,3 BHK,Society_132,1502,3.0,2.0,113.61
Plot  Area,19-Dec,Devanahalli,3 BHK,Society_51,1418,4.0,0.0,58.11
Built-up  Area,Ready To Move,Hulimavu,3 BHK,Society_93,1357,3.0,1.0,84.2
Super built-up  Area,Ready To Move,Mahadevapura,2 BHK,,1020,3.0,2.0,52.51
Built-up  Area,Ready To Move,Devanahalli,3 BHK,,1441,4.0,1.0,73.28
Super built-up  Area,22-Jan,HSR Layout,3 BHK,,1591,3.0,1.0,121.95
Super built-up  Area,19-Dec,Anekal,2 BHK,,1228 - 1328,1.0,1.0,42.34
Super built-up  Area,19-Dec,Thanisandra Main Road,3 BHK,,1602,4.0,1.0,83.81
Super built-up  Area,22-Jan,Vasanth Nagar,2 BHK,Society_109,996,2.0,0.0,131.64
Super built-up  Area,19-Dec,Nayandahalli,2 BHK,,965,2.0,1.0,59.64
Plot  Area,19-Dec,Old Airport Road,4 BHK,,2255 - 2355,3.0,2.0,305.57
Carpet  Area,Ready To Move,Kammanahalli,3 BHK,,1424,3.0,0.0,78.14
Super built-up  Area,Ready To Move,Nagarbhavi,3 BHK,Society_148,1336 - 1436,2.0,2.0,78.73
Super built-up  Area,Ready To Move,Kalyan Nagar,2 BHK,Society_177,1331,2.0,2.0,50.92
Super built-up  Area,19-Dec,Kanakapura Road,4 BHK,Society_45,2150,4.0,0.0,129.35
Plot  Area,22-Jan,Banashankari,2 BHK,Society_116,926,1.0,2.0,55.3
Plot  Area,22-Jan,Lavelle Road,4 BHK,,2301,4.0,2.0,498.23
Plot  Area,Ready To Move,Gottigere,4 BHK,Society_153,2165,3.0,0.0,154.6
Plot  Area,22-Jan,HRBR Layout,3 BHK,,1594,3.0,2.0,102.0
Super built-up  Area,Ready To Move,Rajaji Nagar,3 BHK,,1588,3.0,3.0,186.45
Built-up  Area,22-Jan,Banaswadi,3 BHK,Society_33,1461,3.0,1.0,102.5
Built-up  Area,Ready To Move,Yelahanka,2 BHK,Society_193,1196,3.0,2.0,87.53
Plot  Area,Ready To Move,Mahadevapura,2 BHK,,1328,3.0,2.0,100.57
Built-up  Area,22-Jan,Ulsoor,4 BHK,,2198 - 2298,4.0,2.0,222.24
Carpet  Area,Ready To Move,Kengeri,2 BHK,,1012,2.0,1.0,76.1
Super built-up  Area,Ready To Move,Kudlu Gate,2 BHK,Society_183,1097,2.0,2.0,61.58
Super built-up  Area,19-Dec,Lavelle Road,3 BHK,Society_26,1654,3.0,2.0,316.49
Built-up  Area,22-Jan,Nayandahalli,3 BHK,Society_90,1654,4.0,0.0,148.4
Super built-up  Area,22-Jan,Basavanagudi,3 BHK,,1681,3.0,1.0,177.05
Built-up  Area,Ready To Move,Chandapura,3 BHK,,1329,3.0,1.0,55.45
Plot  Area,Ready To Move,Varthur,4 BHK,,2145,3.0,3.0,149.04
Super built-up  Area,Ready To Move,Hulimavu,3 BHK,Society_90,1718,3.0,2.0,99.44
Carpet  Area,Ready To Move,Vasanth Nagar,3 BHK,,1456,3.0,1.0,193.05
Built-up  Area,Ready To Move,Kasturi Nagar,3 BHK,,1616,4.0,0.0,105.68
Built-up  Area,Ready To Move,Kammanahalli,5 BHK,,3538,5.0,1.0,223.46
Built-up  Area,Ready To Move,Jakkur,3 BHK,Society_90,1791,4.0,3.0,118.01
Plot  Area,Ready To Move,Kammanahalli,4 BHK,,2053,4.0,1.0,102.53
Plot  Area,19-Dec,Vidyaranyapura,3 BHK,Society_62,1555,4.0,2.0,129.24
Built-up  Area,19-Dec,CV Raman Nagar,2 BHK,Society_58,1135,2.0,1.0,54.73
Built-up  Area,22-Jan,Laggere,4 BHK,,2389,4.0,0.0,159.67
Super built-up  Area,Ready To Move,Thanisandra,4 BHK,Society_41,2306 - 2406,4.0,0.0,131.87
Super built-up  Area,Ready To Move,Horamavu Agara,4 BHK,Society_174,2510 - 2610,4.0,1.0,126.61
Built-up  Area,22-Jan,Varthur,4 BHK,,2209,4.0,0.0,125.51
Built-up  Area,Ready To Move,Uttarahalli,2 BHK,,1197,2.0,1.0,67.0
Super built-up  Area,Ready To Move,Banaswadi,3 BHK,,1588,3.0,1.0,106.5
Super built-up  Area,19-Dec,Kanakapura Road,2 BHK,Society_138,877,2.0,1.0,43.03
Plot  Area,22-Jan,Laggere,3 BHK,,1325,3.0,1.0,63.16
Built-up  Area,19-Dec,RT Nagar,3 BHK,,1624,4.0,1.0,106.84
Built-up  Area,Ready To Move,Basavanagudi,2 BHK,Society_43,799 - 899,2.0,0.0,86.29
Super built-up  Area,Ready To Move,Nagarbhavi,4 BHK,,2430,3.0,2.0,140.27
Built-up  Area,Ready To Move,Nayandahalli,3 BHK,Society_143,1624,3.0,2.0,123.59
Super built-up  Area,Ready To Move,Cox Town,3 BHK,,1460,2.0,2.0,76.04
Built-up  Area,22-Jan,Horamavu Agara,4 BHK,,2207 - 2307,4.0,1.0,128.02
Built-up  Area,Ready To Move,Rajarajeshwari Nagara,2 BHK,Society_32,1113,2.0,0.0,60.69
Super built-up  Area,19-Dec,Bommasandra,3 BHK,,1306,3.0,0.0,83.31
Carpet  Area,22-Jan,Sarjapur Road,2 BHK,,1062,1.0,2.0,68.22
Built-up  Area,22-Jan,Hosa Road,4 BHK,,2503,4.0,3.0,142.09
Built-up  Area,Ready To Move,HBR Layout,2 BHK,,1241 - 1341,2.0,1.0,70.11
Carpet  Area,22-Jan,Horamavu Agara,3 BHK,Society_87,1741,2.0,2.0,133.4
Super built-up  Area,19-Dec,Basavanagudi,2 BHK,Society_23,1170 - 1270,2.0,2.0,131.96
Built-up  Area,22-Jan,Basaveshwara Nagar,3 BHK,,1283,2.0,2.0,76.05
Super built-up  Area,22-Jan,Jigani,3 BHK,,1547,4.0,2.0,98.61
Super built-up  Area,Ready To Move,Nagarbhavi,3 BHK,,1703,4.0,3.0,93.7
Super built-up  Area,19-Dec,Kumaraswamy Layout,3 BHK,,1679,2.0,1.0,93.55
Plot  Area,Ready To Move,Koramangala,4 BHK,,2451,5.0,1.0,411.27
Super built-up  Area,19-Dec,Basaveshwara Nagar,3 BHK,,1389,2.0,0.0,77.61
Built-up  Area,Ready To Move,Akshaya Nagar,3 BHK,,1606,2.0,1.0,102.52
Super built-up  Area,Ready To Move,Gottigere,3 BHK,,1740,4.0,1.0,92.34
Super built-up  Area,Ready To Move,Bommanahalli,3 BHK,,1491,3.0,2.0,94.77
Super built-up  Area,Ready To Move,JP Nagar,3 BHK,,1260,3.0,1.0,98.84
Carpet  Area,22-Jan,Cox Town,3 BHK,Society_174,1730,3.0,1.0,137.02
Plot  Area,22-Jan,Kudlu Gate,2 BHK,,1174,2.0,2.0,88.46
Carpet  Area,Ready To Move,Laggere,2 BHK,,923,2.0,1.0,64.98
Super built-up  Area,19-Dec,Begur Road,2 BHK,Society_144,856,1.0,1.0,64.15
Built-up  Area,19-Dec,Rajaji Nagar,3 BHK,Society_114,1607,2.0,1.0,193.04
Built-up  Area,19-Dec,Kalyan Nagar,5 BHK,Society_117,3389,4.0,2.0,215.6
Built-up  Area,Ready To Move,Budigere Cross,3 BHK,,1715,3.0,1.0,130.42
Super built-up  Area,Ready To Move,Jalahalli,4 BHK,,2115,3.0,0.0,128.91
Super built-up  Area,Ready To Move,Attibele,3 BHK,,1631,4.0,2.0,75.27
Super built-up  Area,19-Dec,Chikkaballapur Road,4 BHK,,2290,4.0,1.0,150.65
Built-up  Area,19-Dec,New BEL Road,3 BHK,,1483,2.0,1.0,95.47
Plot  Area,Ready To Move,Sarjapur Road,3 BHK,Society_147,1694,2.0,0.0,85.39
Super built-up  Area,Ready To Move,Kasturi Nagar,3 BHK,,1536,3.0,0.0,78.14
Built-up  Area,Ready To Move,HRBR Layout,2 BHK,,899,2.0,2.0,49.69
Built-up  Area,Ready To Move,Jigani,4 BHK,,2069 - 2169,3.0,1.0,165.3
Super built-up  Area,Ready To Move,Ejipura,3 BHK,Society_47,1339,3.0,0.0,127.3
Super built-up  Area,Ready To Move,KR Puram,2 BHK,,1119 - 1219,3.0,1.0,59.51
Super built-up  Area,Ready To Move,CV Raman Nagar,4 BHK,,2352,3.0,2.0,121.65
Super built-up  Area,22-Jan,Benson Town,2 BHK,Society_136,1195,2.0,2.0,84.28
Super built-up  Area,22-Jan,KR Puram,2 BHK,Society_107,1253,2.0,2.0,78.19
Super built-up  Area,22-Jan,Wilson Garden,4 BHK,Society_118,2123,3.0,2.0,246.87
Built-up  Area,Ready To Move,Ramamurthy Nagar,4 BHK,Society_139,2285,5.0,1.0,153.92
Super built-up  Area,22-Jan,Vijayanagar,1 BHK,,357 - 457,1.0,1.0,25.39
Super built-up  Area,Ready To Move,Fraser Town,3 BHK,Society_187,1768,4.0,3.0,86.85
Super built-up  Area,22-Jan,Vidyaranyapura,3 BHK,,1661,4.0,3.0,104.21
Built-up  Area,19-Dec,Anekal,4 BHK,Society_181,2418,4.0,3.0,110.6
Built-up  Area,Ready To Move,Hebbal,3 BHK,,1469,4.0,1.0,120.37
Super built-up  Area,19-Dec,Lavelle Road,3 BHK,,1785,4.0,2.0,328.0
Built-up  Area,Ready To Move,Electronic City,4 BHK,,2553,4.0,1.0,122.64
Built-up  Area,Ready To Move,Whitefield,3 BHK,,1321,3.0,1.0,81.87
Plot  Area,Ready To Move,Mahadevapura,3 BHK,Society_115,1427 - 1527,2.0,0.0,93.66
Carpet  Area,Ready To Move,Wilson Garden,2 BHK,,929,2.0,2.0,109.0
Plot  Area,Ready To Move,Kogilu,3 BHK,,1665 - 1765,3.0,2.0,107.01
Built-up  Area,19-Dec,Kudlu Gate,1 BHK,,908,1.0,0.0,64.15
Plot  Area,Ready To Move,Magadi Road,2 BHK,Society_24,922,3.0,2.0,64.49
Super built-up  Area,Ready To Move,Vasanth Nagar,3 BHK,,1367,3.0,1.0,218.72
Carpet  Area,22-Jan,Ramamurthy Nagar,2 BHK,Society_174,827,2.0,0.0,53.99
Carpet  Area,Ready To Move,Electronic City,4 BHK,Society_104,2550,5.0,1.0,99.49
Built-up  Area,Ready To Move,Bannerghatta Road,2 BHK,,850,2.0,0.0,67.46
Built-up  Area,Ready To Move,Wilson Garden,3 BHK,Society_31,1728,3.0,0.0,151.18
Plot  Area,Ready To Move,Chamrajpet,1 BHK,,411,1.0,1.0,23.85
Super built-up  Area,Ready To Move,Bommanahalli,2 BHK,,990,3.0,1.0,59.31
Plot  Area,22-Jan,Brigade Road,2 BHK,,876,1.0,2.0,149.66
Plot  Area,Ready To Move,Fraser Town,2 BHK,Society_7,888,2.0,2.0,76.15
Built-up  Area,Ready To Move,Marathahalli,4 BHK,Society_22,2144,5.0,1.0,141.94
Built-up  Area,19-Dec,Kumaraswamy Layout,3 BHK,,1535 - 1635,3.0,0.0,114.83
Built-up  Area,Ready To Move,Cox Town,2 BHK,,1164,3.0,0.0,72.18
Built-up  Area,Ready To Move,Laggere,3 BHK,,1676,3.0,1.0,87.41
Built-up  Area,Ready To Move,Old Madras Road,3 BHK,Society_70,1499,3.0,2.0,103.6
Plot  Area,22-Jan,HBR Layout,3 BHK,,1357,3.0,2.0,89.78
Super built-up  Area,Ready To Move,Ulsoor,4 BHK,,2236,4.0,2.0,270.88
Super built-up  Area,Ready To Move,Koramangala,3 BHK,Society_194,1259,4.0,0.0,168.74
Built-up  Area,19-Dec,BTM Layout,2 BHK,,1263,3.0,2.0,74.5
Built-up  Area,Ready To Move,Budigere Cross,2 BHK,,1102,2.0,2.0,62.09
Carpet  Area,22-Jan,Thanisandra Main Road,4 BHK,Society_92,2486 - 2586,4.0,1.0,191.43
Super built-up  Area,22-Jan,Basavanagudi,3 BHK,Society_75,1519,3.0,1.0,105.62
Built-up  Area,19-Dec,Indira Nagar,2 BHK,Society_24,932,3.0,1.0,151.22
Built-up  Area,Ready To Move,Hoodi,3 BHK,,1728,2.0,2.0,97.9
Built-up  Area,Ready To Move,Cox Town,2 BHK,,871,2.0,0.0,64.21
Built-up  Area,19-Dec,Kasturi Nagar,5 BHK,Society_27,3513,5.0,0.0,234.57
Plot  Area,Ready To Move,Nayandahalli,3 BHK,,1456,3.0,2.0,75.0
Plot  Area,19-Dec,Sarjapur Road,3 BHK,Society_121,1670 - 1770,3.0,1.0,134.0
Super built-up  Area,Ready To Move,Koramangala,3 BHK,Society_73,1434,3.0,3.0,165.35
Super built-up  Area,22-Jan,Bellandur,2 BHK,Society_5,1249,2.0,2.0,99.99
Carpet  Area,Ready To Move,Varthur,3 BHK,,1401,3.0,1.0,80.84
Carpet  Area,Ready To Move,Banaswadi,3 BHK,Society_119,1662,3.0,1.0,96.98
Carpet  Area,22-Jan,HRBR Layout,2 BHK,,1130 - 1230,3.0,2.0,69.14
Super built-up  Area,19-Dec,Uttarahalli,4 BHK,,2440,4.0,1.0,158.93
Built-up  Area,Ready To Move,Hoodi,2 BHK,,1241,2.0,1.0,65.6
Built-up  Area,Ready To Move,Budigere Cross,3 BHK,Society_189,1409 - 1509,4.0,1.0,87.62
Super built-up  Area,Ready To Move,Bannerghatta Road,4 BHK,,2348,4.0,2.0,139.1
Super built-up  Area,Ready To Move,Cunningham Road,4 BHK,Society_58,2158,4.0,1.0,344.67
Super built-up  Area,Ready To Move,Cunningham Road,3 BHK,,1322 - 1422,3.0,2.0,230.8
Super built-up  Area,Ready To Move,Electronic City,3 BHK,,1423,3.0,1.0,66.88
Super built-up  Area,Ready To Move,Laggere,2 BHK,,1337,2.0,1.0,76.82
Carpet  Area,Ready To Move,Gottigere,2 BHK,,906,2.0,2.0,54.54
Super built-up  Area,Ready To Move,Old Airport Road,2 BHK,,1075,3.0,1.0,115.75
Carpet  Area,Ready To Move,Richmond Town,2 BHK,,1286,2.0,1.0,174.93
Built-up  Area,22-Jan,Kasturi Nagar,2 BHK,,1338,1.0,2.0,95.52
Built-up  Area,Ready To Move,Benson Town,3 BHK,,1648 - 1748,2.0,3.0,82.63
Built-up  Area,Ready To Move,Basaveshwara Nagar,2 BHK,,1260,2.0,0.0,80.59
Plot  Area,Ready To Move,Akshaya Nagar,2 BHK,Society_130,1102,1.0,1.0,53.59
Super built-up  Area,Ready To Move,RT Nagar,2 BHK,,1287,1.0,1.0,67.32
Super built-up  Area,Ready To Move,Rachenahalli,2 BHK,,939,1.0,2.0,59.79
Built-up  Area,19-Dec,Old Madras Road,2 BHK,,1229,2.0,2.0,100.96
Super built-up  Area,22-Jan,Uttarahalli,4 BHK,,2288,5.0,3.0,115.63
Super built-up  Area,Ready To Move,Padmanabhanagar,3 BHK,,1420,3.0,1.0,77.68
Plot  Area,22-Jan,Hoodi,3 BHK,,1526,3.0,3.0,113.96
Built-up  Area,Ready To Move,Vasanth Nagar,3 BHK,Society_48,1729,3.0,1.0,226.45
Plot  Area,19-Dec,Anekal,3 BHK,,1603,2.0,3.0,64.34
Super built-up  Area,Ready To Move,Cunningham Road,3 BHK,,1780,4.0,2.0,361.48
Super built-up  Area,Ready To Move,Kadugodi,2 BHK,Society_107,1113,3.0,2.0,87.62
Super built-up  Area,Ready To Move,Benson Town,4 BHK,,2417,5.0,1.0,116.5
Super built-up  Area,19-Dec,Kasturi Nagar,2 BHK,,902,1.0,0.0,45.43
Super built-up  Area,22-Jan,Jigani,4 BHK,Society_77,2322 - 2422,4.0,1.0,104.44
Super built-up  Area,Ready To Move,Girinagar,3 BHK,Society_116,1634,3.0,1.0,95.53
Super built-up  Area,Ready To Move,Chamrajpet,4 BHK,Society_65,2050,3.0,2.0,109.79
Built-up  Area,22-Jan,Banaswadi,5 BHK,,3650,5.0,2.0,262.32
Super built-up  Area,Ready To Move,Rachenahalli,2 BHK,,1026,2.0,2.0,65.05
Super built-up  Area,Ready To Move,HSR Layout,3 BHK,Society_148,1693,4.0,2.0,134.89
Built-up  Area,Ready To Move,Padmanabhanagar,3 BHK,Society_4,1589,3.0,1.0,85.61
Super built-up  Area,19-Dec,Bagalur,3 BHK,,1452,3.0,0.0,93.05
Built-up  Area,Ready To Move,Yeshwanthpur,2 BHK,Society_20,1286 - 1386,2.0,1.0,74.0
Plot  Area,Ready To Move,Kalyan Nagar,3 BHK,Society_74,1422 - 1522,3.0,1.0,100.52
Carpet  Area,19-Dec,Ulsoor,3 BHK,,1623,3.0,0.0,145.86
Super built-up  Area,Ready To Move,Basaveshwara Nagar,3 BHK,Society_46,1591,3.0,2.0,97.04
Super built-up  Area,22-Jan,Uttarahalli,2 BHK,Society_94,985,2.0,1.0,59.36
Carpet  Area,Ready To Move,Jalahalli,3 BHK,,1224 - 1324,3.0,1.0,65.51
Super built-up  Area,Ready To Move,Adugodi,4 BHK,Society_12,2338,3.0,2.0,137.55
Plot  Area,Ready To Move,Jalahalli,3 BHK,,1610,3.0,1.0,135.04
Built-up  Area,19-Dec,Domlur,2 BHK,,1038 - 1138,1.0,2.0,112.87
Plot  Area,22-Jan,Ejipura,2 BHK,Society_188,1184,3.0,2.0,125.3
Super built-up  Area,Ready To Move,Banaswadi,3 BHK,,1562,3.0,0.0,90.62
Plot  Area,19-Dec,Devanahalli,3 BHK,Society_88,1409,3.0,2.0,99.66
Plot  Area,Ready To Move,Cox Town,3 BHK,Society_100,1711 - 1811,4.0,1.0,127.59
Super built-up  Area,Ready To Move,MG Road,4 BHK,Society_183,2479,4.0,3.0,416.9
Carpet  Area,19-Dec,Yelahanka,4 BHK,Society_149,2111,5.0,1.0,121.62
Super built-up  Area,Ready To Move,Malleshwaram,2 BHK,,1263,2.0,2.0,160.67
Super built-up  Area,22-Jan,Jayanagar,3 BHK,,1500 - 1600,3.0,1.0,197.55
Super built-up  Area,Ready To Move,Vijayanagar,2 BHK,,1170 - 1270,2.0,0.0,91.73
Built-up  Area,Ready To Move,Indira Nagar,3 BHK,Society_42,1364,2.0,0.0,246.54
Built-up  Area,19-Dec,Hormavu,3 BHK,,1702,3.0,3.0,110.81
Super built-up  Area,Ready To Move,Jayanagar,5 BHK,Society_132,3694,4.0,0.0,467.56
Built-up  Area,19-Dec,Yelahanka,2 BHK,,1290,3.0,2.0,96.15
Built-up  Area,19-Dec,Koramangala,2 BHK,Society_192,1201,2.0,1.0,194.15
Super built-up  Area,19-Dec,Rajarajeshwari Nagara,2 BHK,,1168,3.0,1.0,57.94
Plot  Area,22-Jan,Uttarahalli,2 BHK,,1093,2.0,2.0,87.88
Carpet  Area,Ready To Move,Sadashiva Nagar,4 BHK,Society_58,2476,5.0,2.0,364.06
Built-up  Area,Ready To Move,Bommasandra,2 BHK,,1169,2.0,2.0,95.08
Super built-up  Area,Ready To Move,Kanakapura Road,4 BHK,,2151,4.0,2.0,153.52
Super built-up  Area,Ready To Move,Cunningham Road,4 BHK,Society_61,2509,4.0,3.0,431.53
Super built-up  Area,Ready To Move,Bommanahalli,4 BHK,,2345,4.0,2.0,141.81
Super built-up  Area,Ready To Move,Cox Town,3 BHK,,1531,4.0,1.0,96.02
Carpet  Area,22-Jan,Domlur,1 BHK,,656,1.0,0.0,71.65
Super built-up  Area,Ready To Move,HRBR Layout,2 BHK,,1124,2.0,2.0,69.59
Built-up  Area,Ready To Move,HRBR Layout,3 BHK,,1594,3.0,3.0,82.66
Super built-up  Area,Ready To Move,Ramamurthy Nagar,4 BHK,,2347 - 2447,3.0,1.0,142.04
Super built-up  Area,22-Jan,Adugodi,1 BHK,,666,1.0,1.0,34.36
Super built-up  Area,19-Dec,RT Nagar,3 BHK,Society_198,1674,2.0,0.0,90.9
Super built-up  Area,Ready To Move,Adugodi,4 BHK,,2206,5.0,2.0,102.14
Super built-up  Area,19-Dec,Kadugodi,2 BHK,Society_122,899,3.0,2.0,58.17
Built-up  Area,Ready To Move,Magadi Road,3 BHK,,1772,3.0,3.0,82.25
Super built-up  Area,Ready To Move,Narayanapura,2 BHK,,947,2.0,2.0,67.83
Plot  Area,22-Jan,Sarjapur Road,2 BHK,,978,2.0,2.0,61.81
Super built-up  Area,Ready To Move,Banaswadi,2 BHK,,1113,3.0,2.0,74.11
Built-up  Area,19-Dec,KR Puram,2 BHK,,974 - 1074,3.0,1.0,52.28
Built-up  Area,22-Jan,Bellandur,3 BHK,,1720,2.0,2.0,118.0
Carpet  Area,Ready To Move,Haralur Road,1 BHK,Society_5,716,1.0,1.0,43.91
Built-up  Area,22-Jan,Ramamurthy Nagar,5 BHK,Society_176,3450,5.0,2.0,228.18
Built-up  Area,Ready To Move,Thanisandra,3 BHK,,1400,3.0,3.0,75.96
Super built-up  Area,Ready To Move,Electronic City,4 BHK,Society_188,2087,5.0,2.0,118.49
Plot  Area,19-Dec,New BEL Road,4 BHK,,2232,3.0,0.0,147.45
Carpet  Area,Ready To Move,Brigade Road,1 BHK,,910,1.0,1.0,171.14
Super built-up  Area,Ready To Move,Bagalur,3 BHK,Society_175,1243 - 1343,3.0,0.0,64.02
Carpet  Area,Ready To Move,Domlur,2 BHK,Society_25,1137,2.0,1.0,135.75
Built-up  Area,Ready To Move,Yeshwanthpur,5 BHK,,3432,5.0,0.0,197.49
Carpet  Area,22-Jan,Hosa Road,2 BHK,Society_96,802,2.0,1.0,27.54
Carpet  Area,Ready To Move,Nayandahalli,3 BHK,,1676,3.0,2.0,86.38
Super built-up  Area,Ready To Move,Nayandahalli,5 BHK,Society_137,3362,5.0,0.0,236.8
Carpet  Area,22-Jan,Hebbal,2 BHK,Society_124,1286,1.0,1.0,123.25
Carpet  Area,22-Jan,Mahadevapura,3 BHK,,1320,3.0,3.0,84.76
Super built-up  Area,Ready To Move,Varthur,4 BHK,Society_57,2503,3.0,2.0,125.49
Built-up  Area,19-Dec,Kalyan Nagar,4 BHK,,2589,4.0,1.0,125.16
Super built-up  Area,Ready To Move,Kumaraswamy Layout,4 BHK,,2302,4.0,2.0,108.7
Built-up  Area,Ready To Move,Attibele,3 BHK,,1486,4.0,2.0,65.71
Built-up  Area,Ready To Move,Devanahalli,2 BHK,Society_144,1256,1.0,2.0,70.55
Super built-up  Area,19-Dec,Bagalur,4 BHK,Society_186,2163,4.0,3.0,143.36
Carpet  Area,Ready To Move,Devanahalli,1 BHK,Society_105,542,2.0,1.0,19.91
Super built-up  Area,Ready To Move,Vidyaranyapura,4 BHK,,2374,4.0,2.0,143.71
Super built-up  Area,Ready To Move,Benson Town,4 BHK,,2069,3.0,2.0,125.63
Plot  Area,Ready To Move,Uttarahalli,4 BHK,Society_83,2062,3.0,0.0,137.95
Super built-up  Area,Ready To Move,Whitefield,1 BHK,,458 - 558,1.0,1.0,31.74
Super built-up  Area,Ready To Move,Laggere,3 BHK,,1534,3.0,1.0,87.56
Super built-up  Area,Ready To Move,Cox Town,5 BHK,Society_157,3462,5.0,3.0,160.37
Super built-up  Area,22-Jan,Lavelle Road,2 BHK,Society_138,937,2.0,1.0,203.97
Super built-up  Area,19-Dec,Chikkaballapur Road,4 BHK,,2122,3.0,1.0,149.34
Built-up  Area,Ready To Move,Yelahanka,3 BHK,,1442 - 1542,3.0,1.0,80.27
Super built-up  Area,Ready To Move,Banaswadi,2 BHK,Society_185,885,1.0,2.0,56.27
Super built-up  Area,Ready To Move,Jigani,4 BHK,Society_46,2252,4.0,3.0,154.47
Built-up  Area,22-Jan,Hennur Road,3 BHK,,1597,3.0,2.0,96.16
Super built-up  Area,Ready To Move,Mysore Road,4 BHK,,2053,5.0,0.0,158.65
Built-up  Area,Ready To Move,BTM Layout,2 BHK,,1115,3.0,2.0,92.01
Super built-up  Area,Ready To Move,Rajarajeshwari Nagara,2 BHK,,796 - 896,1.0,1.0,46.76
Super built-up  Area,22-Jan,Fraser Town,3 BHK,,1363 - 1463,3.0,2.0,88.86
Built-up  Area,Ready To Move,Chamrajpet,3 BHK,,1380 - 1480,3.0,3.0,81.87
Super built-up  Area,22-Jan,Thanisandra Main Road,2 BHK,,1204,2.0,1.0,79.59
Super built-up  Area,Ready To Move,Kengeri,3 BHK,,1710,3.0,1.0,123.26
Built-up  Area,Ready To Move,Hennur Road,2 BHK,,827,3.0,1.0,50.62
Super built-up  Area,22-Jan,Hulimavu,2 BHK,,966,2.0,2.0,59.15
Super built-up  Area,Ready To Move,Mahadevapura,4 BHK,,2059,3.0,1.0,133.07
Super built-up  Area,Ready To Move,Yeshwanthpur,3 BHK,,1271,3.0,1.0,95.61
Built-up  Area,Ready To Move,Nayandahalli,4 BHK,,2520 - 2620,4.0,1.0,139.57
Carpet  Area,22-Jan,Marathahalli,4 BHK,,2373,5.0,2.0,180.81
Super built-up  Area,19-Dec,Gottigere,4 BHK,Society_155,2402,3.0,2.0,141.84
Super built-up  Area,Ready To Move,RT Nagar,3 BHK,,1645 - 1745,3.0,3.0,89.88
Built-up  Area,Ready To Move,Sadashiva Nagar,4 BHK,Society_66,2137,4.0,3.0,363.5
Built-up  Area,19-Dec,Fraser Town,4 BHK,Society_198,2130,4.0,2.0,169.78
Built-up  Area,22-Jan,Hebbal,3 BHK,,1319,3.0,0.0,85.38
Built-up  Area,Ready To Move,Kumaraswamy Layout,4 BHK,Society_119,2219,5.0,1.0,141.68
Super built-up  Area,Ready To Move,BTM Layout,2 BHK,,1012,2.0,2.0,102.6
Built-up  Area,Ready To Move,Brigade Road,1 BHK,,650,1.0,1.0,117.55
Built-up  Area,Ready To Move,Kadugodi,2 BHK,,1276,2.0,1.0,81.72
Built-up  Area,Ready To Move,Benson Town,4 BHK,,2165,4.0,2.0,114.17
Built-up  Area,Ready To Move,Kanakapura Road,4 BHK,,2194,4.0,0.0,123.41
Super built-up  Area,Ready To Move,Brigade Road,3 BHK,Society_86,1568,3.0,1.0,213.41
Super built-up  Area,Ready To Move,Kasturi Nagar,3 BHK,,1332,3.0,2.0,46.48
Built-up  Area,Ready To Move,Budigere Cross,2 BHK,Society_152,1263,2.0,1.0,56.9
Built-up  Area,Ready To Move,Electronic City,3 BHK,Society_178,1336,4.0,3.0,51.51
Super built-up  Area,19-Dec,Magadi Road,3 BHK,Society_108,1621,2.0,0.0,101.98
Super built-up  Area,19-Dec,Malleshwaram,2 BHK,,1220,2.0,2.0,146.53
Super built-up  Area,22-Jan,Kumaraswamy Layout,5 BHK,Society_51,3402 - 3502,4.0,3.0,189.98
Plot  Area,Ready To Move,Kudlu Gate,2 BHK,,885,2.0,1.0,63.56
Super built-up  Area,Ready To Move,Electronic City,2 BHK,,1210 - 1310,2.0,0.0,72.21
Super built-up  Area,Ready To Move,JP Nagar,2 BHK,Society_5,1250,2.0,0.0,101.99
Carpet  Area,19-Dec,Malleshwaram,1 BHK,,868,2.0,0.0,123.76
Super built-up  Area,Ready To Move,Hulimavu,3 BHK,,1690,4.0,3.0,106.56
Built-up  Area,22-Jan,Chamrajpet,2 BHK,,1277,2.0,1.0,76.38
Super built-up  Area,Ready To Move,Haralur Road,4 BHK,,2517 - 2617,4.0,2.0,146.76
Built-up  Area,Ready To Move,Bagalur,2 BHK,,1025,2.0,2.0,69.66
Super built-up  Area,Ready To Move,Bannerghatta Road,3 BHK,Society_127,1348 - 1448,3.0,1.0,88.84
Built-up  Area,Ready To Move,Hosa Road,4 BHK,,2328,5.0,2.0,166.28
Super built-up  Area,Ready To Move,Jalahalli,5 BHK,Society_162,3525 - 3625,5.0,3.0,232.3
Plot  Area,Ready To Move,Mysore Road,4 BHK,,2205,3.0,2.0,176.58
Built-up  Area,Ready To Move,Ramamurthy Nagar,3 BHK,Society_156,1645,2.0,3.0,117.74
Super built-up  Area,Ready To Move,Begur Road,3 BHK,,1356,4.0,0.0,93.96
Super built-up  Area,19-Dec,Mysore Road,4 BHK,Society_164,2356 - 2456,4.0,3.0,129.34
Built-up  Area,Ready To Move,Indira Nagar,2 BHK,Society_125,1319,1.0,2.0,253.36
Super built-up  Area,Ready To Move,Thanisandra Main Road,3 BHK,Society_91,1752,4.0,3.0,72.66
Super built-up  Area,Ready To Move,Vasanth Nagar,2 BHK,,807,2.0,0.0,64.79
Built-up  Area,Ready To Move,BTM Layout,1 BHK,Society_26,780 - 880,1.0,0.0,56.13
Super built-up  Area,19-Dec,Old Airport Road,2 BHK,Society_158,1146,2.0,1.0,117.81
Super built-up  Area,Ready To Move,Chandapura,2 BHK,,1200,2.0,2.0,57.14
Super built-up  Area,Ready To Move,Jalahalli,2 BHK,Society_78,1270,2.0,0.0,85.36
Carpet  Area,Ready To Move,Basaveshwara Nagar,1 BHK,Society_77,922,1.0,1.0,56.31
Super built-up  Area,19-Dec,Horamavu Agara,3 BHK,,1680,3.0,3.0,88.03
Super built-up  Area,22-Jan,Bellandur,3 BHK,,1342,4.0,3.0,87.88
Super built-up  Area,Ready To Move,Kumaraswamy Layout,4 BHK,Society_54,2040 - 2140,5.0,3.0,135.93
Built-up  Area,22-Jan,Banaswadi,3 BHK,Society_34,1371,4.0,0.0,94.22
Built-up  Area,22-Jan,Bommasandra,4 BHK,,2293,4.0,2.0,129.56
Carpet  Area,19-Dec,Chamrajpet,4 BHK,Society_171,2337,4.0,2.0,161.28
Built-up  Area,Ready To Move,Horamavu Agara,3 BHK,Society_80,1295,2.0,1.0,67.96
Built-up  Area,Ready To Move,New BEL Road,3 BHK,,1544,4.0,3.0,113.39
Super built-up  Area,19-Dec,CV Raman Nagar,3 BHK,,1651,3.0,2.0,117.16
Plot  Area,19-Dec,Gottigere,4 BHK,Society_165,2202,4.0,2.0,150.6
Carpet  Area,Ready To Move,Varthur,3 BHK,Society_76,1695,3.0,1.0,114.38
Built-up  Area,19-Dec,Hosa Road,3 BHK,,1470,4.0,3.0,64.63
Super built-up  Area,22-Jan,Hennur Road,2 BHK,,954 - 1054,2.0,1.0,61.98
Super built-up  Area,22-Jan,Bommasandra,3 BHK,,1752,3.0,1.0,101.78
Super built-up  Area,22-Jan,KR Puram,3 BHK,,1787,3.0,1.0,108.4
Plot  Area,Ready To Move,Jalahalli,3 BHK,Society_141,1611,2.0,1.0,79.8
Super built-up  Area,19-Dec,CV Raman Nagar,2 BHK,,1149,2.0,0.0,78.36
Super built-up  Area,Ready To Move,Vidyaranyapura,4 BHK,,2145,4.0,0.0,136.67
Plot  Area,Ready To Move,Laggere,2 BHK,,1014,2.0,1.0,65.52
Super built-up  Area,Ready To Move,Kogilu,2 BHK,Society_191,1125 - 1225,3.0,2.0,67.22
Super built-up  Area,19-Dec,Kudlu Gate,2 BHK,Society_97,1255,2.0,2.0,76.64
Plot  Area,22-Jan,Jayanagar,3 BHK,Society_59,1744,2.0,1.0,262.08
Plot  Area,19-Dec,JP Nagar,3 BHK,Society_16,1629,2.0,1.0,177.73
Super built-up  Area,22-Jan,Laggere,3 BHK,Society_195,1418,2.0,1.0,78.47
Carpet  Area,Ready To Move,MG Road,1 BHK,Society_170,905,2.0,1.0,193.9
Plot  Area,22-Jan,Domlur,5 BHK,,3742,5.0,1.0,427.53
Built-up  Area,22-Jan,Kadugodi,3 BHK,,1666,3.0,1.0,82.75
Super built-up  Area,Ready To Move,Padmanabhanagar,5 BHK,,3484,5.0,3.0,244.95
Super built-up  Area,22-Jan,Nagarbhavi,3 BHK,Society_20,1523,4.0,2.0,97.68
Built-up  Area,19-Dec,Jakkur,3 BHK,,1443,4.0,2.0,73.8
Super built-up  Area,19-Dec,Anekal,2 BHK,Society_136,976,1.0,2.0,35.49
Super built-up  Area,22-Jan,Sarjapur Road,3 BHK,,1639,2.0,2.0,85.79
Super built-up  Area,Ready To Move,Richmond Town,2 BHK,Society_137,1149 - 1249,2.0,1.0,177.22
Super built-up  Area,19-Dec,Devanahalli,3 BHK,,1554,4.0,3.0,67.38
Plot  Area,Ready To Move,Devanahalli,1 BHK,,887,1.0,1.0,46.83
Plot  Area,Ready To Move,Kasturi Nagar,3 BHK,,1468,3.0,2.0,126.07
Carpet  Area,Ready To Move,MG Road,4 BHK,,2581,4.0,3.0,617.54
Super built-up  Area,Ready To Move,Richmond Town,3 BHK,,1685,3.0,1.0,269.29
Super built-up  Area,Ready To Move,Hebbal,4 BHK,,2184,3.0,3.0,233.03
Super built-up  Area,Ready To Move,BTM Layout,2 BHK,,1240,1.0,2.0,99.78
Super built-up  Area,Ready To Move,Domlur,5 BHK,Society_48,3372,4.0,1.0,366.18
Built-up  Area,Ready To Move,Peenya,4 BHK,Society_120,2593,5.0,2.0,167.78
Built-up  Area,22-Jan,Peenya,3 BHK,,1399,3.0,3.0,105.29
Super built-up  Area,Ready To Move,Dasarahalli,3 BHK,,1656,3.0,2.0,101.19
Super built-up  Area,Ready To Move,Indira Nagar,3 BHK,Society_63,1503,2.0,2.0,178.03
Super built-up  Area,Ready To Move,Laggere,3 BHK,,1780,3.0,0.0,89.34
Carpet  Area,Ready To Move,Varthur,2 BHK,,1293,2.0,0.0,65.98
Super built-up  Area,19-Dec,Electronic City,4 BHK,Society_145,2523,5.0,3.0,141.84
Plot  Area,Ready To Move,Marathahalli,2 BHK,,1344,1.0,2.0,116.29
Super built-up  Area,Ready To Move,Adugodi,3 BHK,Society_44,1582,3.0,2.0,99.28
Carpet  Area,Ready To Move,Bommasandra,5 BHK,,3770,5.0,2.0,275.1
Plot  Area,Ready To Move,Banashankari,3 BHK,,1589,4.0,3.0,106.38
Super built-up  Area,19-Dec,Rachenahalli,3 BHK,,1653,3.0,1.0,112.05
Built-up  Area,Ready To Move,Richmond Town,3 BHK,Society_4,1686,3.0,1.0,202.65
Built-up  Area,Ready To Move,Peenya,5 BHK,Society_185,3371,5.0,3.0,210.66
Super built-up  Area,Ready To Move,Lingarajapuram,3 BHK,,1499 - 1599,3.0,3.0,77.67
Built-up  Area,Ready To Move,Indira Nagar,3 BHK,,1283,4.0,2.0,230.99
Built-up  Area,Ready To Move,Bommanahalli,1 BHK,Society_161,365 - 465,1.0,1.0,23.61
Plot  Area,19-Dec,Wilson Garden,2 BHK,Society_56,915,3.0,0.0,104.98
Super built-up  Area,19-Dec,JP Nagar,3 BHK,,1496,3.0,2.0,115.75
Built-up  Area,22-Jan,Haralur Road,2 BHK,Society_175,924,1.0,1.0,60.68
Super built-up  Area,22-Jan,Gottigere,2 BHK,,867,2.0,2.0,52.57
Super built-up  Area,Ready To Move,Electronic City,4 BHK,,2107,5.0,1.0,101.19
Built-up  Area,Ready To Move,Bommasandra,2 BHK,,865,2.0,0.0,46.07
Super built-up  Area,19-Dec,Magadi Road,2 BHK,Society_33,1134,1.0,2.0,61.36
Built-up  Area,Ready To Move,Uttarahalli,3 BHK,,1607,4.0,1.0,88.76
Built-up  Area,19-Dec,Fraser Town,2 BHK,,1149,3.0,2.0,65.7
Plot  Area,Ready To Move,Cunningham Road,2 BHK,,1081,3.0,2.0,161.01
Built-up  Area,Ready To Move,Chamrajpet,5 BHK,,3789 - 3889,6.0,2.0,278.33
Super built-up  Area,Ready To Move,Kumaraswamy Layout,1 BHK,Society_62,641,1.0,1.0,38.63
Super built-up  Area,Ready To Move,Kengeri,2 BHK,,1315,3.0,1.0,93.87
Super built-up  Area,Ready To Move,Girinagar,4 BHK,Society_26,2225 - 2325,3.0,1.0,173.7
Super built-up  Area,Ready To Move,Ejipura,2 BHK,,1225,2.0,1.0,84.91
Plot  Area,Ready To Move,Malleshwaram,2 BHK,,1152,2.0,2.0,164.84
Super built-up  Area,Ready To Move,Hormavu,2 BHK,,802 - 902,1.0,2.0,54.48
Built-up  Area,Ready To Move,Hoodi,5 BHK,,3882,6.0,1.0,226.44
Super built-up  Area,Ready To Move,Lavelle Road,2 BHK,Society_196,938,2.0,2.0,163.44
Built-up  Area,Ready To Move,Indira Nagar,2 BHK,,994 - 1094,3.0,1.0,149.93
Super built-up  Area,Ready To Move,HRBR Layout,5 BHK,Society_131,3546 - 3646,4.0,0.0,223.74
Plot  Area,19-Dec,Attibele,5 BHK,,3788,5.0,1.0,220.65
Plot  Area,Ready To Move,Padmanabhanagar,4 BHK,,2139,3.0,2.0,137.33
Built-up  Area,22-Jan,Kalyan Nagar,3 BHK,,1429,4.0,1.0,82.1
Plot  Area,22-Jan,Kanakapura Road,4 BHK,,2164,5.0,2.0,105.64
Super built-up  Area,Ready To Move,Bellandur,1 BHK,,443 - 543,1.0,0.0,41.48
Super built-up  Area,Ready To Move,RT Nagar,1 BHK,,677,2.0,0.0,45.47
Super built-up  Area,Ready To Move,MG Road,2 BHK,,1165,3.0,2.0,170.36
Super built-up  Area,19-Dec,Devanahalli,2 BHK,Society_75,830,2.0,2.0,32.46
Super built-up  Area,22-Jan,Vidyaranyapura,3 BHK,,1626,4.0,3.0,93.6
Super built-up  Area,19-Dec,Benson Town,2 BHK,,931,2.0,1.0,58.55
Carpet  Area,Ready To Move,Nagarbhavi,2 BHK,Society_19,1210,1.0,0.0,76.67
Built-up  Area,22-Jan,Hebbal,4 BHK,,2053,3.0,0.0,161.85
Plot  Area,19-Dec,Old Madras Road,2 BHK,,1278,1.0,0.0,63.05
Plot  Area,19-Dec,Ramamurthy Nagar,3 BHK,,1498,2.0,0.0,107.11
Super built-up  Area,Ready To Move,Attibele,5 BHK,Society_60,3607,6.0,2.0,167.06
Built-up  Area,19-Dec,Jigani,2 BHK,,900,2.0,2.0,39.5
Super built-up  Area,19-Dec,RT Nagar,3 BHK,Society_190,1296,3.0,2.0,90.19
Built-up  Area,22-Jan,Laggere,2 BHK,,1054,1.0,1.0,65.8
Super built-up  Area,22-Jan,Rajaji Nagar,2 BHK,,856,3.0,2.0,105.83
Built-up  Area,22-Jan,CV Raman Nagar,2 BHK,,964,3.0,2.0,67.13
Super built-up  Area,19-Dec,Narayanapura,1 BHK,,647,1.0,1.0,29.43
Plot  Area,Ready To Move,Yelahanka,2 BHK,,993,1.0,2.0,83.78
Built-up  Area,22-Jan,Domlur,4 BHK,,2113,3.0,0.0,153.49
Built-up  Area,Ready To Move,Arekere,3 BHK,,1681,3.0,2.0,121.48
Carpet  Area,Ready To Move,Domlur,2 BHK,,1334,2.0,2.0,202.1
Super built-up  Area,22-Jan,Banaswadi,3 BHK,Society_175,1792,3.0,3.0,102.04
Super built-up  Area,Ready To Move,Raja Rajeshwari Nagar,2 BHK,,1275 - 1375,1.0,0.0,57.22
Super built-up  Area,Ready To Move,Benson Town,3 BHK,,1472,2.0,2.0,81.14
Super built-up  Area,19-Dec,Fraser Town,2 BHK,,883 - 983,3.0,0.0,60.05
Super built-up  Area,Ready To Move,Ulsoor,5 BHK,Society_155,3693,4.0,0.0,392.25
Plot  Area,Ready To Move,Dasarahalli,2 BHK,,1276,3.0,1.0,86.05
Carpet  Area,19-Dec,Yeshwanthpur,2 BHK,,844,1.0,2.0,52.51
Plot  Area,Ready To Move,Banashankari,1 BHK,Society_8,414 - 514,1.0,1.0,39.17
Super built-up  Area,Ready To Move,Jigani,2 BHK,Society_66,1101 - 1201,2.0,1.0,57.06
Built-up  Area,22-Jan,RT Nagar,2 BHK,,1194,2.0,0.0,87.02
Carpet  Area,19-Dec,Kammanahalli,2 BHK,Society_190,923 - 1023,2.0,1.0,55.35
Carpet  Area,22-Jan,Uttarahalli,2 BHK,,872,2.0,1.0,44.01
Built-up  Area,Ready To Move,Gottigere,3 BHK,Society_35,1320,3.0,0.0,88.6
Built-up  Area,Ready To Move,Wilson Garden,3 BHK,,1309,3.0,3.0,109.91
Super built-up  Area,Ready To Move,Peenya,1 BHK,Society_86,543,1.0,1.0,32.53
Carpet  Area,22-Jan,Nagarbhavi,2 BHK,Society_136,914,2.0,0.0,64.25
Super built-up  Area,Ready To Move,Thanisandra Main Road,3 BHK,Society_94,1315,3.0,1.0,92.39
Carpet  Area,22-Jan,Laggere,4 BHK,,2433,5.0,0.0,127.52
Built-up  Area,Ready To Move,Koramangala,3 BHK,Society_68,1674,2.0,0.0,227.31
Carpet  Area,22-Jan,Basaveshwara Nagar,3 BHK,,1649,3.0,1.0,68.77
Built-up  Area,22-Jan,Bommasandra,1 BHK,,622,1.0,1.0,38.65
Carpet  Area,19-Dec,Kanakapura Road,3 BHK,Society_172,1511,3.0,0.0,71.72
Super built-up  Area,Ready To Move,Haralur Road,2 BHK,,1198,2.0,1.0,85.58
Super built-up  Area,Ready To Move,Kanakapura Road,3 BHK,,1706 - 1806,2.0,1.0,90.13
Super built-up  Area,Ready To Move,Gottigere,2 BHK,Society_155,1137,1.0,1.0,62.28
Built-up  Area,Ready To Move,Jalahalli,2 BHK,,1250 - 1350,3.0,1.0,72.72
Super built-up  Area,22-Jan,Brigade Road,4 BHK,,2064,4.0,2.0,329.14
Built-up  Area,Ready To Move,New BEL Road,1 BHK,,815,1.0,1.0,60.57
Super built-up  Area,Ready To Move,Nayandahalli,3 BHK,,1647,3.0,0.0,90.23
Built-up  Area,22-Jan,Kengeri,1 BHK,Society_23,655,1.0,1.0,42.73
Super built-up  Area,Ready To Move,Basaveshwara Nagar,3 BHK,Society_130,1525,3.0,2.0,72.46
Built-up  Area,Ready To Move,Bagalur,3 BHK,Society_187,1736,3.0,2.0,115.55
Plot  Area,Ready To Move,HSR Layout,4 BHK,,2177,4.0,1.0,318.3
Built-up  Area,22-Jan,Kogilu,2 BHK,Society_27,1264,2.0,1.0,57.68
Super built-up  Area,22-Jan,Yeshwanthpur,3 BHK,,1462,3.0,2.0,64.57
Built-up  Area,Ready To Move,Bommasandra,5 BHK,,3803,5.0,2.0,200.23
Built-up  Area,19-Dec,Old Airport Road,1 BHK,,415,1.0,1.0,43.0
Built-up  Area,Ready To Move,Old Madras Road,3 BHK,,1496,3.0,2.0,102.37
Carpet  Area,19-Dec,Old Airport Road,2 BHK,,881,2.0,1.0,86.59
Super built-up  Area,22-Jan,Budigere Cross,3 BHK,Society_100,1434,4.0,2.0,64.88
Built-up  Area,Ready To Move,Rachenahalli,3 BHK,Society_165,1787,3.0,2.0,97.82
Plot  Area,Ready To Move,Hulimavu,2 BHK,Society_187,1111,3.0,2.0,80.42
Super built-up  Area,Ready To Move,Sahakara Nagar,3 BHK,,1260 - 1360,2.0,0.0,87.24
Super built-up  Area,Ready To Move,HBR Layout,2 BHK,Society_169,1077 - 1177,2.0,1.0,76.14
Super built-up  Area,Ready To Move,Budigere Cross,4 BHK,Society_101,2270,5.0,2.0,101.25
Super built-up  Area,Ready To Move,Kudlu Gate,3 BHK,,1440,3.0,2.0,72.7
Built-up  Area,22-Jan,Mahadevapura,2 BHK,Society_41,1205,2.0,2.0,76.77
Built-up  Area,Ready To Move,Old Airport Road,2 BHK,Society_104,927,2.0,1.0,122.36
Super built-up  Area,Ready To Move,Wilson Garden,4 BHK,Society_132,2335,4.0,1.0,203.34
Built-up  Area,22-Jan,Devanahalli,3 BHK,Society_145,1728,4.0,2.0,67.37
Built-up  Area,22-Jan,Chandapura,2 BHK,Society_154,863 - 963,3.0,2.0,29.78
Built-up  Area,Ready To Move,Old Airport Road,4 BHK,Society_25,2433,4.0,1.0,247.79
Super built-up  Area,22-Jan,Rajaji Nagar,2 BHK,,912 - 1012,3.0,2.0,118.06
Super built-up  Area,22-Jan,Bagalur,2 BHK,,1319,2.0,1.0,82.2
Plot  Area,22-Jan,Benson Town,3 BHK,,1348,3.0,2.0,99.14
Super built-up  Area,19-Dec,Sarjapur Road,2 BHK,,1346,2.0,2.0,83.79
Super built-up  Area,Ready To Move,Jayanagar,2 BHK,Society_31,847 - 947,2.0,2.0,99.51
Plot  Area,Ready To Move,Hormavu,3 BHK,,1586,4.0,3.0,127.23
Super built-up  Area,22-Jan,Devanahalli,4 BHK,,2548,4.0,2.0,136.75
Super built-up  Area,Ready To Move,Rajaji Nagar,3 BHK,Society_139,1277,3.0,2.0,129.1
Super built-up  Area,22-Jan,Chamrajpet,4 BHK,Society_30,2323,4.0,3.0,97.75
Plot  Area,19-Dec,Basavanagudi,4 BHK,Society_27,2270,4.0,1.0,256.64
Built-up  Area,22-Jan,Sadashiva Nagar,3 BHK,Society_13,1595,2.0,2.0,262.94
Super built-up  Area,Ready To Move,Kalyan Nagar,3 BHK,,1642,3.0,1.0,117.63
Built-up  Area,Ready To Move,Bannerghatta Road,3 BHK,,1638,3.0,2.0,94.51
Carpet  Area,Ready To Move,Haralur Road,2 BHK,Society_191,1017,1.0,2.0,56.03
Super built-up  Area,Ready To Move,Jakkur,3 BHK,,1381,3.0,0.0,84.46
Super built-up  Area,22-Jan,Haralur Road,2 BHK,,1312,3.0,1.0,77.93
Super built-up  Area,22-Jan,Banaswadi,2 BHK,,1080 - 1180,3.0,1.0,46.88
Super built-up  Area,19-Dec,Anekal,4 BHK,Society_92,2374,3.0,1.0,105.65
Plot  Area,Ready To Move,Chamrajpet,4 BHK,Society_196,2579,4.0,1.0,167.33
Built-up  Area,Ready To Move,Horamavu Agara,3 BHK,Society_8,1443,3.0,2.0,98.97
Super built-up  Area,19-Dec,Hosa Road,3 BHK,,1662,2.0,0.0,125.6
Built-up  Area,Ready To Move,Yeshwanthpur,4 BHK,Society_157,2058,4.0,0.0,128.46
Super built-up  Area,22-Jan,Malleshwaram,3 BHK,,1674,3.0,1.0,222.48
Built-up  Area,22-Jan,Arekere,2 BHK,Society_60,1242,1.0,2.0,79.17
Super built-up  Area,22-Jan,Old Airport Road,3 BHK,Society_149,1787,2.0,3.0,187.68
Built-up  Area,19-Dec,Begur Road,3 BHK,Society_58,1365,3.0,3.0,88.76
Super built-up  Area,Ready To Move,Fraser Town,3 BHK,Society_80,1785,3.0,2.0,123.72
Plot  Area,Ready To Move,Bannerghatta Road,4 BHK,Society_28,2442,4.0,1.0,161.79
Super built-up  Area,Ready To Move,Mysore Road,3 BHK,,1540 - 1640,2.0,1.0,103.13
Built-up  Area,Ready To Move,Lingarajapuram,3 BHK,Society_97,1510,2.0,3.0,87.97
Super built-up  Area,Ready To Move,Adugodi,3 BHK,,1308,2.0,1.0,64.4
Built-up  Area,Ready To Move,Lingarajapuram,2 BHK,,1152,1.0,0.0,57.04
Carpet  Area,Ready To Move,Kumaraswamy Layout,3 BHK,,1523 - 1623,3.0,1.0,71.34
Plot  Area,Ready To Move,Attibele,2 BHK,,1253,3.0,1.0,78.01
Built-up  Area,Ready To Move,Bannerghatta Road,4 BHK,,2144,5.0,2.0,125.29
Built-up  Area,Ready To Move,HSR Layout,3 BHK,Society_39,1351,2.0,1.0,91.58
Super built-up  Area,Ready To Move,Varthur,5 BHK,Society_145,3801,4.0,1.0,186.37
Built-up  Area,Ready To Move,Old Madras Road,2 BHK,,1230,3.0,2.0,93.73
Super built-up  Area,Ready To Move,Whitefield,4 BHK,,2481,3.0,2.0,180.0
Built-up  Area,22-Jan,Basavanagudi,2 BHK,,874,2.0,2.0,82.44
Plot  Area,19-Dec,Peenya,2 BHK,,857,1.0,2.0,53.94
Built-up  Area,22-Jan,Jalahalli,4 BHK,,2090,3.0,2.0,114.85
Built-up  Area,Ready To Move,Budigere Cross,3 BHK,Society_131,1553,2.0,0.0,89.84
Super built-up  Area,Ready To Move,Kasturi Nagar,1 BHK,,654,1.0,1.0,48.66
Super built-up  Area,22-Jan,Nayandahalli,3 BHK,,1386 - 1486,2.0,2.0,61.58
Built-up  Area,Ready To Move,Ejipura,4 BHK,,2471,3.0,1.0,212.69
Plot  Area,Ready To Move,Arekere,3 BHK,,1436 - 1536,2.0,2.0,115.43
Super built-up  Area,Ready To Move,Bannerghatta Road,2 BHK,Society_3,939 - 1039,2.0,0.0,78.91
Super built-up  Area,Ready To Move,Hebbal,1 BHK,,477,1.0,1.0,44.13
Built-up  Area,Ready To Move,Whitefield,3 BHK,Society_29,1577 - 1677,3.0,1.0,87.3
Super built-up  Area,22-Jan,Dasarahalli,1 BHK,,779,1.0,1.0,49.25
Super built-up  Area,19-Dec,RT Nagar,2 BHK,,1015,2.0,2.0,52.79
Super built-up  Area,Ready To Move,Jalahalli,3 BHK,,1694,3.0,2.0,108.99
Built-up  Area,Ready To Move,Peenya,3 BHK,Society_135,1614,3.0,1.0,88.65
Super built-up  Area,Ready To Move,Richmond Town,5 BHK,Society_160,3804,5.0,2.0,653.2
Super built-up  Area,22-Jan,KR Puram,5 BHK,,3667,6.0,1.0,219.02
Plot  Area,Ready To Move,Ejipura,3 BHK,,1698 - 1798,3.0,3.0,155.2
Built-up  Area,Ready To Move,Hormavu,4 BHK,Society_65,2261,3.0,3.0,136.6
Super built-up  Area,22-Jan,Budigere Cross,5 BHK,,3365,5.0,2.0,200.86
Super built-up  Area,Ready To Move,Uttarahalli,2 BHK,Society_109,1233,3.0,0.0,70.65
Carpet  Area,22-Jan,Hoodi,2 BHK,Society_199,809,2.0,1.0,43.65
Plot  Area,Ready To Move,Mahadevapura,2 BHK,,1186,3.0,0.0,69.12
Built-up  Area,Ready To Move,Koramangala,4 BHK,,2418,5.0,2.0,411.0
Super built-up  Area,Ready To Move,Indira Nagar,3 BHK,Society_87,1264,3.0,1.0,213.77
Built-up  Area,19-Dec,Hulimavu,4 BHK,,2466,4.0,1.0,102.81
Super built-up  Area,Ready To Move,Electronic City,2 BHK,Society_30,889 - 989,1.0,2.0,53.74
Super built-up  Area,Ready To Move,HSR Layout,4 BHK,Society_120,2155,4.0,0.0,221.39
Built-up  Area,19-Dec,Brigade Road,2 BHK,,1223,2.0,2.0,191.55
Built-up  Area,19-Dec,Wilson Garden,5 BHK,,3415,4.0,1.0,391.9
Built-up  Area,Ready To Move,Basaveshwara Nagar,2 BHK,Society_190,1260,1.0,1.0,52.81
Plot  Area,19-Dec,JP Nagar,3 BHK,Society_150,1787,3.0,1.0,120.52
Super built-up  Area,Ready To Move,Adugodi,3 BHK,,1319,4.0,3.0,60.02
Plot  Area,22-Jan,Nagarbhavi,2 BHK,,813,1.0,2.0,67.94
Built-up  Area,Ready To Move,Kengeri,2 BHK,,1004,2.0,0.0,66.54
Super built-up  Area,22-Jan,Rajarajeshwari Nagara,3 BHK,,1681,3.0,2.0,127.92
Super built-up  Area,19-Dec,Electronic City,4 BHK,,2404,5.0,3.0,111.65
Super built-up  Area,Ready To Move,Kadugodi,3 BHK,Society_188,1499,3.0,2.0,98.25
Super built-up  Area,22-Jan,Ejipura,2 BHK,Society_73,1306,2.0,1.0,125.0
Super built-up  Area,Ready To Move,Ejipura,4 BHK,,2179 - 2279,4.0,3.0,195.8
Super built-up  Area,Ready To Move,KR Puram,3 BHK,,1717,4.0,3.0,103.86
Plot  Area,Ready To Move,New BEL Road,4 BHK,Society_29,2087 - 2187,5.0,0.0,109.17
Plot  Area,Ready To Move,Attibele,2 BHK,Society_107,876,3.0,1.0,60.05
Super built-up  Area,Ready To Move,Kanakapura Road,4 BHK,Society_103,2175,5.0,2.0,110.54
Plot  Area,22-Jan,Bellandur,4 BHK,,2576,4.0,1.0,187.95
Carpet  Area,19-Dec,Marathahalli,3 BHK,,1493,3.0,0.0,96.42
Built-up  Area,Ready To Move,Nagarbhavi,2 BHK,,1160,2.0,2.0,59.98
Super built-up  Area,22-Jan,Cox Town,2 BHK,Society_111,1349,2.0,2.0,82.49
Super built-up  Area,19-Dec,Varthur,2 BHK,Society_165,1344,1.0,2.0,83.58
Plot  Area,19-Dec,Kudlu Gate,3 BHK,,1302,3.0,2.0,86.95
Super built-up  Area,22-Jan,Cox Town,2 BHK,Society_133,773 - 873,3.0,1.0,45.43
Built-up  Area,Ready To Move,Rajarajeshwari Nagara,2 BHK,Society_129,920,2.0,1.0,47.97
Built-up  Area,22-Jan,RT Nagar,3 BHK,Society_128,1625,3.0,3.0,118.2
Built-up  Area,19-Dec,Kanakapura Road,3 BHK,,1408 - 1508,4.0,2.0,69.59
Carpet  Area,19-Dec,KR Puram,1 BHK,Society_115,654,1.0,1.0,35.57
Built-up  Area,19-Dec,New BEL Road,4 BHK,Society_45,2205,4.0,2.0,98.04
Built-up  Area,Ready To Move,Horamavu Agara,2 BHK,,841,2.0,1.0,51.37
Built-up  Area,19-Dec,Devanahalli,2 BHK,Society_68,1334,2.0,1.0,71.14
Carpet  Area,Ready To Move,Cunningham Road,3 BHK,,1360,3.0,1.0,198.14
Super built-up  Area,Ready To Move,Kalyan Nagar,5 BHK,,3382,5.0,2.0,207.74
Super built-up  Area,Ready To Move,Yeshwanthpur,3 BHK,Society_78,1628,3.0,2.0,111.37
Carpet  Area,Ready To Move,Bommanahalli,3 BHK,,1673,3.0,0.0,86.95
Super built-up  Area,Ready To Move,Bagalur,2 BHK,,837,3.0,1.0,69.12
Plot  Area,Ready To Move,Rajaji Nagar,3 BHK,Society_51,1501,3.0,0.0,191.86
Super built-up  Area,Ready To Move,Cox Town,1 BHK,,697,1.0,1.0,41.2
Carpet  Area,19-Dec,Domlur,3 BHK,Society_92,1495,3.0,2.0,186.29
Carpet  Area,19-Dec,Kumaraswamy Layout,3 BHK,,1527,4.0,0.0,110.65
Plot  Area,Ready To Move,Jigani,2 BHK,Society_6,1059 - 1159,2.0,2.0,74.66
Built-up  Area,22-Jan,Ejipura,4 BHK,,2136,3.0,2.0,190.87
Built-up  Area,Ready To Move,Chandapura,3 BHK,,1538,3.0,2.0,35.47
Super built-up  Area,Ready To Move,Bagalur,3 BHK,Society_36,1614,4.0,0.0,95.32
Built-up  Area,Ready To Move,Thanisandra Main Road,1 BHK,Society_54,485,1.0,0.0,37.42
Super built-up  Area,Ready To Move,Girinagar,2 BHK,Society_157,1172,3.0,1.0,60.6
Super built-up  Area,Ready To Move,Rajarajeshwari Nagara,3 BHK,,1543,4.0,2.0,107.19
Plot  Area,Ready To Move,Sadashiva Nagar,4 BHK,,2398 - 2498,5.0,1.0,527.43
Super built-up  Area,Ready To Move,Girinagar,3 BHK,,1496,3.0,1.0,96.6
Built-up  Area,Ready To Move,Raja Rajeshwari Nagar,3 BHK,,1244 - 1344,3.0,1.0,68.71
Plot  Area,Ready To Move,Horamavu Agara,2 BHK,,916,2.0,1.0,74.99
Plot  Area,Ready To Move,Brigade Road,3 BHK,Society_40,1503,4.0,2.0,247.89
Carpet  Area,22-Jan,Lingarajapuram,3 BHK,Society_93,1259,2.0,2.0,78.73
Plot  Area,Ready To Move,Peenya,4 BHK,,2282,4.0,1.0,158.15
Carpet  Area,Ready To Move,Wilson Garden,3 BHK,,1413,3.0,3.0,113.9
Super built-up  Area,Ready To Move,KR Puram,3 BHK,,1739,3.0,0.0,126.57
Super built-up  Area,Ready To Move,Haralur Road,3 BHK,Society_52,1300,3.0,1.0,76.38
Built-up  Area,Ready To Move,Magadi Road,2 BHK,Society_110,1139 - 1239,1.0,1.0,62.97
Plot  Area,19-Dec,Kammanahalli,1 BHK,,622,1.0,1.0,50.26
Super built-up  Area,Ready To Move,Old Airport Road,2 BHK,Society_185,878 - 978,1.0,0.0,81.11
Super built-up  Area,19-Dec,Brigade Road,4 BHK,,2516,3.0,2.0,404.15
Built-up  Area,19-Dec,Rachenahalli,3 BHK,,1597 - 1697,4.0,3.0,98.02
Super built-up  Area,19-Dec,Lavelle Road,3 BHK,,1311,2.0,2.0,276.66
Carpet  Area,Ready To Move,Domlur,3 BHK,,1555,4.0,3.0,206.1
Carpet  Area,19-Dec,Old Airport Road,2 BHK,Society_5,876,2.0,2.0,81.6
Plot  Area,Ready To Move,Jigani,2 BHK,Society_20,835,2.0,2.0,65.18
Super built-up  Area,22-Jan,Ejipura,3 BHK,Society_54,1303,4.0,0.0,77.83
Built-up  Area,Ready To Move,HSR Layout,2 BHK,,952 - 1052,3.0,1.0,98.73
Built-up  Area,Ready To Move,Padmanabhanagar,2 BHK,,1134,2.0,1.0,66.33
Built-up  Area,Ready To Move,Nayandahalli,3 BHK,,1431,3.0,2.0,95.98
Built-up  Area,Ready To Move,Peenya,3 BHK,,1388,4.0,0.0,90.12
Super built-up  Area,Ready To Move,Hoodi,4 BHK,Society_182,2553,4.0,1.0,154.92
Super built-up  Area,Ready To Move,Jigani,2 BHK,,994,2.0,1.0,56.54
Super built-up  Area,Ready To Move,Laggere,3 BHK,Society_182,1470 - 1570,3.0,2.0,78.0
Super built-up  Area,Ready To Move,Bagalur,4 BHK,,2152,4.0,2.0,147.32
Built-up  Area,19-Dec,Budigere Cross,4 BHK,,2474,4.0,1.0,116.33
Super built-up  Area,19-Dec,Kudlu Gate,3 BHK,,1412,3.0,0.0,78.81
Plot  Area,19-Dec,Narayanapura,3 BHK,Society_15,1657,4.0,1.0,123.59
Super built-up  Area,Ready To Move,RT Nagar,2 BHK,Society_123,1022,1.0,1.0,56.57
Built-up  Area,22-Jan,Mahadevapura,4 BHK,Society_143,2268,3.0,2.0,148.19
Super built-up  Area,22-Jan,Haralur Road,2 BHK,Society_111,1336,2.0,0.0,86.47
Built-up  Area,22-Jan,Hebbal,4 BHK,,2458,4.0,3.0,271.8
Super built-up  Area,Ready To Move,Sarjapur Road,2 BHK,,1314,2.0,1.0,96.94
Super built-up  Area,19-Dec,Whitefield,4 BHK,,2463,3.0,2.0,148.23
Plot  Area,22-Jan,Varthur,3 BHK,Society_189,1610,3.0,1.0,127.68
Super built-up  Area,Ready To Move,HRBR Layout,5 BHK,Society_184,3600,5.0,1.0,225.89
Built-up  Area,19-Dec,HRBR Layout,1 BHK,,616 - 716,1.0,1.0,46.43
Built-up  Area,19-Dec,Attibele,2 BHK,Society_74,1292,2.0,2.0,75.68
Built-up  Area,22-Jan,HBR Layout,2 BHK,Society_182,1314,2.0,1.0,86.85
Built-up  Area,Ready To Move,Fraser Town,2 BHK,,973 - 1073,2.0,1.0,78.01
Built-up  Area,22-Jan,Hormavu,2 BHK,,885,2.0,0.0,60.24
Plot  Area,Ready To Move,Haralur Road,4 BHK,Society_145,2267,4.0,2.0,173.15
Built-up  Area,Ready To Move,HBR Layout,4 BHK,,2118,4.0,2.0,133.03
Plot  Area,Ready To Move,Mysore Road,2 BHK,,987,2.0,1.0,74.39
Built-up  Area,Ready To Move,Vijayanagar,2 BHK,,1022,2.0,2.0,70.46
Carpet  Area,22-Jan,Horamavu Agara,2 BHK,,1154,3.0,0.0,62.59
Built-up  Area,19-Dec,Devanahalli,2 BHK,,1137,2.0,0.0,45.43
Built-up  Area,22-Jan,Domlur,3 BHK,Society_187,1794,4.0,0.0,188.84
Super built-up  Area,22-Jan,Budigere Cross,2 BHK,,896,2.0,0.0,43.03
Carpet  Area,19-Dec,Begur Road,5 BHK,Society_82,3830,6.0,2.0,231.35
Carpet  Area,19-Dec,Hoodi,5 BHK,,3894,5.0,2.0,223.84
Super built-up  Area,Ready To Move,Mysore Road,2 BHK,Society_48,1030,3.0,2.0,63.47
Built-up  Area,22-Jan,Banaswadi,2 BHK,,984,1.0,2.0,66.68
Super built-up  Area,Ready To Move,Rachenahalli,4 BHK,,2111,5.0,3.0,98.36
Built-up  Area,19-Dec,Thanisandra,3 BHK,Society_27,1600,4.0,1.0,97.45
Built-up  Area,19-Dec,Laggere,3 BHK,,1682,3.0,0.0,71.62
Super built-up  Area,Ready To Move,Bommasandra,2 BHK,,867,1.0,2.0,50.27
Super built-up  Area,Ready To Move,Banashankari,3 BHK,Society_62,1656,3.0,2.0,80.71
Super built-up  Area,Ready To Move,Marathahalli,4 BHK,,2599,5.0,1.0,181.31
Carpet  Area,Ready To Move,RT Nagar,4 BHK,Society_75,2122,5.0,1.0,133.97
Super built-up  Area,Ready To Move,Brigade Road,1 BHK,,676 - 776,1.0,0.0,101.46
Super built-up  Area,19-Dec,Koramangala,3 BHK,,1431,2.0,2.0,159.18
Super built-up  Area,Ready To Move,Banashankari,1 BHK,,837,1.0,1.0,55.49
Carpet  Area,Ready To Move,Brigade Road,2 BHK,Society_38,1015,2.0,2.0,159.74
Super built-up  Area,Ready To Move,Mahadevapura,3 BHK,,1708,4.0,2.0,81.07
Super built-up  Area,Ready To Move,Basavanagudi,1 BHK,,492,1.0,1.0,58.29
Plot  Area,19-Dec,Koramangala,2 BHK,,1214 - 1314,3.0,1.0,172.61
Super built-up  Area,Ready To Move,Ulsoor,3 BHK,Society_194,1435,3.0,2.0,110.24
Carpet  Area,Ready To Move,Hoodi,3 BHK,Society_4,1714,2.0,3.0,104.07
Built-up  Area,Ready To Move,Peenya,3 BHK,,1574,4.0,2.0,78.7
Built-up  Area,22-Jan,Vasanth Nagar,2 BHK,,1231,2.0,1.0,146.62
Built-up  Area,19-Dec,Electronic City,2 BHK,Society_47,1031,1.0,1.0,33.96
Super built-up  Area,Ready To Move,HRBR Layout,3 BHK,Society_74,1644 - 1744,2.0,1.0,112.64
Super built-up  Area,22-Jan,Yeshwanthpur,4 BHK,Society_179,2041 - 2141,4.0,1.0,83.78
Built-up  Area,Ready To Move,Ramamurthy Nagar,2 BHK,,1085 - 1185,2.0,0.0,61.24
Super built-up  Area,Ready To Move,Old Airport Road,3 BHK,Society_95,1382,3.0,2.0,132.6
Super built-up  Area,Ready To Move,Girinagar,3 BHK,,1763,3.0,2.0,100.33
Built-up  Area,22-Jan,Jalahalli,3 BHK,Society_150,1381,4.0,1.0,83.93
Plot  Area,22-Jan,Brigade Road,3 BHK,Society_106,1446,3.0,2.0,326.74
Built-up  Area,Ready To Move,HSR Layout,3 BHK,Society_122,1338 - 1438,3.0,3.0,114.11
Built-up  Area,19-Dec,Thanisandra Main Road,3 BHK,Society_109,1510,2.0,3.0,62.89
Super built-up  Area,Ready To Move,Thanisandra,2 BHK,,773 - 873,1.0,2.0,57.58
Super built-up  Area,Ready To Move,Thanisandra,2 BHK,,1022 - 1122,1.0,0.0,75.41
Plot  Area,22-Jan,Kanakapura Road,2 BHK,Society_43,984 - 1084,2.0,2.0,86.61
Built-up  Area,Ready To Move,Basavanagudi,2 BHK,,1294,3.0,0.0,115.38
Plot  Area,19-Dec,Nayandahalli,3 BHK,,1511,2.0,3.0,101.43
Built-up  Area,Ready To Move,Sahakara Nagar,3 BHK,,1254,3.0,0.0,84.21
Plot  Area,22-Jan,Hebbal,5 BHK,,3498,4.0,0.0,233.31
Plot  Area,22-Jan,Budigere Cross,3 BHK,,1507,3.0,0.0,97.95
Plot  Area,22-Jan,Jakkur,3 BHK,,1691 - 1791,3.0,3.0,116.6
Super built-up  Area,Ready To Move,Hennur Road,3 BHK,,1758,3.0,2.0,88.36
Plot  Area,Ready To Move,Malleshwaram,3 BHK,,1634 - 1734,4.0,1.0,162.13
Built-up  Area,19-Dec,Cox Town,4 BHK,,2443,5.0,2.0,159.03
Built-up  Area,19-Dec,Uttarahalli,3 BHK,,1426,3.0,1.0,74.22
Super built-up  Area,Ready To Move,Yeshwanthpur,3 BHK,,1460,3.0,1.0,81.87
Built-up  Area,19-Dec,Lingarajapuram,3 BHK,,1596,3.0,1.0,88.25
Super built-up  Area,Ready To Move,Yeshwanthpur,2 BHK,Society_176,1022,2.0,2.0,72.53
Plot  Area,Ready To Move,Chamrajpet,3 BHK,Society_145,1619,3.0,2.0,106.22
Super built-up  Area,Ready To Move,Vidyaranyapura,3 BHK,Society_57,1320,4.0,3.0,57.96
Built-up  Area,22-Jan,JP Nagar,3 BHK,Society_91,1272,3.0,2.0,112.86
Carpet  Area,Ready To Move,HBR Layout,1 BHK,,445,1.0,1.0,27.21
Built-up  Area,22-Jan,Richmond Town,3 BHK,,1602 - 1702,3.0,2.0,216.65
Super built-up  Area,Ready To Move,Hennur Road,3 BHK,Society_196,1599 - 1699,2.0,3.0,93.5
Built-up  Area,22-Jan,Fraser Town,2 BHK,,1141,1.0,2.0,48.51
Carpet  Area,22-Jan,Wilson Garden,3 BHK,,1612,2.0,1.0,125.77
Carpet  Area,Ready To Move,Kasturi Nagar,2 BHK,Society_5,1094,3.0,2.0,63.29
Super built-up  Area,Ready To Move,Electronic City,4 BHK,,2164,4.0,2.0,84.75
Carpet  Area,22-Jan,Kasturi Nagar,4 BHK,,2287 - 2387,3.0,1.0,162.23
Super built-up  Area,Ready To Move,Uttarahalli,5 BHK,,3667,5.0,2.0,190.87
Built-up  Area,Ready To Move,Malleshwaram,4 BHK,Society_143,2148 - 2248,4.0,2.0,204.81
Carpet  Area,19-Dec,Chandapura,3 BHK,,1543,3.0,2.0,78.55
Plot  Area,Ready To Move,RT Nagar,2 BHK,,951,2.0,2.0,62.49
Super built-up  Area,Ready To Move,Horamavu Agara,4 BHK,Society_14,2124,4.0,0.0,144.49
Super built-up  Area,Ready To Move,Thanisandra Main Road,2 BHK,Society_192,1242,1.0,1.0,54.77
Built-up  Area,Ready To Move,Adugodi,3 BHK,Society_27,1768,2.0,2.0,96.23
Plot  Area,22-Jan,Akshaya Nagar,2 BHK,Society_104,1334,3.0,2.0,73.23
Built-up  Area,Ready To Move,Kogilu,2 BHK,Society_35,1167,2.0,1.0,55.35
Built-up  Area,19-Dec,Raja Rajeshwari Nagar,4 BHK,,2546,4.0,3.0,162.95
Carpet  Area,22-Jan,Chamrajpet,4 BHK,Society_18,2330 - 2430,4.0,2.0,148.21
Built-up  Area,19-Dec,Old Madras Road,4 BHK,,2200,4.0,1.0,159.54
Super built-up  Area,Ready To Move,Bannerghatta Road,3 BHK,,1264 - 1364,4.0,1.0,90.34
Super built-up  Area,19-Dec,Mysore Road,3 BHK,,1796,2.0,2.0,118.74
Built-up  Area,Ready To Move,Mysore Road,5 BHK,Society_71,3521 - 3621,6.0,2.0,210.2
Built-up  Area,19-Dec,Kadugodi,3 BHK,,1645,3.0,2.0,105.77
Super built-up  Area,19-Dec,Chikkaballapur Road,3 BHK,Society_2,1706,3.0,0.0,107.26
Carpet  Area,Ready To Move,HRBR Layout,3 BHK,,1675,2.0,1.0,123.4
Built-up  Area,22-Jan,HSR Layout,3 BHK,,1432,4.0,1.0,106.46
Super built-up  Area,22-Jan,Kasturi Nagar,2 BHK,,1182,1.0,1.0,63.1
Carpet  Area,Ready To Move,Bellandur,4 BHK,Society_103,2221,4.0,2.0,164.29
Super built-up  Area,Ready To Move,Hosa Road,4 BHK,Society_165,2299 - 2399,3.0,0.0,127.63
Built-up  Area,19-Dec,Nagarbhavi,2 BHK,Society_119,841 - 941,2.0,1.0,59.1
Plot  Area,19-Dec,Narayanapura,2 BHK,,1033,1.0,2.0,77.15
Built-up  Area,19-Dec,Budigere Cross,4 BHK,,2534,4.0,3.0,109.72
Super built-up  Area,Ready To Move,Basaveshwara Nagar,3 BHK,,1724,4.0,1.0,111.96
Built-up  Area,Ready To Move,Benson Town,4 BHK,Society_148,2395,4.0,2.0,166.08
Plot  Area,Ready To Move,Sahakara Nagar,2 BHK,Society_171,1012,1.0,0.0,80.44
Carpet  Area,Ready To Move,Lingarajapuram,3 BHK,,1794,4.0,1.0,123.84
Super built-up  Area,22-Jan,Hennur Road,4 BHK,,2189,4.0,0.0,139.62
Super built-up  Area,19-Dec,Old Madras Road,5 BHK,,3790,5.0,0.0,200.76
Plot  Area,Ready To Move,MG Road,3 BHK,,1327,3.0,1.0,324.91
Super built-up  Area,Ready To Move,Kammanahalli,1 BHK,Society_10,426,1.0,1.0,21.08
Super built-up  Area,Ready To Move,Jigani,3 BHK,,1666,3.0,0.0,106.74
Super built-up  Area,Ready To Move,Nagarbhavi,4 BHK,,2183,3.0,0.0,109.8
Plot  Area,Ready To Move,Richmond Town,2 BHK,Society_85,948,1.0,0.0,148.54
Built-up  Area,Ready To Move,Bellandur,4 BHK,,2351,4.0,2.0,204.16
Built-up  Area,22-Jan,Marathahalli,3 BHK,Society_154,1772,3.0,3.0,122.42
Plot  Area,Ready To Move,Kudlu Gate,3 BHK,Society_14,1512,3.0,0.0,104.43
Built-up  Area,Ready To Move,Rajaji Nagar,4 BHK,,2333,4.0,2.0,203.53
Plot  Area,Ready To Move,Peenya,1 BHK,,837,1.0,1.0,47.27
Built-up  Area,19-Dec,New BEL Road,3 BHK,Society_96,1346,3.0,0.0,100.19
Super built-up  Area,19-Dec,Padmanabhanagar,1 BHK,,611,2.0,0.0,33.05
Super built-up  Area,22-Jan,Chikkaballapur Road,3 BHK,Society_38,1308,4.0,2.0,74.84
Built-up  Area,Ready To Move,Jakkur,3 BHK,Society_189,1270 - 1370,3.0,1.0,74.1
Plot  Area,Ready To Move,Kogilu,3 BHK,,1282,3.0,2.0,110.9
Plot  Area,Ready To Move,HRBR Layout,3 BHK,Society_77,1263,3.0,2.0,95.88
Super built-up  Area,Ready To Move,Marathahalli,3 BHK,,1272,3.0,2.0,77.92
Super built-up  Area,Ready To Move,Hormavu,3 BHK,,1534,2.0,2.0,108.75
Super built-up  Area,22-Jan,Arekere,3 BHK,,1300,3.0,1.0,74.96
Built-up  Area,22-Jan,Akshaya Nagar,2 BHK,,1066,3.0,1.0,40.63
Plot  Area,Ready To Move,Hulimavu,3 BHK,,1529,3.0,1.0,98.78
Carpet  Area,22-Jan,Banashankari,2 BHK,Society_187,1124,2.0,2.0,54.14
Carpet  Area,Ready To Move,Vijayanagar,2 BHK,,932,2.0,1.0,52.46
Super built-up  Area,22-Jan,MG Road,3 BHK,,1645,3.0,2.0,282.04
Carpet  Area,Ready To Move,Sadashiva Nagar,4 BHK,Society_47,2247 - 2347,4.0,2.0,403.3
Carpet  Area,22-Jan,Electronic City,3 BHK,Society_19,1377,3.0,0.0,59.9
Super built-up  Area,19-Dec,Jakkur,2 BHK,,799 - 899,1.0,0.0,59.25
Super built-up  Area,Ready To Move,Rajaji Nagar,3 BHK,,1429,2.0,1.0,192.96
Super built-up  Area,19-Dec,Mahadevapura,3 BHK,,1445,2.0,2.0,85.59
Built-up  Area,Ready To Move,Ulsoor,4 BHK,,2482,4.0,0.0,402.67
Built-up  Area,19-Dec,Jakkur,2 BHK,,1237,2.0,0.0,80.62
Super built-up  Area,19-Dec,Uttarahalli,4 BHK,,2211,4.0,3.0,113.39
Plot  Area,19-Dec,Anekal,2 BHK,,1291 - 1391,1.0,1.0,54.74
Super built-up  Area,Ready To Move,CV Raman Nagar,3 BHK,,1400,4.0,3.0,74.27
Built-up  Area,Ready To Move,Basaveshwara Nagar,4 BHK,,2555,3.0,1.0,167.17
Carpet  Area,Ready To Move,HRBR Layout,3 BHK,,1537,3.0,3.0,112.39
Plot  Area,Ready To Move,Hebbal,3 BHK,,1347,3.0,3.0,102.51
Super built-up  Area,Ready To Move,Vijayanagar,4 BHK,,2468,4.0,0.0,150.34
Built-up  Area,19-Dec,Bommasandra,3 BHK,Society_141,1403,3.0,0.0,85.72
Built-up  Area,22-Jan,Rajarajeshwari Nagara,2 BHK,,1066,3.0,1.0,70.9
Built-up  Area,Ready To Move,Hoodi,2 BHK,,1233,2.0,1.0,60.46
Built-up  Area,22-Jan,Brigade Road,2 BHK,Society_56,1309,2.0,0.0,209.01
Carpet  Area,22-Jan,Hosa Road,3 BHK,,1767,3.0,1.0,86.51
Built-up  Area,Ready To Move,Chamrajpet,3 BHK,Society_84,1363,3.0,1.0,104.88
Built-up  Area,19-Dec,Anekal,4 BHK,Society_61,2309,4.0,1.0,73.72
Carpet  Area,Ready To Move,Hennur Road,3 BHK,Society_69,1720 - 1820,3.0,1.0,144.5
Built-up  Area,19-Dec,Yeshwanthpur,4 BHK,Society_165,2556,5.0,2.0,144.82
Built-up  Area,Ready To Move,Kasturi Nagar,5 BHK,,3880,5.0,3.0,166.94
Super built-up  Area,Ready To Move,Vijayanagar,3 BHK,Society_189,1544,3.0,0.0,92.7
Super built-up  Area,22-Jan,Narayanapura,3 BHK,,1359,3.0,2.0,97.69
Built-up  Area,Ready To Move,Basaveshwara Nagar,3 BHK,,1342 - 1442,3.0,1.0,91.29
Super built-up  Area,Ready To Move,Bellandur,3 BHK,,1263,2.0,2.0,82.24
Plot  Area,Ready To Move,Hennur Road,2 BHK,,1177,2.0,0.0,65.32
Super built-up  Area,22-Jan,Peenya,4 BHK,Society_35,2508,4.0,1.0,144.18
Built-up  Area,19-Dec,Malleshwaram,4 BHK,Society_147,2172,4.0,2.0,387.86
Plot  Area,Ready To Move,Anekal,3 BHK,,1451,4.0,2.0,73.51
Super built-up  Area,22-Jan,CV Raman Nagar,3 BHK,,1509,3.0,1.0,112.13
Super built-up  Area,Ready To Move,Haralur Road,4 BHK,Society_181,2217 - 2317,4.0,0.0,166.92
Carpet  Area,Ready To Move,Malleshwaram,2 BHK,,1244,1.0,2.0,175.96
Super built-up  Area,Ready To Move,Rachenahalli,4 BHK,,2450,4.0,1.0,128.37
Super built-up  Area,19-Dec,Bommanahalli,2 BHK,,849,1.0,1.0,44.36
Carpet  Area,22-Jan,Padmanabhanagar,1 BHK,,743,1.0,1.0,43.12
Built-up  Area,Ready To Move,Brigade Road,2 BHK,,1124,2.0,0.0,226.3
Built-up  Area,Ready To Move,Hosa Road,3 BHK,,1718,3.0,0.0,99.64
Carpet  Area,Ready To Move,Kudlu Gate,4 BHK,Society_72,2505,5.0,2.0,105.86
Super built-up  Area,19-Dec,Bannerghatta Road,2 BHK,,1037,2.0,2.0,84.63
Built-up  Area,19-Dec,Girinagar,3 BHK,,1391,3.0,2.0,92.66
Plot  Area,22-Jan,Kanakapura Road,4 BHK,,2176,4.0,1.0,143.78
Built-up  Area,19-Dec,HBR Layout,4 BHK,,2157,4.0,0.0,162.12
Super built-up  Area,Ready To Move,Kasturi Nagar,2 BHK,,1017,2.0,2.0,63.26
Built-up  Area,22-Jan,Koramangala,4 BHK,,2390,3.0,0.0,228.16
Super built-up  Area,Ready To Move,Kalyan Nagar,2 BHK,Society_91,1100,1.0,2.0,53.74
Super built-up  Area,19-Dec,Ramamurthy Nagar,4 BHK,,2569,3.0,2.0,116.85
Built-up  Area,Ready To Move,Kudlu Gate,1 BHK,Society_119,462,1.0,1.0,23.19
Plot  Area,Ready To Move,Thanisandra Main Road,3 BHK,,1200 - 1300,2.0,1.0,71.53
Super built-up  Area,Ready To Move,Haralur Road,3 BHK,,1622 - 1722,3.0,2.0,99.32
Built-up  Area,19-Dec,KR Puram,3 BHK,,1594 - 1694,3.0,1.0,84.5
Super built-up  Area,22-Jan,Banaswadi,3 BHK,,1289,3.0,1.0,81.31
Built-up  Area,Ready To Move,Kumaraswamy Layout,4 BHK,,2596,3.0,2.0,182.73
Super built-up  Area,Ready To Move,Narayanapura,4 BHK,,2532,4.0,3.0,174.21
Plot  Area,22-Jan,Chandapura,4 BHK,,2594,4.0,3.0,123.58
Carpet  Area,Ready To Move,Kasturi Nagar,3 BHK,Society_1,1623,2.0,3.0,102.21
Plot  Area,Ready To Move,Hebbal,3 BHK,,1292,3.0,3.0,116.14
Super built-up  Area,19-Dec,Dasarahalli,5 BHK,,3769,5.0,0.0,210.18
Built-up  Area,22-Jan,Jalahalli,4 BHK,,2551,4.0,2.0,139.99
Built-up  Area,22-Jan,BTM Layout,2 BHK,Society_18,1348,3.0,0.0,99.63
Built-up  Area,Ready To Move,Hulimavu,3 BHK,,1507,2.0,1.0,81.65
Built-up  Area,22-Jan,Chamrajpet,4 BHK,Society_17,2331 - 2431,3.0,1.0,111.63
Built-up  Area,22-Jan,JP Nagar,3 BHK,,1596,4.0,1.0,151.27
Carpet  Area,Ready To Move,Kadugodi,2 BHK,Society_190,996 - 1096,1.0,2.0,62.23
Super built-up  Area,Ready To Move,Fraser Town,1 BHK,,935,1.0,1.0,64.88
Super built-up  Area,Ready To Move,BTM Layout,2 BHK,Society_37,860,2.0,2.0,73.19
Plot  Area,19-Dec,Basavanagudi,3 BHK,,1531,3.0,2.0,195.13
Super built-up  Area,Ready To Move,Hennur Road,2 BHK,Society_15,992,2.0,2.0,53.08
Built-up  Area,Ready To Move,Brigade Road,3 BHK,Society_133,1251,2.0,2.0,213.81
Super built-up  Area,Ready To Move,Anekal,2 BHK,Society_21,1045,2.0,1.0,41.96
Built-up  Area,19-Dec,CV Raman Nagar,2 BHK,,1200,2.0,2.0,83.24
Built-up  Area,Ready To Move,Haralur Road,3 BHK,,1600 - 1700,3.0,2.0,108.43
Plot  Area,Ready To Move,Malleshwaram,2 BHK,,814,3.0,1.0,144.38
Built-up  Area,22-Jan,Indira Nagar,3 BHK,,1781,3.0,2.0,286.44
Super built-up  Area,Ready To Move,HRBR Layout,3 BHK,,1313,4.0,3.0,83.02
Super built-up  Area,Ready To Move,Richmond Town,3 BHK,,1351,3.0,0.0,161.93
Super built-up  Area,Ready To Move,Banaswadi,4 BHK,,2485 - 2585,4.0,3.0,141.38
Built-up  Area,Ready To Move,Thanisandra,4 BHK,,2572,4.0,2.0,133.87
Built-up  Area,Ready To Move,Jakkur,3 BHK,,1401,3.0,1.0,83.82
Built-up  Area,19-Dec,Arekere,3 BHK,,1675,3.0,0.0,64.68
Super built-up  Area,22-Jan,Girinagar,4 BHK,Society_125,2546,4.0,2.0,156.17
Carpet  Area,19-Dec,Bommasandra,2 BHK,Society_10,1028,2.0,1.0,53.87
Built-up  Area,Ready To Move,Brigade Road,2 BHK,Society_6,1039,1.0,1.0,160.6
Plot  Area,Ready To Move,Jayanagar,2 BHK,Society_153,1124 - 1224,2.0,0.0,167.79
Plot  Area,22-Jan,Chandapura,3 BHK,,1374 - 1474,2.0,2.0,69.19
Super built-up  Area,Ready To Move,Laggere,3 BHK,,1288,3.0,3.0,99.62
Super built-up  Area,Ready To Move,Banashankari,4 BHK,,2330,4.0,2.0,126.85
Built-up  Area,Ready To Move,Mahadevapura,3 BHK,Society_85,1714,2.0,0.0,97.01
Built-up  Area,19-Dec,Laggere,3 BHK,,1597,3.0,2.0,105.55
Built-up  Area,19-Dec,Narayanapura,4 BHK,,2419,4.0,1.0,178.51
Built-up  Area,Ready To Move,Akshaya Nagar,2 BHK,Society_136,1260,2.0,2.0,77.0
Super built-up  Area,Ready To Move,Peenya,2 BHK,,1291,2.0,1.0,74.39
Super built-up  Area,19-Dec,HSR Layout,5 BHK,Society_125,3592 - 3692,4.0,0.0,291.48
Built-up  Area,Ready To Move,Uttarahalli,4 BHK,Society_78,2369,4.0,0.0,186.19
Super built-up  Area,22-Jan,Girinagar,3 BHK,,1427,3.0,0.0,84.56
Super built-up  Area,Ready To Move,KR Puram,1 BHK,,481,2.0,1.0,30.69
Super built-up  Area,22-Jan,Richmond Town,3 BHK,,1591,3.0,2.0,257.87
Plot  Area,Ready To Move,Ulsoor,2 BHK,Society_84,1198,2.0,1.0,143.9
Super built-up  Area,Ready To Move,Vasanth Nagar,4 BHK,,2319,4.0,1.0,304.55
Plot  Area,19-Dec,Bommanahalli,4 BHK,,2355,4.0,1.0,154.4
Carpet  Area,Ready To Move,RT Nagar,4 BHK,Society_50,2174,3.0,1.0,125.73
Built-up  Area,Ready To Move,Rachenahalli,3 BHK,,1261,3.0,2.0,55.51
Built-up  Area,Ready To Move,Electronic City,2 BHK,Society_42,994,2.0,1.0,59.71
Super built-up  Area,Ready To Move,Bellandur,3 BHK,,1347,3.0,2.0,121.22
Super built-up  Area,Ready To Move,HRBR Layout,3 BHK,,1585,3.0,2.0,92.25
Plot  Area,19-Dec,RT Nagar,2 BHK,,1318,1.0,2.0,85.59
Super built-up  Area,Ready To Move,Jigani,4 BHK,Society_151,2423,4.0,1.0,150.86
Super built-up  Area,19-Dec,CV Raman Nagar,3 BHK,,1245 - 1345,3.0,3.0,89.98
Super built-up  Area,Ready To Move,Yeshwanthpur,4 BHK,Society_157,2519,4.0,2.0,168.6
Built-up  Area,Ready To Move,Sahakara Nagar,2 BHK,,809,2.0,2.0,52.23
Super built-up  Area,19-Dec,Kanakapura Road,3 BHK,,1331,3.0,1.0,82.64
Built-up  Area,19-Dec,Hennur Road,3 BHK,,1792,2.0,2.0,98.74
Super built-up  Area,Ready To Move,Hulimavu,3 BHK,,1374,4.0,2.0,74.8
Built-up  Area,19-Dec,Varthur,2 BHK,,914,1.0,2.0,61.61
Carpet  Area,22-Jan,Domlur,3 BHK,,1529,2.0,2.0,166.12
Built-up  Area,Ready To Move,Vasanth Nagar,2 BHK,,962,2.0,0.0,98.7
Built-up  Area,Ready To Move,Mysore Road,3 BHK,,1434,2.0,1.0,115.04
Carpet  Area,22-Jan,Bagalur,3 BHK,,1283,3.0,2.0,64.48
Super built-up  Area,Ready To Move,HSR Layout,2 BHK,,992,3.0,2.0,86.39
Super built-up  Area,Ready To Move,Varthur,2 BHK,Society_199,1306,2.0,1.0,61.2
Super built-up  Area,22-Jan,Horamavu Agara,5 BHK,,3741 - 3841,5.0,1.0,233.25
Built-up  Area,Ready To Move,Vijayanagar,3 BHK,Society_123,1552,2.0,1.0,89.53
Plot  Area,22-Jan,Kogilu,2 BHK,,1308,3.0,2.0,64.89
Super built-up  Area,19-Dec,Kalyan Nagar,4 BHK,Society_108,2454 - 2554,4.0,3.0,152.13
Built-up  Area,19-Dec,Kammanahalli,3 BHK,Society_112,1567,3.0,0.0,114.12
Super built-up  Area,Ready To Move,Malleshwaram,2 BHK,,1090,3.0,1.0,115.82
Built-up  Area,Ready To Move,Padmanabhanagar,5 BHK,,3466,6.0,3.0,270.56
Plot  Area,Ready To Move,Mysore Road,3 BHK,Society_182,1496,3.0,2.0,86.06
Super built-up  Area,Ready To Move,Ulsoor,2 BHK,Society_84,1292,2.0,2.0,128.68
Super built-up  Area,Ready To Move,Cunningham Road,2 BHK,Society_110,1050,3.0,2.0,187.71
Super built-up  Area,Ready To Move,Hulimavu,2 BHK,,1136,2.0,1.0,70.0
Built-up  Area,Ready To Move,Devanahalli,2 BHK,,1000,2.0,1.0,40.92
Super built-up  Area,Ready To Move,Kumaraswamy Layout,3 BHK,,1707,3.0,2.0,68.92
Built-up  Area,Ready To Move,Kalyan Nagar,3 BHK,,1523,4.0,1.0,92.93
Built-up  Area,22-Jan,Richmond Town,2 BHK,,1120,1.0,2.0,154.52
Super built-up  Area,22-Jan,Anekal,3 BHK,,1280 - 1380,3.0,2.0,43.13
Plot  Area,19-Dec,Magadi Road,2 BHK,,845 - 945,3.0,2.0,66.08
Built-up  Area,22-Jan,Hulimavu,2 BHK,Society_188,1082,2.0,1.0,57.83
Built-up  Area,19-Dec,Thanisandra Main Road,3 BHK,Society_13,1690 - 1790,2.0,1.0,105.85
Super built-up  Area,22-Jan,Thanisandra Main Road,5 BHK,Society_104,3545,6.0,3.0,221.07
Super built-up  Area,19-Dec,Magadi Road,3 BHK,Society_139,1680,3.0,2.0,83.19
Plot  Area,Ready To Move,Sarjapur Road,3 BHK,Society_114,1408,3.0,1.0,106.24
Built-up  Area,Ready To Move,Jayanagar,2 BHK,,802,2.0,2.0,110.75
Built-up  Area,19-Dec,Richmond Town,3 BHK,,1453 - 1553,2.0,2.0,301.86
Super built-up  Area,19-Dec,Devanahalli,3 BHK,Society_177,1265,3.0,1.0,43.66
Built-up  Area,Ready To Move,CV Raman Nagar,4 BHK,,2340,5.0,0.0,132.66
Super built-up  Area,19-Dec,Raja Rajeshwari Nagar,3 BHK,,1780,3.0,1.0,118.42
Built-up  Area,22-Jan,Basaveshwara Nagar,3 BHK,Society_103,1715,2.0,2.0,108.81
Super built-up  Area,Ready To Move,Horamavu Agara,3 BHK,,1578,4.0,2.0,92.64
Super built-up  Area,22-Jan,Raja Rajeshwari Nagar,2 BHK,,1024,2.0,2.0,68.73
Carpet  Area,Ready To Move,Peenya,4 BHK,Society_167,2399 - 2499,4.0,3.0,145.7
Super built-up  Area,Ready To Move,HRBR Layout,3 BHK,,1720,3.0,2.0,83.65
Built-up  Area,Ready To Move,Chandapura,3 BHK,,1697,3.0,0.0,75.76
Built-up  Area,22-Jan,Sahakara Nagar,3 BHK,,1626,2.0,3.0,107.87
Built-up  Area,Ready To Move,Rajarajeshwari Nagara,3 BHK,,1747,3.0,1.0,95.44
Built-up  Area,22-Jan,Banashankari,1 BHK,,595,1.0,1.0,23.17
Built-up  Area,Ready To Move,Hebbal,3 BHK,,1427,2.0,2.0,149.94
Built-up  Area,Ready To Move,Kumaraswamy Layout,4 BHK,,2329,4.0,1.0,121.19
Super built-up  Area,Ready To Move,Bellandur,3 BHK,,1253,3.0,2.0,133.41
Plot  Area,22-Jan,Thanisandra Main Road,3 BHK,,1276,3.0,1.0,85.95
Plot  Area,19-Dec,Jakkur,2 BHK,Society_82,860 - 960,2.0,1.0,61.35
Plot  Area,19-Dec,New BEL Road,4 BHK,,2210 - 2310,4.0,3.0,133.94
Built-up  Area,Ready To Move,CV Raman Nagar,5 BHK,Society_120,3351,6.0,1.0,166.7
Built-up  Area,Ready To Move,Hormavu,2 BHK,Society_89,1100,3.0,1.0,83.15
Super built-up  Area,22-Jan,HRBR Layout,2 BHK,,1324,2.0,2.0,66.86
Super built-up  Area,Ready To Move,Bommanahalli,3 BHK,,1352,3.0,2.0,86.35
Super built-up  Area,19-Dec,Hennur Road,2 BHK,,1275,2.0,1.0,82.37
Super built-up  Area,Ready To Move,Kengeri,3 BHK,Society_142,1439 - 1539,3.0,1.0,85.54
Plot  Area,22-Jan,Varthur,2 BHK,,1173,2.0,1.0,114.38
Super built-up  Area,Ready To Move,Vasanth Nagar,4 BHK,,2485,4.0,1.0,402.85
Built-up  Area,Ready To Move,Ramamurthy Nagar,4 BHK,Society_161,2572,5.0,3.0,121.35
Built-up  Area,Ready To Move,Brigade Road,3 BHK,,1546,4.0,0.0,278.25
Super built-up  Area,22-Jan,Bagalur,3 BHK,,1757,3.0,1.0,115.84
Super built-up  Area,Ready To Move,Kengeri,4 BHK,,2316,4.0,2.0,151.04
Super built-up  Area,19-Dec,Adugodi,3 BHK,,1299,3.0,3.0,95.47
Super built-up  Area,22-Jan,New BEL Road,2 BHK,,833,2.0,2.0,61.02
Carpet  Area,Ready To Move,Nayandahalli,3 BHK,Society_193,1315 - 1415,3.0,1.0,108.96
Super built-up  Area,22-Jan,Wilson Garden,2 BHK,Society_149,1299,2.0,2.0,130.78
Super built-up  Area,19-Dec,KR Puram,3 BHK,,1494 - 1594,3.0,1.0,93.82
Built-up  Area,Ready To Move,Vidyaranyapura,1 BHK,Society_169,410 - 510,2.0,0.0,33.04
Super built-up  Area,Ready To Move,Ulsoor,4 BHK,Society_75,2536,3.0,0.0,261.43
Super built-up  Area,Ready To Move,Adugodi,3 BHK,,1662,3.0,1.0,86.48
Super built-up  Area,22-Jan,Richmond Town,5 BHK,,3433,4.0,1.0,503.91
Super built-up  Area,19-Dec,Koramangala,3 BHK,,1415,3.0,1.0,168.46
Plot  Area,Ready To Move,Nagarbhavi,3 BHK,Society_97,1444,2.0,1.0,107.37
Built-up  Area,22-Jan,Kadugodi,3 BHK,,1786,3.0,1.0,96.96
Carpet  Area,Ready To Move,Hebbal,3 BHK,Society_117,1332,2.0,2.0,121.77
Built-up  Area,22-Jan,RT Nagar,3 BHK,,1738,4.0,1.0,113.44
Super built-up  Area,22-Jan,Raja Rajeshwari Nagar,4 BHK,,2592,4.0,1.0,166.14
Built-up  Area,22-Jan,MG Road,4 BHK,,2173,4.0,1.0,391.43
Super built-up  Area,22-Jan,Hoodi,3 BHK,,1467,3.0,1.0,63.18
Super built-up  Area,Ready To Move,Domlur,4 BHK,Society_137,2064,4.0,1.0,257.13
Super built-up  Area,22-Jan,BTM Layout,3 BHK,,1410,2.0,0.0,111.02
Built-up  Area,Ready To Move,Yeshwanthpur,2 BHK,Society_174,1080 - 1180,2.0,2.0,70.74
Super built-up  Area,Ready To Move,Kumaraswamy Layout,2 BHK,,1278,3.0,2.0,74.63
Super built-up  Area,22-Jan,Dasarahalli,2 BHK,Society_58,1242,1.0,1.0,75.52
Built-up  Area,Ready To Move,Hebbal,3 BHK,,1495,3.0,2.0,142.19
Built-up  Area,Ready To Move,Malleshwaram,3 BHK,,1793,4.0,2.0,239.72
Built-up  Area,19-Dec,Gottigere,4 BHK,Society_160,2231,5.0,3.0,97.98
Built-up  Area,Ready To Move,New BEL Road,3 BHK,,1494,3.0,0.0,87.79
Built-up  Area,Ready To Move,MG Road,4 BHK,,2095,4.0,1.0,421.39
Built-up  Area,Ready To Move,Hosa Road,1 BHK,Society_100,415 - 515,1.0,1.0,31.32
Built-up  Area,Ready To Move,HSR Layout,3 BHK,Society_183,1636,2.0,2.0,160.04
Carpet  Area,22-Jan,Rajarajeshwari Nagara,2 BHK,,840,2.0,0.0,46.17
Built-up  Area,Ready To Move,Hebbal,3 BHK,,1595,3.0,0.0,142.95
Built-up  Area,Ready To Move,Jalahalli,3 BHK,,1306 - 1406,3.0,0.0,61.48
Super built-up  Area,Ready To Move,Peenya,4 BHK,,2311,4.0,1.0,139.71
Built-up  Area,Ready To Move,Ramamurthy Nagar,3 BHK,Society_51,1619,3.0,3.0,102.17
Super built-up  Area,22-Jan,Uttarahalli,2 BHK,,1123,1.0,2.0,73.79
Built-up  Area,19-Dec,Kasturi Nagar,3 BHK,,1477,3.0,1.0,90.73
Built-up  Area,22-Jan,Kanakapura Road,2 BHK,,1038,1.0,2.0,62.03
Built-up  Area,22-Jan,Nayandahalli,3 BHK,Society_115,1494,4.0,0.0,90.52
Built-up  Area,Ready To Move,Chamrajpet,4 BHK,Society_121,2198,3.0,2.0,94.61
Super built-up  Area,Ready To Move,Rachenahalli,2 BHK,Society_14,1168,2.0,2.0,85.75
Built-up  Area,19-Dec,Koramangala,2 BHK,,815,2.0,1.0,123.54
Super built-up  Area,19-Dec,Begur Road,3 BHK,Society_149,1272,2.0,2.0,89.3
Built-up  Area,Ready To Move,Nagarbhavi,3 BHK,Society_57,1485,4.0,2.0,87.74
Super built-up  Area,19-Dec,BTM Layout,2 BHK,Society_122,841,3.0,2.0,78.79
Carpet  Area,Ready To Move,New BEL Road,2 BHK,,1084,2.0,2.0,56.05
Carpet  Area,Ready To Move,Bommasandra,4 BHK,Society_158,2588,4.0,3.0,149.46
Built-up  Area,22-Jan,Peenya,1 BHK,,884,1.0,1.0,61.96
Super built-up  Area,Ready To Move,Chikkaballapur Road,2 BHK,,1345,2.0,1.0,67.83
Built-up  Area,19-Dec,Bommanahalli,3 BHK,,1488,3.0,1.0,94.56
Super built-up  Area,Ready To Move,Richmond Town,4 BHK,,2224 - 2324,4.0,3.0,395.13
Super built-up  Area,Ready To Move,Laggere,2 BHK,Society_31,825,1.0,2.0,44.41
Super built-up  Area,Ready To Move,Old Madras Road,5 BHK,Society_143,3383,5.0,3.0,182.7
Super built-up  Area,Ready To Move,Kammanahalli,3 BHK,Society_170,1599,4.0,0.0,106.58
Super built-up  Area,22-Jan,Lavelle Road,3 BHK,,1436 - 1536,3.0,1.0,320.26
Built-up  Area,Ready To Move,BTM Layout,4 BHK,,2110,4.0,1.0,145.95
Built-up  Area,Ready To Move,Hulimavu,2 BHK,,1294 - 1394,2.0,0.0,92.12
Carpet  Area,Ready To Move,Richmond Town,2 BHK,,858,2.0,0.0,103.61
Built-up  Area,Ready To Move,Bommanahalli,2 BHK,,1096,2.0,1.0,59.06
Built-up  Area,22-Jan,Richmond Town,4 BHK,Society_9,2572,4.0,1.0,348.7
Built-up  Area,Ready To Move,Magadi Road,1 BHK,Society_10,490,1.0,1.0,31.13
Super built-up  Area,Ready To Move,Fraser Town,2 BHK,Society_128,1122,2.0,1.0,73.31
Carpet  Area,Ready To Move,Jigani,3 BHK,Society_135,1364 - 1464,4.0,2.0,71.22
Built-up  Area,Ready To Move,Devanahalli,2 BHK,Society_179,1334,2.0,0.0,62.45
Built-up  Area,22-Jan,Rajaji Nagar,2 BHK,Society_19,1176,1.0,1.0,137.76
Carpet  Area,Ready To Move,Hulimavu,2 BHK,,811 - 911,2.0,1.0,48.01
Super built-up  Area,Ready To Move,Peenya,3 BHK,,1395,3.0,1.0,90.21
Super built-up  Area,Ready To Move,Bommanahalli,2 BHK,Society_32,1217,2.0,2.0,82.04
Built-up  Area,Ready To Move,Attibele,3 BHK,Society_139,1548,3.0,2.0,89.32
Carpet  Area,Ready To Move,Bommasandra,4 BHK,Society_188,2390,5.0,2.0,189.9
Super built-up  Area,Ready To Move,Hosa Road,3 BHK,Society_198,1415,2.0,2.0,115.29
Super built-up  Area,Ready To Move,Mahadevapura,3 BHK,Society_186,1519,3.0,0.0,97.99
Super built-up  Area,19-Dec,Laggere,3 BHK,,1511,3.0,2.0,93.71
Super built-up  Area,19-Dec,Peenya,4 BHK,,2058,3.0,1.0,108.13
Built-up  Area,Ready To Move,Chandapura,3 BHK,,1703,3.0,2.0,85.89
Built-up  Area,22-Jan,Kammanahalli,4 BHK,Society_63,2388,3.0,3.0,143.28
Plot  Area,22-Jan,Domlur,3 BHK,Society_164,1550,3.0,2.0,206.96
Built-up  Area,22-Jan,JP Nagar,3 BHK,Society_73,1447,3.0,2.0,148.38
Built-up  Area,Ready To Move,RT Nagar,3 BHK,Society_186,1536,2.0,0.0,78.22
Plot  Area,19-Dec,Thanisandra Main Road,3 BHK,,1778,3.0,3.0,94.37
Super built-up  Area,Ready To Move,Lingarajapuram,3 BHK,Society_36,1422 - 1522,4.0,1.0,77.82
Super built-up  Area,22-Jan,Attibele,2 BHK,Society_65,1067,2.0,1.0,62.88
Built-up  Area,Ready To Move,Hebbal,3 BHK,,1555,3.0,3.0,149.5
Built-up  Area,Ready To Move,Malleshwaram,3 BHK,,1751,4.0,0.0,157.16
Super built-up  Area,22-Jan,Akshaya Nagar,2 BHK,,946,3.0,1.0,52.74
Super built-up  Area,Ready To Move,Kanakapura Road,4 BHK,,2125,4.0,2.0,99.15
Built-up  Area,19-Dec,Vasanth Nagar,4 BHK,,2552,5.0,3.0,425.29
Built-up  Area,Ready To Move,Rajarajeshwari Nagara,3 BHK,Society_142,1552,3.0,2.0,93.52
Super built-up  Area,Ready To Move,Cunningham Road,2 BHK,,1006,3.0,2.0,159.8
Super built-up  Area,Ready To Move,Banashankari,4 BHK,Society_161,2471,4.0,3.0,160.06
Carpet  Area,22-Jan,Malleshwaram,1 BHK,Society_191,765,2.0,0.0,103.24
Built-up  Area,Ready To Move,Haralur Road,3 BHK,,1409,4.0,0.0,95.01
Super built-up  Area,Ready To Move,Girinagar,3 BHK,,1704,3.0,2.0,113.55
Super built-up  Area,19-Dec,Hebbal,2 BHK,Society_47,1116,3.0,2.0,85.13
Super built-up  Area,Ready To Move,Hosa Road,2 BHK,,1273,2.0,2.0,48.75
Super built-up  Area,19-Dec,New BEL Road,4 BHK,Society_168,2278,4.0,2.0,141.05
Super built-up  Area,Ready To Move,Akshaya Nagar,3 BHK,Society_10,1435,3.0,3.0,80.47
Super built-up  Area,Ready To Move,Banashankari,2 BHK,,1185,2.0,0.0,72.48
Super built-up  Area,Ready To Move,Rajarajeshwari Nagara,3 BHK,,1402,3.0,1.0,86.07
Super built-up  Area,22-Jan,Vijayanagar,2 BHK,,1160,1.0,1.0,60.94
Plot  Area,Ready To Move,Bannerghatta Road,3 BHK,,1362 - 1462,2.0,2.0,117.96
Built-up  Area,Ready To Move,Dasarahalli,2 BHK,Society_163,867,2.0,1.0,54.66
Plot  Area,Ready To Move,Koramangala,4 BHK,,2441,4.0,1.0,367.28
Built-up  Area,Ready To Move,Laggere,4 BHK,,2540,4.0,1.0,155.03
Super built-up  Area,19-Dec,HBR Layout,2 BHK,,1324,2.0,0.0,69.74
Super built-up  Area,Ready To Move,Old Airport Road,3 BHK,Society_97,1433,4.0,3.0,137.27
Built-up  Area,Ready To Move,CV Raman Nagar,3 BHK,Society_179,1612 - 1712,3.0,3.0,112.57
Super built-up  Area,19-Dec,Nayandahalli,3 BHK,Society_132,1799,3.0,3.0,109.94
Super built-up  Area,22-Jan,Akshaya Nagar,4 BHK,,2409,4.0,2.0,149.72
Built-up  Area,22-Jan,RT Nagar,3 BHK,,1515 - 1615,3.0,0.0,90.78
Plot  Area,Ready To Move,Devanahalli,2 BHK,,825,3.0,1.0,38.57
Plot  Area,22-Jan,Hulimavu,2 BHK,Society_41,1197,2.0,1.0,58.66
Carpet  Area,19-Dec,Horamavu Agara,2 BHK,Society_164,1250,1.0,2.0,64.47
Plot  Area,19-Dec,Hoodi,2 BHK,,1121 - 1221,2.0,1.0,71.92
Super built-up  Area,Ready To Move,Banashankari,2 BHK,Society_123,861,1.0,2.0,42.09
Built-up  Area,Ready To Move,Nayandahalli,4 BHK,Society_59,2470,4.0,3.0,140.73
Super built-up  Area,Ready To Move,Dasarahalli,4 BHK,Society_168,2415,4.0,2.0,149.91
Plot  Area,Ready To Move,Hennur Road,2 BHK,,1339,2.0,1.0,79.03
Built-up  Area,19-Dec,Narayanapura,3 BHK,Society_194,1375 - 1475,4.0,1.0,100.56
Super built-up  Area,19-Dec,Arekere,2 BHK,Society_179,1276,2.0,1.0,79.71
Super built-up  Area,22-Jan,Vidyaranyapura,3 BHK,Society_150,1490 - 1590,4.0,1.0,77.98
Super built-up  Area,Ready To Move,Akshaya Nagar,3 BHK,,1393,2.0,2.0,88.5
Plot  Area,Ready To Move,Marathahalli,2 BHK,Society_159,950,1.0,0.0,86.47
Super built-up  Area,Ready To Move,Old Madras Road,4 BHK,Society_68,2511,4.0,0.0,139.58
Built-up  Area,Ready To Move,Benson Town,2 BHK,,1170 - 1270,2.0,2.0,58.54
Super built-up  Area,19-Dec,HSR Layout,2 BHK,Society_163,1232,3.0,1.0,94.64
Super built-up  Area,22-Jan,Bellandur,1 BHK,,485,1.0,1.0,46.17
Plot  Area,22-Jan,Marathahalli,1 BHK,Society_138,539,1.0,1.0,44.96
Super built-up  Area,22-Jan,Nagarbhavi,3 BHK,Society_185,1314,3.0,0.0,104.37
Super built-up  Area,19-Dec,Chikkaballapur Road,2 BHK,Society_145,1156,2.0,0.0,57.93
Super built-up  Area,19-Dec,BTM Layout,4 BHK,,2460,3.0,1.0,185.07
Carpet  Area,19-Dec,Cunningham Road,4 BHK,,2448,5.0,1.0,387.77
Built-up  Area,Ready To Move,Sadashiva Nagar,4 BHK,,2188,4.0,2.0,340.87
Built-up  Area,Ready To Move,CV Raman Nagar,2 BHK,,1028,2.0,2.0,58.47
Built-up  Area,22-Jan,Girinagar,3 BHK,,1689,4.0,1.0,124.92
Super built-up  Area,Ready To Move,Attibele,4 BHK,,2214 - 2314,4.0,1.0,124.25
Super built-up  Area,Ready To Move,BTM Layout,3 BHK,,1743,3.0,2.0,133.78
Super built-up  Area,22-Jan,Marathahalli,2 BHK,,1141,1.0,2.0,71.59
Plot  Area,Ready To Move,Fraser Town,3 BHK,Society_27,1427,4.0,3.0,94.99
Built-up  Area,19-Dec,Haralur Road,2 BHK,Society_49,952,2.0,2.0,60.12
Super built-up  Area,19-Dec,Arekere,4 BHK,,2490,4.0,1.0,146.26
Super built-up  Area,Ready To Move,Brigade Road,3 BHK,,1253,3.0,3.0,200.98
Plot  Area,22-Jan,Yeshwanthpur,1 BHK,,940,1.0,1.0,61.21
Super built-up  Area,22-Jan,Kasturi Nagar,2 BHK,,826,3.0,2.0,48.99
Super built-up  Area,Ready To Move,Akshaya Nagar,4 BHK,Society_34,2169,4.0,3.0,125.25
Super built-up  Area,22-Jan,MG Road,2 BHK,,1045,1.0,0.0,203.28
Super built-up  Area,19-Dec,Kengeri,4 BHK,Society_120,2458,5.0,2.0,172.87
Carpet  Area,19-Dec,Vijayanagar,2 BHK,Society_45,1116,2.0,2.0,83.5
Super built-up  Area,Ready To Move,Hennur Road,3 BHK,,1429,2.0,3.0,70.83
Super built-up  Area,19-Dec,Kammanahalli,2 BHK,Society_82,1229,2.0,2.0,63.41
Built-up  Area,Ready To Move,Kogilu,3 BHK,,1354,3.0,3.0,94.75
Built-up  Area,22-Jan,Rajarajeshwari Nagara,4 BHK,,2217,4.0,0.0,143.82
Plot  Area,19-Dec,HSR Layout,2 BHK,Society_16,1062,2.0,2.0,106.4
Super built-up  Area,Ready To Move,Banaswadi,3 BHK,Society_76,1512,3.0,2.0,92.49
Super built-up  Area,Ready To Move,Thanisandra Main Road,2 BHK,,1249,1.0,1.0,86.75
Super built-up  Area,Ready To Move,Basaveshwara Nagar,3 BHK,,1692,3.0,2.0,108.54
Super built-up  Area,Ready To Move,HBR Layout,4 BHK,Society_114,2065,4.0,1.0,70.51
Super built-up  Area,Ready To Move,Hosa Road,2 BHK,,1330,3.0,2.0,75.18
Built-up  Area,Ready To Move,Chikkaballapur Road,2 BHK,,1030,2.0,0.0,64.01
Carpet  Area,Ready To Move,Fraser Town,4 BHK,Society_66,2298,4.0,2.0,149.74
Built-up  Area,19-Dec,Bommasandra,1 BHK,Society_81,424,1.0,1.0,26.78
Built-up  Area,Ready To Move,Brigade Road,4 BHK,,2165,4.0,0.0,356.56
Super built-up  Area,Ready To Move,Indira Nagar,2 BHK,Society_98,1204,2.0,2.0,174.63
Super built-up  Area,Ready To Move,Bommasandra,2 BHK,,1273,2.0,0.0,81.28
Built-up  Area,Ready To Move,Kasturi Nagar,4 BHK,,2173,4.0,0.0,114.74
Super built-up  Area,22-Jan,MG Road,1 BHK,Society_94,559,1.0,1.0,85.36
Carpet  Area,19-Dec,CV Raman Nagar,4 BHK,Society_33,2534,5.0,1.0,144.17
Built-up  Area,19-Dec,Haralur Road,2 BHK,Society_12,939,3.0,0.0,58.11
Super built-up  Area,Ready To Move,Ramamurthy Nagar,3 BHK,,1426,3.0,2.0,89.07
Built-up  Area,22-Jan,Jigani,4 BHK,,2366,4.0,1.0,116.13
Super built-up  Area,Ready To Move,Kogilu,4 BHK,,2394,5.0,2.0,141.7
Plot  Area,Ready To Move,Jayanagar,2 BHK,,1118,1.0,2.0,179.37
Built-up  Area,22-Jan,Adugodi,2 BHK,,1101,1.0,2.0,68.52
Plot  Area,22-Jan,Dasarahalli,3 BHK,Society_117,1788,3.0,1.0,143.1
Super built-up  Area,19-Dec,KR Puram,2 BHK,,955,2.0,2.0,73.41
Super built-up  Area,Ready To Move,Basaveshwara Nagar,5 BHK,,3712,5.0,3.0,187.6
Super built-up  Area,Ready To Move,MG Road,2 BHK,,1123,1.0,1.0,196.55
Plot  Area,Ready To Move,Cunningham Road,5 BHK,Society_110,3840,4.0,1.0,644.79
Built-up  Area,Ready To Move,Arekere,2 BHK,Society_88,1216,3.0,1.0,82.43
Built-up  Area,Ready To Move,Old Airport Road,2 BHK,,1326,2.0,1.0,130.04
Super built-up  Area,Ready To Move,Rachenahalli,2 BHK,,1324,2.0,2.0,87.44
Built-up  Area,19-Dec,Mahadevapura,4 BHK,,2169,4.0,0.0,114.73
Super built-up  Area,Ready To Move,Rachenahalli,3 BHK,,1581 - 1681,3.0,3.0,87.05
Super built-up  Area,Ready To Move,MG Road,3 BHK,,1535,3.0,2.0,391.74
Built-up  Area,22-Jan,Haralur Road,2 BHK,Society_137,876,2.0,1.0,53.98
Plot  Area,Ready To Move,Brigade Road,2 BHK,,1069,3.0,0.0,131.07
Super built-up  Area,19-Dec,Cox Town,2 BHK,Society_94,1182 - 1282,2.0,1.0,74.4
Carpet  Area,22-Jan,New BEL Road,3 BHK,,1262 - 1362,3.0,1.0,105.49
Super built-up  Area,Ready To Move,Vasanth Nagar,3 BHK,,1684,4.0,2.0,176.64
Built-up  Area,19-Dec,Lavelle Road,3 BHK,Society_155,1352,2.0,2.0,225.19
Super built-up  Area,22-Jan,Vasanth Nagar,3 BHK,Society_8,1294 - 1394,3.0,1.0,163.99
Built-up  Area,22-Jan,Attibele,5 BHK,,3625,5.0,3.0,208.19
Super built-up  Area,Ready To Move,Kalyan Nagar,2 BHK,Society_100,933,2.0,1.0,54.92
Super built-up  Area,Ready To Move,Vasanth Nagar,2 BHK,,1095,2.0,1.0,136.61
Plot  Area,Ready To Move,Chamrajpet,2 BHK,Society_60,1120,2.0,1.0,83.16
Super built-up  Area,Ready To Move,Padmanabhanagar,2 BHK,,1291 - 1391,2.0,2.0,81.31
Built-up  Area,19-Dec,Basavanagudi,5 BHK,,3634,4.0,1.0,386.27
Super built-up  Area,Ready To Move,New BEL Road,3 BHK,Society_6,1491,4.0,2.0,92.93
Plot  Area,Ready To Move,Narayanapura,3 BHK,,1451 - 1551,3.0,2.0,97.03
Built-up  Area,Ready To Move,Bagalur,3 BHK,Society_183,1745,3.0,2.0,127.51
Super built-up  Area,Ready To Move,Rajarajeshwari Nagara,2 BHK,Society_94,1119,1.0,2.0,70.3
Super built-up  Area,Ready To Move,Koramangala,4 BHK,Society_93,2365,4.0,2.0,374.52
Super built-up  Area,19-Dec,Sadashiva Nagar,3 BHK,Society_57,1362,4.0,1.0,226.35
Built-up  Area,19-Dec,Benson Town,3 BHK,,1510,3.0,2.0,97.46
Built-up  Area,Ready To Move,Kanakapura Road,2 BHK,,953,3.0,1.0,57.33
Super built-up  Area,Ready To Move,Jakkur,2 BHK,,1170,2.0,2.0,64.54
Built-up  Area,Ready To Move,Hebbal,2 BHK,Society_160,867 - 967,2.0,2.0,76.74
Super built-up  Area,Ready To Move,Raja Rajeshwari Nagar,2 BHK,,809,2.0,2.0,47.52
Super built-up  Area,19-Dec,Mahadevapura,2 BHK,,1272,2.0,2.0,80.72
Super built-up  Area,Ready To Move,Hennur Road,4 BHK,Society_196,2259,3.0,1.0,179.62
Super built-up  Area,Ready To Move,Arekere,3 BHK,,1789,3.0,0.0,110.39
Built-up  Area,Ready To Move,Hennur Road,3 BHK,,1375,3.0,3.0,100.7
Super built-up  Area,Ready To Move,Hebbal,2 BHK,Society_55,1343,2.0,2.0,79.03
Built-up  Area,22-Jan,Rajaji Nagar,2 BHK,Society_181,1333,3.0,2.0,117.49
Super built-up  Area,Ready To Move,Hormavu,2 BHK,,1159,3.0,1.0,59.84
Super built-up  Area,19-Dec,Rajarajeshwari Nagara,2 BHK,Society_42,868 - 968,2.0,0.0,48.43
Plot  Area,19-Dec,Domlur,3 BHK,,1400,3.0,3.0,166.93
Super built-up  Area,Ready To Move,Lavelle Road,4 BHK,Society_103,2435,4.0,1.0,561.46
Plot  Area,22-Jan,Horamavu Agara,3 BHK,,1569,2.0,3.0,110.23
Built-up  Area,Ready To Move,Jigani,2 BHK,,1250,2.0,2.0,80.25
Plot  Area,19-Dec,Malleshwaram,3 BHK,Society_183,1472,3.0,2.0,196.75
Super built-up  Area,22-Jan,Malleshwaram,3 BHK,Society_155,1358 - 1458,3.0,1.0,190.2
Carpet  Area,Ready To Move,Begur Road,3 BHK,,1751,3.0,2.0,114.32
Plot  Area,Ready To Move,Lingarajapuram,3 BHK,,1766,3.0,1.0,131.99
Super built-up  Area,Ready To Move,Ramamurthy Nagar,5 BHK,,3612,5.0,3.0,205.02
Built-up  Area,19-Dec,HBR Layout,3 BHK,Society_190,1456 - 1556,4.0,3.0,85.79
Carpet  Area,Ready To Move,Begur Road,3 BHK,,1395,3.0,3.0,83.63
Plot  Area,19-Dec,Anekal,3 BHK,,1497,4.0,2.0,64.37
Carpet  Area,22-Jan,Jalahalli,2 BHK,,865,2.0,1.0,55.27
Super built-up  Area,22-Jan,Kogilu,3 BHK,,1392,4.0,1.0,119.34
Built-up  Area,Ready To Move,Lingarajapuram,1 BHK,,905,1.0,1.0,52.36
Built-up  Area,19-Dec,Basaveshwara Nagar,5 BHK,Society_57,3396,6.0,1.0,242.23
Plot  Area,19-Dec,Laggere,3 BHK,Society_126,1335 - 1435,3.0,1.0,85.99
Plot  Area,19-Dec,Basavanagudi,3 BHK,,1487,2.0,3.0,155.89
Super built-up  Area,19-Dec,Basavanagudi,3 BHK,,1354,3.0,1.0,124.8
Carpet  Area,Ready To Move,Bellandur,2 BHK,,1117,2.0,1.0,113.49
Plot  Area,22-Jan,Girinagar,2 BHK,,1311,1.0,1.0,113.03
Built-up  Area,19-Dec,New BEL Road,3 BHK,Society_153,1702,4.0,3.0,94.71
Plot  Area,22-Jan,Benson Town,2 BHK,Society_119,864,2.0,1.0,47.02
Built-up  Area,Ready To Move,Attibele,3 BHK,,1622 - 1722,4.0,3.0,113.29
Carpet  Area,Ready To Move,Sarjapur Road,1 BHK,,632,1.0,0.0,45.08
Super built-up  Area,22-Jan,Jalahalli,3 BHK,,1733,3.0,2.0,110.96
Super built-up  Area,Ready To Move,Kudlu Gate,3 BHK,,1369,3.0,2.0,97.39
Super built-up  Area,Ready To Move,Adugodi,3 BHK,,1637,3.0,3.0,90.12
Plot  Area,Ready To Move,Banashankari,1 BHK,,617,1.0,1.0,38.3
Built-up  Area,22-Jan,Fraser Town,2 BHK,Society_153,1047,2.0,2.0,63.92
Built-up  Area,Ready To Move,Begur Road,2 BHK,Society_189,971,2.0,0.0,49.19
Built-up  Area,19-Dec,Mysore Road,3 BHK,Society_38,1537,2.0,1.0,81.36
Built-up  Area,19-Dec,Kogilu,3 BHK,,1500 - 1600,3.0,2.0,84.91
Super built-up  Area,22-Jan,Varthur,3 BHK,,1340 - 1440,3.0,3.0,83.87
Super built-up  Area,Ready To Move,Rajarajeshwari Nagara,3 BHK,Society_7,1462,3.0,2.0,94.37
Plot  Area,Ready To Move,Bommasandra,4 BHK,,2453,4.0,2.0,176.21
Super built-up  Area,Ready To Move,Domlur,2 BHK,Society_112,1055,1.0,1.0,120.2
Super built-up  Area,Ready To Move,Devanahalli,2 BHK,,957,2.0,2.0,40.56
Super built-up  Area,Ready To Move,Cox Town,4 BHK,Society_108,2030 - 2130,4.0,2.0,150.66
Built-up  Area,19-Dec,Fraser Town,2 BHK,,1030,1.0,0.0,47.82
Carpet  Area,Ready To Move,Kengeri,3 BHK,Society_94,1472,4.0,3.0,80.21
Super built-up  Area,Ready To Move,Ramamurthy Nagar,2 BHK,,1044,1.0,0.0,45.79
Carpet  Area,Ready To Move,Indira Nagar,2 BHK,Society_196,1021,2.0,2.0,175.83
Super built-up  Area,Ready To Move,Jalahalli,3 BHK,Society_64,1688 - 1788,3.0,3.0,87.96
Plot  Area,Ready To Move,Varthur,5 BHK,,3760,6.0,2.0,258.12
Built-up  Area,Ready To Move,CV Raman Nagar,4 BHK,Society_126,2495,3.0,3.0,180.97
Built-up  Area,Ready To Move,Magadi Road,3 BHK,Society_2,1702,3.0,1.0,132.84
Super built-up  Area,Ready To Move,Jakkur,2 BHK,,1239,2.0,2.0,56.33
Super built-up  Area,Ready To Move,Marathahalli,4 BHK,Society_36,2130,3.0,2.0,128.19
Super built-up  Area,19-Dec,HRBR Layout,3 BHK,Society_53,1450,3.0,3.0,108.73
Built-up  Area,Ready To Move,Yelahanka,3 BHK,,1699,4.0,3.0,95.62
Carpet  Area,Ready To Move,Malleshwaram,1 BHK,Society_119,641,1.0,1.0,85.74
Super built-up  Area,22-Jan,Rajarajeshwari Nagara,3 BHK,,1435,4.0,2.0,92.26
Built-up  Area,Ready To Move,Bommasandra,3 BHK,,1319,3.0,1.0,86.65
Built-up  Area,Ready To Move,Lavelle Road,2 BHK,,1018,1.0,2.0,193.77
Built-up  Area,Ready To Move,Gottigere,4 BHK,Society_79,2374,4.0,3.0,155.33
Super built-up  Area,Ready To Move,Vidyaranyapura,2 BHK,,1268 - 1368,3.0,2.0,77.66
Built-up  Area,Ready To Move,Bommasandra,1 BHK,Society_105,855,2.0,1.0,43.24
Super built-up  Area,Ready To Move,Jigani,2 BHK,Society_170,1088,2.0,2.0,68.07
Plot  Area,22-Jan,Horamavu Agara,1 BHK,,852 - 952,1.0,0.0,77.11
Built-up  Area,Ready To Move,JP Nagar,2 BHK,,1333,3.0,0.0,118.84
Plot  Area,22-Jan,Ejipura,3 BHK,,1545,2.0,3.0,149.18
Super built-up  Area,Ready To Move,Domlur,2 BHK,Society_149,1023,2.0,1.0,105.9
Super built-up  Area,22-Jan,Lingarajapuram,4 BHK,,2470,3.0,2.0,158.14
Built-up  Area,19-Dec,Attibele,3 BHK,Society_80,1742 - 1842,4.0,1.0,145.6
Built-up  Area,Ready To Move,Magadi Road,2 BHK,Society_9,836,2.0,1.0,48.55
Built-up  Area,Ready To Move,Gottigere,3 BHK,,1615,2.0,2.0,73.01
Super built-up  Area,Ready To Move,Electronic City,2 BHK,,1135,3.0,1.0,57.43
Built-up  Area,Ready To Move,Kengeri,2 BHK,,800,1.0,1.0,39.86
Super built-up  Area,Ready To Move,Marathahalli,2 BHK,,768 - 868,2.0,2.0,55.68
Super built-up  Area,Ready To Move,Arekere,2 BHK,,1008,2.0,1.0,69.95
Plot  Area,Ready To Move,Laggere,4 BHK,Society_33,2344,4.0,1.0,146.77
Super built-up  Area,22-Jan,Brigade Road,3 BHK,Society_74,1668,3.0,2.0,235.63
Built-up  Area,Ready To Move,Anekal,3 BHK,,1418,4.0,3.0,47.0
Super built-up  Area,Ready To Move,Chandapura,4 BHK,Society_105,2056,4.0,2.0,73.72
Built-up  Area,Ready To Move,Bommanahalli,3 BHK,,1694,3.0,0.0,78.41
Super built-up  Area,Ready To Move,Vasanth Nagar,3 BHK,,1710,3.0,1.0,173.67
Built-up  Area,22-Jan,Rachenahalli,2 BHK,Society_85,955,2.0,2.0,54.62
Built-up  Area,Ready To Move,KR Puram,1 BHK,,500,1.0,1.0,32.19
Plot  Area,Ready To Move,New BEL Road,3 BHK,,1444,3.0,2.0,102.21
Super built-up  Area,Ready To Move,Akshaya Nagar,4 BHK,,2099,4.0,1.0,113.07
Super built-up  Area,Ready To Move,Attibele,3 BHK,Society_22,1667 - 1767,3.0,1.0,115.16
Built-up  Area,Ready To Move,Malleshwaram,3 BHK,,1223 - 1323,3.0,1.0,180.72
Built-up  Area,Ready To Move,Horamavu Agara,2 BHK,,1129,2.0,1.0,68.37
Carpet  Area,Ready To Move,Basavanagudi,3 BHK,Society_58,1433,3.0,1.0,147.83
Super built-up  Area,Ready To Move,Malleshwaram,2 BHK,Society_142,1215 - 1315,2.0,2.0,146.27
Super built-up  Area,22-Jan,Malleshwaram,2 BHK,,1109,2.0,2.0,139.52
Carpet  Area,19-Dec,Attibele,3 BHK,Society_164,1312,3.0,3.0,78.03
Super built-up  Area,Ready To Move,Akshaya Nagar,4 BHK,,2126,4.0,2.0,122.07
Plot  Area,Ready To Move,Thanisandra Main Road,2 BHK,Society_9,1033,2.0,2.0,52.57
Carpet  Area,Ready To Move,Bommanahalli,2 BHK,,1132,2.0,0.0,59.63
Built-up  Area,Ready To Move,Bannerghatta Road,2 BHK,,865,2.0,2.0,60.21
Super built-up  Area,22-Jan,Banaswadi,4 BHK,Society_53,2339,3.0,1.0,154.03
Built-up  Area,Ready To Move,Magadi Road,2 BHK,,1158,2.0,2.0,65.76
Built-up  Area,Ready To Move,Begur Road,3 BHK,Society_137,1352,3.0,0.0,83.01
Super built-up  Area,Ready To Move,Banashankari,2 BHK,,1279,2.0,0.0,82.17
Plot  Area,22-Jan,Koramangala,3 BHK,Society_157,1396,3.0,2.0,271.92
Super built-up  Area,19-Dec,Begur Road,3 BHK,Society_23,1567,2.0,1.0,114.72
Super built-up  Area,Ready To Move,Whitefield,3 BHK,Society_166,1332,2.0,0.0,122.57
Built-up  Area,Ready To Move,Hormavu,1 BHK,Society_144,845,1.0,0.0,52.17
Super built-up  Area,Ready To Move,Old Madras Road,3 BHK,Society_134,1522,3.0,2.0,112.0
Super built-up  Area,Ready To Move,Kammanahalli,3 BHK,,1666,3.0,2.0,103.19
Built-up  Area,Ready To Move,Rajarajeshwari Nagara,4 BHK,,2549 - 2649,4.0,2.0,136.81
Built-up  Area,Ready To Move,Chandapura,3 BHK,,1660,3.0,1.0,82.9
Plot  Area,19-Dec,Yelahanka,2 BHK,Society_90,951,2.0,0.0,75.55
Built-up  Area,Ready To Move,Indira Nagar,3 BHK,,1449,3.0,1.0,190.39
Plot  Area,Ready To Move,Ejipura,3 BHK,Society_31,1489,3.0,1.0,138.32
Super built-up  Area,22-Jan,Lingarajapuram,1 BHK,Society_57,451,1.0,1.0,23.36
Carpet  Area,Ready To Move,Lavelle Road,2 BHK,Society_150,1263,3.0,2.0,297.88
Super built-up  Area,22-Jan,Banaswadi,1 BHK,,642,1.0,1.0,37.35
Super built-up  Area,19-Dec,Raja Rajeshwari Nagar,3 BHK,Society_105,1315,3.0,1.0,85.23
Super built-up  Area,22-Jan,Kengeri,3 BHK,Society_159,1675,4.0,2.0,90.29
Built-up  Area,22-Jan,Anekal,4 BHK,Society_160,2076,3.0,3.0,89.83
Plot  Area,Ready To Move,Uttarahalli,4 BHK,,2451,4.0,1.0,147.57
Built-up  Area,Ready To Move,Brigade Road,2 BHK,,1263 - 1363,1.0,0.0,253.89
Super built-up  Area,Ready To Move,Uttarahalli,3 BHK,Society_153,1416,3.0,0.0,89.31
Super built-up  Area,19-Dec,Bellandur,4 BHK,,2423,3.0,1.0,216.45
Super built-up  Area,22-Jan,Vijayanagar,2 BHK,,1234,3.0,1.0,63.45
Plot  Area,Ready To Move,Mahadevapura,5 BHK,Society_53,3757,4.0,1.0,180.02
Super built-up  Area,Ready To Move,Kanakapura Road,5 BHK,,3481,6.0,1.0,225.29
Super built-up  Area,Ready To Move,Thanisandra,4 BHK,Society_76,2576,4.0,2.0,169.16
Plot  Area,22-Jan,Marathahalli,3 BHK,Society_109,1382,2.0,3.0,103.89
Built-up  Area,Ready To Move,Kadugodi,4 BHK,,2346,3.0,2.0,140.06
Built-up  Area,Ready To Move,Hosa Road,2 BHK,,1199,1.0,2.0,72.84
Super built-up  Area,22-Jan,Old Madras Road,3 BHK,,1425 - 1525,2.0,0.0,105.59
Super built-up  Area,19-Dec,Arekere,3 BHK,,1514,3.0,1.0,94.1
Built-up  Area,Ready To Move,Jalahalli,4 BHK,,2564,3.0,2.0,138.06
Super built-up  Area,Ready To Move,Bellandur,3 BHK,,1374,2.0,1.0,116.88
Super built-up  Area,22-Jan,Jakkur,2 BHK,,1084,1.0,2.0,46.69
Super built-up  Area,Ready To Move,Laggere,4 BHK,Society_175,2227 - 2327,4.0,1.0,98.73
Plot  Area,Ready To Move,Dasarahalli,3 BHK,,1283,3.0,2.0,89.66
Super built-up  Area,22-Jan,Malleshwaram,4 BHK,,2315 - 2415,5.0,0.0,312.17
Super built-up  Area,Ready To Move,Uttarahalli,2 BHK,Society_141,875,2.0,2.0,48.85
Plot  Area,Ready To Move,Raja Rajeshwari Nagar,5 BHK,,3870,5.0,1.0,315.42
Built-up  Area,Ready To Move,Koramangala,3 BHK,Society_103,1437,3.0,2.0,179.03
Plot  Area,Ready To Move,Hebbal,4 BHK,,2317,5.0,0.0,242.74
Super built-up  Area,22-Jan,Mahadevapura,3 BHK,,1634,2.0,3.0,111.74
Built-up  Area,19-Dec,Nayandahalli,4 BHK,Society_101,2565,3.0,1.0,161.37
Super built-up  Area,Ready To Move,HBR Layout,2 BHK,,1003,2.0,2.0,50.09
Super built-up  Area,Ready To Move,Nayandahalli,4 BHK,Society_15,2093,4.0,3.0,137.39
Built-up  Area,19-Dec,Kadugodi,2 BHK,Society_152,991,2.0,1.0,70.66
Super built-up  Area,Ready To Move,Hormavu,3 BHK,Society_159,1277,4.0,2.0,80.87
Super built-up  Area,19-Dec,BTM Layout,3 BHK,Society_193,1309,3.0,2.0,109.09
Carpet  Area,Ready To Move,Ejipura,3 BHK,Society_23,1785,3.0,2.0,157.89
Carpet  Area,19-Dec,Vijayanagar,2 BHK,Society_17,926,2.0,1.0,62.81
Built-up  Area,19-Dec,Benson Town,2 BHK,,1217,2.0,0.0,81.99
Super built-up  Area,22-Jan,Jakkur,2 BHK,Society_131,1059,3.0,2.0,64.77
Built-up  Area,Ready To Move,Mysore Road,3 BHK,,1774,3.0,1.0,103.73
Built-up  Area,Ready To Move,Banashankari,3 BHK,Society_34,1321,3.0,3.0,77.06
Super built-up  Area,22-Jan,HRBR Layout,4 BHK,Society_195,2211,5.0,0.0,185.5
Super built-up  Area,Ready To Move,Fraser Town,2 BHK,,1239,2.0,2.0,46.89
Super built-up  Area,Ready To Move,Brigade Road,3 BHK,,1701,2.0,3.0,240.94
Super built-up  Area,Ready To Move,Peenya,4 BHK,,2074,4.0,1.0,102.54
Built-up  Area,19-Dec,Cunningham Road,3 BHK,,1411,3.0,1.0,265.31
Built-up  Area,Ready To Move,Old Airport Road,3 BHK,Society_147,1315 - 1415,3.0,1.0,111.4
Built-up  Area,Ready To Move,Wilson Garden,4 BHK,,2348,3.0,3.0,242.89
Plot  Area,Ready To Move,Kammanahalli,3 BHK,Society_35,1653,3.0,3.0,111.7
Built-up  Area,Ready To Move,KR Puram,5 BHK,Society_130,3798 - 3898,5.0,1.0,242.03
Carpet  Area,Ready To Move,Varthur,2 BHK,,827,2.0,2.0,44.98
Super built-up  Area,Ready To Move,Kumaraswamy Layout,4 BHK,,2363,4.0,1.0,105.2
Super built-up  Area,22-Jan,HRBR Layout,4 BHK,,2257,4.0,3.0,140.09
Super built-up  Area,19-Dec,Thanisandra,3 BHK,Society_25,1485,2.0,1.0,94.25
Super built-up  Area,Ready To Move,Brigade Road,4 BHK,Society_103,2193,4.0,0.0,362.56
Super built-up  Area,22-Jan,Bagalur,3 BHK,,1481,2.0,1.0,94.49
Super built-up  Area,Ready To Move,KR Puram,4 BHK,,2282 - 2382,3.0,1.0,110.69
Super built-up  Area,19-Dec,Kalyan Nagar,2 BHK,,1166,2.0,0.0,76.85
Super built-up  Area,22-Jan,Banaswadi,1 BHK,,840,2.0,1.0,54.83
Super built-up  Area,Ready To Move,Budigere Cross,2 BHK,Society_121,863,3.0,2.0,61.09
Built-up  Area,19-Dec,Raja Rajeshwari Nagar,3 BHK,,1632,3.0,1.0,106.75
Super built-up  Area,19-Dec,Fraser Town,1 BHK,,945,1.0,1.0,43.45
Super built-up  Area,Ready To Move,Kogilu,3 BHK,Society_119,1677,3.0,2.0,131.17
Super built-up  Area,Ready To Move,Akshaya Nagar,2 BHK,,824,2.0,2.0,39.68
Super built-up  Area,Ready To Move,Old Madras Road,3 BHK,Society_21,1520,3.0,0.0,97.28
Carpet  Area,Ready To Move,Gottigere,3 BHK,Society_142,1448,3.0,1.0,93.35
Plot  Area,19-Dec,BTM Layout,3 BHK,,1521,2.0,1.0,147.98
Carpet  Area,Ready To Move,Jakkur,2 BHK,,1110,1.0,2.0,65.29
Plot  Area,22-Jan,Basavanagudi,3 BHK,Society_84,1490,3.0,2.0,153.49
Plot  Area,Ready To Move,Jakkur,2 BHK,Society_143,1247,2.0,1.0,90.6
Built-up  Area,Ready To Move,Kogilu,1 BHK,Society_13,388 - 488,1.0,1.0,18.31
Super built-up  Area,22-Jan,Jakkur,4 BHK,Society_196,2172,4.0,1.0,114.7
Super built-up  Area,Ready To Move,Haralur Road,3 BHK,,1236 - 1336,3.0,3.0,61.08
Super built-up  Area,Ready To Move,Sahakara Nagar,4 BHK,Society_38,2521,4.0,0.0,137.28
Super built-up  Area,Ready To Move,Wilson Garden,3 BHK,Society_194,1292,2.0,1.0,101.18
Built-up  Area,22-Jan,Chikkaballapur Road,2 BHK,,1172,3.0,0.0,50.16
Super built-up  Area,Ready To Move,Ejipura,3 BHK,,1619 - 1719,3.0,3.0,158.15
Super built-up  Area,19-Dec,Thanisandra Main Road,3 BHK,,1719 - 1819,3.0,1.0,98.56
Built-up  Area,Ready To Move,Wilson Garden,2 BHK,Society_35,1126,2.0,2.0,98.76
Plot  Area,22-Jan,MG Road,3 BHK,Society_177,1419,4.0,1.0,338.2
Built-up  Area,Ready To Move,Attibele,1 BHK,,488,1.0,1.0,32.14
Built-up  Area,Ready To Move,Kanakapura Road,4 BHK,Society_197,2338,3.0,2.0,135.75
Super built-up  Area,Ready To Move,Basavanagudi,3 BHK,,1309 - 1409,2.0,2.0,154.69
Super built-up  Area,Ready To Move,Bagalur,3 BHK,,1635,3.0,3.0,87.24
Super built-up  Area,22-Jan,Begur Road,3 BHK,Society_114,1688,3.0,2.0,83.34
Carpet  Area,22-Jan,Magadi Road,1 BHK,,486,1.0,1.0,26.81
Built-up  Area,Ready To Move,Begur Road,2 BHK,Society_79,870 - 970,2.0,2.0,50.58
Built-up  Area,Ready To Move,Ramamurthy Nagar,1 BHK,,522,1.0,0.0,37.41
Super built-up  Area,Ready To Move,HSR Layout,4 BHK,,2418,4.0,2.0,294.59
Plot  Area,Ready To Move,Old Airport Road,4 BHK,,2229,4.0,2.0,265.38
Super built-up  Area,22-Jan,Hoodi,4 BHK,,2320 - 2420,4.0,1.0,146.69
Built-up  Area,Ready To Move,Wilson Garden,3 BHK,Society_77,1449,3.0,3.0,137.81
Super built-up  Area,Ready To Move,Banashankari,3 BHK,Society_68,1356,2.0,1.0,83.41
Built-up  Area,22-Jan,Begur Road,3 BHK,Society_39,1572,2.0,1.0,117.2
Super built-up  Area,Ready To Move,BTM Layout,3 BHK,,1746 - 1846,3.0,1.0,175.98
Super built-up  Area,22-Jan,Akshaya Nagar,3 BHK,Society_173,1779,4.0,2.0,102.42
Built-up  Area,Ready To Move,Devanahalli,3 BHK,,1324 - 1424,3.0,2.0,60.03
Built-up  Area,22-Jan,Old Madras Road,3 BHK,Society_37,1378,3.0,2.0,79.41
Built-up  Area,Ready To Move,Benson Town,2 BHK,,949 - 1049,2.0,1.0,48.29
Plot  Area,Ready To Move,Banashankari,4 BHK,,2290,4.0,2.0,164.47
Built-up  Area,Ready To Move,Raja Rajeshwari Nagar,2 BHK,Society_122,872,1.0,2.0,68.13
Super built-up  Area,19-Dec,Budigere Cross,3 BHK,Society_144,1357 - 1457,3.0,0.0,82.16
Built-up  Area,Ready To Move,Arekere,3 BHK,Society_85,1514,3.0,0.0,104.48
Built-up  Area,Ready To Move,Vijayanagar,3 BHK,,1543,3.0,1.0,93.63
Carpet  Area,Ready To Move,Sarjapur Road,2 BHK,Society_19,1246,3.0,2.0,77.29
Built-up  Area,Ready To Move,MG Road,3 BHK,,1343,3.0,0.0,184.89
Super built-up  Area,Ready To Move,JP Nagar,3 BHK,Society_185,1343 - 1443,2.0,0.0,118.04
Built-up  Area,Ready To Move,Kalyan Nagar,2 BHK,,1283,1.0,1.0,92.75
Super built-up  Area,Ready To Move,Lavelle Road,2 BHK,Society_66,901,1.0,1.0,183.61
Carpet  Area,Ready To Move,Rajaji Nagar,3 BHK,,1636,4.0,0.0,175.22
Plot  Area,19-Dec,CV Raman Nagar,3 BHK,,1550,3.0,0.0,110.17
Built-up  Area,19-Dec,Chamrajpet,3 BHK,Society_76,1443,2.0,3.0,89.71
Built-up  Area,Ready To Move,BTM Layout,3 BHK,,1636,4.0,3.0,99.3
Super built-up  Area,22-Jan,Koramangala,3 BHK,,1569,3.0,3.0,203.54
Built-up  Area,Ready To Move,Kengeri,3 BHK,Society_42,1660,2.0,1.0,84.03
Built-up  Area,Ready To Move,Whitefield,3 BHK,,1323,2.0,3.0,81.62
Super built-up  Area,22-Jan,Girinagar,3 BHK,Society_170,1678,3.0,1.0,104.09
Plot  Area,Ready To Move,Horamavu Agara,3 BHK,,1758,3.0,1.0,115.27
Super built-up  Area,Ready To Move,MG Road,2 BHK,Society_130,803,2.0,1.0,189.55
Super built-up  Area,Ready To Move,Chandapura,2 BHK,Society_60,1299,2.0,2.0,43.56
Super built-up  Area,19-Dec,Narayanapura,3 BHK,Society_162,1660,2.0,2.0,107.71
Plot  Area,22-Jan,Ejipura,3 BHK,,1430,3.0,1.0,131.11
Super built-up  Area,19-Dec,Narayanapura,4 BHK,Society_115,2493,4.0,3.0,160.68
Plot  Area,22-Jan,Richmond Town,3 BHK,,1441 - 1541,3.0,1.0,302.64
Built-up  Area,Ready To Move,HBR Layout,3 BHK,,1555,3.0,3.0,90.61
Super built-up  Area,Ready To Move,Magadi Road,3 BHK,,1573,3.0,3.0,92.33
Super built-up  Area,Ready To Move,Ulsoor,4 BHK,,2092,4.0,0.0,234.2
Built-up  Area,19-Dec,Kogilu,3 BHK,Society_21,1271,4.0,1.0,79.07
Super built-up  Area,22-Jan,Mysore Road,3 BHK,Society_137,1334,3.0,2.0,63.81
Super built-up  Area,Ready To Move,Arekere,1 BHK,,937,1.0,1.0,52.5
Built-up  Area,19-Dec,Kogilu,3 BHK,Society_23,1419,3.0,2.0,89.34
Super built-up  Area,19-Dec,Kudlu Gate,4 BHK,,2147,3.0,1.0,142.96
Built-up  Area,19-Dec,Basavanagudi,2 BHK,,1259,2.0,2.0,114.25
Super built-up  Area,19-Dec,Bommasandra,2 BHK,Society_64,1243,1.0,2.0,89.18
Plot  Area,19-Dec,Yeshwanthpur,3 BHK,,1678 - 1778,3.0,0.0,106.29
Built-up  Area,Ready To Move,Haralur Road,2 BHK,Society_76,911,3.0,2.0,55.67
Super built-up  Area,Ready To Move,Arekere,3 BHK,,1292,3.0,0.0,68.44
Super built-up  Area,Ready To Move,Uttarahalli,3 BHK,Society_78,1260,3.0,1.0,67.59
Plot  Area,19-Dec,Whitefield,3 BHK,Society_61,1545 - 1645,4.0,1.0,126.85
Super built-up  Area,19-Dec,Raja Rajeshwari Nagar,3 BHK,Society_70,1690,3.0,3.0,104.88
Super built-up  Area,Ready To Move,Thanisandra,2 BHK,,1308,2.0,1.0,85.29
Super built-up  Area,Ready To Move,Uttarahalli,4 BHK,Society_145,2165,4.0,2.0,113.09
Carpet  Area,19-Dec,Domlur,2 BHK,,1065,3.0,2.0,128.35
Super built-up  Area,22-Jan,BTM Layout,5 BHK,Society_138,3834,5.0,2.0,342.99
Built-up  Area,22-Jan,Sarjapur Road,2 BHK,Society_123,812,2.0,2.0,42.0
Built-up  Area,22-Jan,Padmanabhanagar,2 BHK,Society_32,1290,2.0,0.0,92.8
Plot  Area,19-Dec,KR Puram,2 BHK,Society_108,1018,1.0,2.0,63.11
Plot  Area,19-Dec,Laggere,4 BHK,Society_120,2550,5.0,0.0,213.99
Super built-up  Area,22-Jan,Old Airport Road,4 BHK,,2214 - 2314,4.0,2.0,208.69
Plot  Area,Ready To Move,Malleshwaram,3 BHK,,1209 - 1309,4.0,2.0,208.64
Built-up  Area,22-Jan,Malleshwaram,4 BHK,Society_17,2346,4.0,2.0,320.97
Plot  Area,19-Dec,Indira Nagar,4 BHK,Society_170,2278,4.0,1.0,448.76
Super built-up  Area,22-Jan,Horamavu Agara,4 BHK,Society_35,2224 - 2324,5.0,3.0,145.38
Super built-up  Area,Ready To Move,Mysore Road,5 BHK,Society_72,3465,5.0,2.0,252.1
Plot  Area,22-Jan,Yelahanka,2 BHK,Society_24,1249 - 1349,2.0,2.0,98.68
Built-up  Area,Ready To Move,Hormavu,3 BHK,Society_70,1435 - 1535,3.0,1.0,102.71
Super built-up  Area,Ready To Move,Hormavu,2 BHK,Society_78,955,2.0,1.0,61.85
Super built-up  Area,Ready To Move,Banashankari,3 BHK,Society_121,1558,3.0,2.0,97.09
Super built-up  Area,Ready To Move,Vijayanagar,3 BHK,Society_104,1691,4.0,2.0,60.53
Super built-up  Area,Ready To Move,Hulimavu,2 BHK,,1313,2.0,2.0,91.77
Plot  Area,Ready To Move,Chandapura,3 BHK,,1491 - 1591,3.0,0.0,70.04
Super built-up  Area,Ready To Move,Haralur Road,3 BHK,,1584,3.0,3.0,83.29
Carpet  Area,22-Jan,Kadugodi,2 BHK,,1189 - 1289,2.0,2.0,77.77
Plot  Area,19-Dec,Rajaji Nagar,3 BHK,,1767,3.0,0.0,199.39
Plot  Area,Ready To Move,Bommasandra,4 BHK,,2516,4.0,1.0,169.36
Plot  Area,Ready To Move,Yelahanka,2 BHK,Society_2,1132,2.0,2.0,85.17
Built-up  Area,22-Jan,Haralur Road,2 BHK,,1093,3.0,2.0,69.56
Built-up  Area,Ready To Move,Jigani,4 BHK,,2239,3.0,2.0,118.27
Plot  Area,Ready To Move,New BEL Road,2 BHK,Society_45,1235,2.0,1.0,85.31
Carpet  Area,22-Jan,Ejipura,3 BHK,,1310,2.0,3.0,152.35
Super built-up  Area,22-Jan,Kammanahalli,1 BHK,Society_82,549,1.0,0.0,37.05
Super built-up  Area,Ready To Move,Hosa Road,2 BHK,Society_86,1278,2.0,1.0,80.73
Super built-up  Area,Ready To Move,Thanisandra,2 BHK,,844,2.0,1.0,49.51
Carpet  Area,22-Jan,Budigere Cross,1 BHK,Society_196,924,2.0,1.0,54.54
Super built-up  Area,19-Dec,Banashankari,2 BHK,,1145,1.0,2.0,73.73
Plot  Area,22-Jan,Padmanabhanagar,4 BHK,Society_105,2329 - 2429,5.0,2.0,131.65
Built-up  Area,Ready To Move,Vasanth Nagar,3 BHK,,1617,3.0,2.0,202.1
Super built-up  Area,22-Jan,Thanisandra Main Road,2 BHK,,1262,3.0,2.0,66.26
Plot  Area,19-Dec,Vidyaranyapura,3 BHK,,1660,3.0,2.0,120.2
Built-up  Area,19-Dec,Hebbal,2 BHK,,887,2.0,2.0,61.66
Built-up  Area,Ready To Move,Rajaji Nagar,3 BHK,,1474,3.0,3.0,163.55
Built-up  Area,Ready To Move,Banaswadi,3 BHK,Society_78,1474,4.0,2.0,67.51
Built-up  Area,22-Jan,Cunningham Road,3 BHK,Society_114,1460 - 1560,2.0,1.0,238.27
Super built-up  Area,Ready To Move,Nagarbhavi,4 BHK,Society_160,2451,5.0,0.0,165.5
Built-up  Area,Ready To Move,Sadashiva Nagar,3 BHK,,1473,2.0,2.0,198.68
Super built-up  Area,22-Jan,Hoodi,3 BHK,,1420,4.0,0.0,99.54
Plot  Area,19-Dec,Magadi Road,3 BHK,,1579,2.0,2.0,101.43
Super built-up  Area,Ready To Move,Uttarahalli,2 BHK,,849,2.0,1.0,56.25
Built-up  Area,22-Jan,Marathahalli,3 BHK,Society_184,1779,3.0,0.0,137.9
Built-up  Area,Ready To Move,Bellandur,3 BHK,,1470,3.0,2.0,120.03
Plot  Area,22-Jan,Attibele,2 BHK,Society_174,1322,2.0,2.0,86.96
Plot  Area,19-Dec,Bannerghatta Road,3 BHK,Society_5,1755,3.0,3.0,135.32
Carpet  Area,19-Dec,Kammanahalli,4 BHK,,2550,3.0,3.0,191.18
Super built-up  Area,Ready To Move,Bommasandra,3 BHK,,1325,2.0,1.0,91.39
Built-up  Area,19-Dec,Budigere Cross,4 BHK,Society_30,2057,4.0,2.0,131.98
Carpet  Area,22-Jan,Kadugodi,2 BHK,,1112,2.0,2.0,54.92
Super built-up  Area,Ready To Move,CV Raman Nagar,2 BHK,Society_171,1155 - 1255,2.0,1.0,85.92
Plot  Area,Ready To Move,Basaveshwara Nagar,2 BHK,Society_162,1086 - 1186,2.0,1.0,85.89
Built-up  Area,Ready To Move,Bannerghatta Road,3 BHK,Society_171,1623 - 1723,3.0,2.0,104.99
Super built-up  Area,22-Jan,Bommasandra,2 BHK,Society_10,801 - 901,3.0,0.0,54.68
Built-up  Area,Ready To Move,Kalyan Nagar,3 BHK,Society_133,1267,2.0,1.0,78.31
Super built-up  Area,Ready To Move,Wilson Garden,2 BHK,,1080,2.0,0.0,94.02
Plot  Area,Ready To Move,Hormavu,3 BHK,,1442 - 1542,4.0,2.0,122.47
Super built-up  Area,Ready To Move,JP Nagar,2 BHK,,1252,2.0,2.0,97.81
Built-up  Area,Ready To Move,Magadi Road,3 BHK,,1378,2.0,2.0,91.14
Super built-up  Area,22-Jan,Hormavu,4 BHK,,2032 - 2132,5.0,1.0,108.23
Plot  Area,22-Jan,Rachenahalli,3 BHK,Society_116,1261,2.0,1.0,91.75
Built-up  Area,Ready To Move,Kumaraswamy Layout,3 BHK,,1529,4.0,0.0,80.62
Carpet  Area,Ready To Move,Chikkaballapur Road,3 BHK,,1300,3.0,2.0,90.27
Super built-up  Area,Ready To Move,Thanisandra Main Road,2 BHK,,838,2.0,1.0,49.23
Super built-up  Area,Ready To Move,Attibele,2 BHK,,886,2.0,2.0,52.53
Built-up  Area,19-Dec,Begur Road,4 BHK,,2335,3.0,2.0,141.63
Built-up  Area,19-Dec,Kadugodi,3 BHK,Society_56,1360,3.0,1.0,75.85
Plot  Area,19-Dec,Hosa Road,2 BHK,,1144,3.0,0.0,76.2
Plot  Area,Ready To Move,Horamavu Agara,4 BHK,,2534,4.0,3.0,174.07
Built-up  Area,Ready To Move,Kasturi Nagar,2 BHK,,1168,3.0,1.0,64.55
Super built-up  Area,Ready To Move,Kogilu,2 BHK,,1027,2.0,2.0,60.6
Built-up  Area,Ready To Move,Raja Rajeshwari Nagar,3 BHK,,1779,3.0,2.0,95.83
Plot  Area,19-Dec,Koramangala,3 BHK,Society_36,1250,3.0,0.0,209.41
Super built-up  Area,22-Jan,HSR Layout,5 BHK,,3499,5.0,1.0,297.17
Super built-up  Area,Ready To Move,Anekal,2 BHK,,1254,1.0,1.0,46.73
Super built-up  Area,Ready To Move,Yeshwanthpur,3 BHK,Society_71,1728,4.0,2.0,106.55
Super built-up  Area,19-Dec,Kammanahalli,3 BHK,,1379,3.0,0.0,89.7
Plot  Area,Ready To Move,Benson Town,3 BHK,Society_137,1693,3.0,3.0,121.17
Super built-up  Area,Ready To Move,Budigere Cross,3 BHK,Society_78,1425,3.0,1.0,97.33
Built-up  Area,22-Jan,Kasturi Nagar,3 BHK,,1490,3.0,3.0,107.69
Built-up  Area,19-Dec,Ejipura,2 BHK,Society_152,939,1.0,2.0,62.94
Super built-up  Area,Ready To Move,Mysore Road,1 BHK,Society_21,823,1.0,1.0,38.14
Super built-up  Area,19-Dec,Magadi Road,4 BHK,Society_84,2327,4.0,2.0,103.69
Built-up  Area,Ready To Move,Hosa Road,3 BHK,Society_129,1678,4.0,1.0,118.56
Super built-up  Area,Ready To Move,Fraser Town,4 BHK,,2090,4.0,1.0,106.06
Plot  Area,Ready To Move,Bellandur,3 BHK,Society_121,1370,4.0,1.0,157.04
Super built-up  Area,Ready To Move,Yelahanka,3 BHK,,1632,4.0,1.0,85.2
Built-up  Area,22-Jan,Brigade Road,3 BHK,Society_131,1447 - 1547,3.0,1.0,209.19
Super built-up  Area,Ready To Move,Indira Nagar,3 BHK,,1256,3.0,1.0,197.53
Super built-up  Area,22-Jan,Narayanapura,4 BHK,Society_49,2515,4.0,1.0,149.35
Carpet  Area,Ready To Move,Hoodi,3 BHK,,1469,3.0,2.0,73.85
Plot  Area,Ready To Move,Hulimavu,2 BHK,,976,3.0,0.0,73.73
Super built-up  Area,19-Dec,Bommasandra,4 BHK,,2234,4.0,3.0,144.0
Built-up  Area,22-Jan,Cunningham Road,2 BHK,,1232,1.0,0.0,176.53
Carpet  Area,22-Jan,Brigade Road,3 BHK,,1781,3.0,2.0,347.62
Super built-up  Area,Ready To Move,Vasanth Nagar,3 BHK,,1761,3.0,0.0,290.21
Plot  Area,Ready To Move,Kudlu Gate,2 BHK,,1119,1.0,1.0,86.19
Super built-up  Area,22-Jan,Cunningham Road,4 BHK,Society_105,2072,5.0,1.0,352.62
Super built-up  Area,Ready To Move,Kogilu,2 BHK,Society_9,1126 - 1226,1.0,2.0,72.24
Plot  Area,22-Jan,Benson Town,2 BHK,Society_66,1048,2.0,2.0,91.03
Built-up  Area,19-Dec,Basavanagudi,3 BHK,,1441,3.0,2.0,156.63
Plot  Area,Ready To Move,Sadashiva Nagar,3 BHK,,1398 - 1498,4.0,3.0,271.07
Built-up  Area,19-Dec,Kumaraswamy Layout,3 BHK,,1377,3.0,2.0,95.71
Super built-up  Area,22-Jan,MG Road,2 BHK,,1247 - 1347,2.0,0.0,230.03
Built-up  Area,19-Dec,Chamrajpet,2 BHK,Society_162,1313,3.0,1.0,88.61
Super built-up  Area,19-Dec,BTM Layout,3 BHK,,1335,2.0,1.0,91.84
Super built-up  Area,19-Dec,Padmanabhanagar,4 BHK,Society_112,2108,4.0,1.0,124.97
Super built-up  Area,Ready To Move,Jayanagar,3 BHK,,1546,2.0,3.0,141.9
Super built-up  Area,19-Dec,Girinagar,3 BHK,,1571,2.0,1.0,102.7
Super built-up  Area,Ready To Move,BTM Layout,3 BHK,Society_47,1276,3.0,1.0,109.4
Carpet  Area,19-Dec,Whitefield,3 BHK,Society_183,1476 - 1576,4.0,2.0,100.64
Built-up  Area,Ready To Move,Lingarajapuram,4 BHK,Society_71,2455,4.0,1.0,154.13
Built-up  Area,22-Jan,Kalyan Nagar,3 BHK,,1409,3.0,1.0,109.91
Super built-up  Area,Ready To Move,Haralur Road,3 BHK,,1789,3.0,3.0,110.42
Plot  Area,Ready To Move,Dasarahalli,3 BHK,,1699,4.0,3.0,77.36
Super built-up  Area,22-Jan,Hormavu,2 BHK,Society_189,1187,2.0,2.0,69.15
Carpet  Area,Ready To Move,HRBR Layout,4 BHK,,2514,4.0,0.0,113.63
Super built-up  Area,Ready To Move,KR Puram,1 BHK,Society_10,815,1.0,0.0,46.12
Super built-up  Area,Ready To Move,Vijayanagar,2 BHK,Society_99,867,3.0,0.0,59.82
Plot  Area,Ready To Move,Gottigere,3 BHK,Society_15,1771,3.0,1.0,151.1
Super built-up  Area,22-Jan,Old Airport Road,2 BHK,,860,2.0,2.0,79.58
Built-up  Area,19-Dec,Kalyan Nagar,2 BHK,Society_195,1197,2.0,1.0,96.26
Built-up  Area,Ready To Move,Lavelle Road,3 BHK,Society_59,1502,3.0,2.0,321.21
Super built-up  Area,22-Jan,Indira Nagar,3 BHK,,1504,3.0,1.0,258.58
Super built-up  Area,Ready To Move,Mahadevapura,3 BHK,,1711,3.0,1.0,138.65
Carpet  Area,Ready To Move,Vidyaranyapura,3 BHK,,1481,4.0,3.0,70.89
Built-up  Area,Ready To Move,Bellandur,3 BHK,,1450,4.0,2.0,80.21
Built-up  Area,Ready To Move,Arekere,3 BHK,Society_127,1453,3.0,1.0,87.48
Carpet  Area,19-Dec,Thanisandra Main Road,3 BHK,Society_73,1530,3.0,3.0,65.35
Built-up  Area,Ready To Move,Vasanth Nagar,2 BHK,,908,2.0,2.0,118.73
Super built-up  Area,19-Dec,Chamrajpet,4 BHK,,2376 - 2476,5.0,2.0,164.26
Carpet  Area,19-Dec,Richmond Town,4 BHK,Society_58,2189 - 2289,4.0,2.0,228.98
Built-up  Area,Ready To Move,Richmond Town,2 BHK,,910,1.0,2.0,157.02
Plot  Area,19-Dec,Kanakapura Road,3 BHK,Society_22,1777,2.0,1.0,127.69
Built-up  Area,22-Jan,Hoodi,1 BHK,Society_99,850,1.0,1.0,56.45
Carpet  Area,Ready To Move,Narayanapura,3 BHK,,1254,3.0,1.0,69.59
Built-up  Area,19-Dec,Girinagar,3 BHK,,1647,4.0,1.0,93.78
Carpet  Area,22-Jan,Bellandur,2 BHK,,1186,2.0,1.0,92.74
Carpet  Area,Ready To Move,Gottigere,2 BHK,Society_15,1101,2.0,1.0,60.13
Plot  Area,22-Jan,Arekere,4 BHK,Society_18,2417 - 2517,4.0,2.0,177.41
Plot  Area,19-Dec,Ejipura,3 BHK,,1608,2.0,1.0,124.62
Built-up  Area,Ready To Move,Anekal,3 BHK,,1293,3.0,1.0,41.72
Super built-up  Area,19-Dec,Kogilu,4 BHK,,2278,5.0,3.0,145.18
Super built-up  Area,Ready To Move,Laggere,3 BHK,,1459 - 1559,3.0,1.0,117.33
Built-up  Area,Ready To Move,Padmanabhanagar,3 BHK,Society_21,1269,2.0,2.0,64.1
Plot  Area,Ready To Move,JP Nagar,2 BHK,,1187 - 1287,2.0,2.0,93.93
Built-up  Area,22-Jan,Magadi Road,4 BHK,,2313,5.0,2.0,174.79
Carpet  Area,22-Jan,HBR Layout,3 BHK,,1508,3.0,0.0,90.13
Super built-up  Area,19-Dec,Old Madras Road,3 BHK,,1692,3.0,3.0,103.44
Super built-up  Area,Ready To Move,Kammanahalli,1 BHK,Society_178,638,1.0,1.0,40.4
Carpet  Area,19-Dec,Akshaya Nagar,1 BHK,,689 - 789,2.0,1.0,43.29
Super built-up  Area,19-Dec,Hebbal,2 BHK,,1192,2.0,0.0,104.76
Built-up  Area,Ready To Move,Kasturi Nagar,3 BHK,Society_80,1253,2.0,2.0,80.92
Super built-up  Area,19-Dec,Cunningham Road,3 BHK,,1594,4.0,1.0,268.03
Super built-up  Area,Ready To Move,Kasturi Nagar,4 BHK,,2239,4.0,2.0,116.28
Super built-up  Area,Ready To Move,Basavanagudi,2 BHK,,1335,1.0,0.0,177.09
Carpet  Area,Ready To Move,Nagarbhavi,4 BHK,,2526,3.0,2.0,155.63
Built-up  Area,Ready To Move,Jigani,4 BHK,,2443,4.0,1.0,134.53
Plot  Area,Ready To Move,Devanahalli,2 BHK,,896,2.0,1.0,49.54
Built-up  Area,19-Dec,Ramamurthy Nagar,4 BHK,Society_11,2326,5.0,0.0,136.63
Plot  Area,19-Dec,Rachenahalli,2 BHK,,1303,2.0,2.0,88.11
Built-up  Area,Ready To Move,Chikkaballapur Road,3 BHK,,1510,3.0,3.0,103.04
Built-up  Area,Ready To Move,Chamrajpet,3 BHK,Society_1,1734,3.0,2.0,93.49
Carpet  Area,22-Jan,Begur Road,2 BHK,Society_106,1122,2.0,2.0,60.49
Built-up  Area,Ready To Move,Banashankari,3 BHK,,1372,3.0,0.0,53.0
Built-up  Area,Ready To Move,Ulsoor,3 BHK,Society_176,1743 - 1843,3.0,1.0,198.9
Super built-up  Area,22-Jan,Varthur,2 BHK,Society_71,1110,1.0,1.0,63.19
Plot  Area,Ready To Move,Bellandur,2 BHK,Society_137,1157,2.0,1.0,103.43
Super built-up  Area,22-Jan,Varthur,2 BHK,Society_25,1297,3.0,0.0,65.51
Plot  Area,Ready To Move,Basavanagudi,4 BHK,Society_170,2197,4.0,0.0,260.58
Carpet  Area,Ready To Move,Basavanagudi,3 BHK,,1486,3.0,1.0,161.74
Super built-up  Area,Ready To Move,Marathahalli,2 BHK,Society_190,1006,1.0,2.0,73.71
Built-up  Area,Ready To Move,HSR Layout,4 BHK,,2566,3.0,1.0,240.57
Super built-up  Area,Ready To Move,Laggere,4 BHK,,2439,4.0,1.0,144.23
Super built-up  Area,Ready To Move,Banashankari,2 BHK,,971 - 1071,2.0,2.0,51.94
Plot  Area,19-Dec,Nagarbhavi,3 BHK,,1415,2.0,2.0,105.04
Super built-up  Area,Ready To Move,Horamavu Agara,4 BHK,Society_64,2204 - 2304,4.0,3.0,175.64
Carpet  Area,Ready To Move,Chandapura,3 BHK,,1320,3.0,1.0,43.02
Super built-up  Area,19-Dec,Banaswadi,3 BHK,Society_48,1555 - 1655,3.0,1.0,113.3
Carpet  Area,Ready To Move,Kammanahalli,3 BHK,,1634 - 1734,3.0,1.0,76.89
Super built-up  Area,19-Dec,Banashankari,5 BHK,Society_128,3561,5.0,3.0,251.97
Super built-up  Area,Ready To Move,Chamrajpet,1 BHK,,501,1.0,1.0,32.14
Plot  Area,Ready To Move,Sahakara Nagar,3 BHK,,1215 - 1315,4.0,2.0,69.55
Super built-up  Area,19-Dec,Magadi Road,4 BHK,Society_96,2025 - 2125,5.0,1.0,124.75
Built-up  Area,Ready To Move,Kudlu Gate,3 BHK,,1548 - 1648,3.0,2.0,115.24
Plot  Area,Ready To Move,Banashankari,4 BHK,,2582,3.0,0.0,166.52
Built-up  Area,Ready To Move,Kudlu Gate,4 BHK,,2425,5.0,2.0,148.4
Built-up  Area,22-Jan,Brigade Road,1 BHK,,492 - 592,1.0,0.0,80.97
Super built-up  Area,Ready To Move,HSR Layout,4 BHK,,2365 - 2465,3.0,3.0,236.61
Built-up  Area,Ready To Move,Ramamurthy Nagar,2 BHK,,1215,3.0,1.0,86.24
Built-up  Area,Ready To Move,Narayanapura,2 BHK,,853,2.0,1.0,47.03
Plot  Area,19-Dec,Budigere Cross,2 BHK,Society_26,822,2.0,1.0,63.43
Super built-up  Area,19-Dec,Electronic City,3 BHK,,1645,3.0,3.0,68.69
Carpet  Area,Ready To Move,Lingarajapuram,4 BHK,,2059,3.0,3.0,130.34
Built-up  Area,19-Dec,Raja Rajeshwari Nagar,2 BHK,Society_22,1072,2.0,2.0,61.24
Built-up  Area,Ready To Move,Fraser Town,2 BHK,,1025,2.0,0.0,65.58
Built-up  Area,19-Dec,Cox Town,3 BHK,,1237 - 1337,3.0,0.0,75.82
Built-up  Area,19-Dec,Kasturi Nagar,2 BHK,,912 - 1012,2.0,1.0,40.27
Super built-up  Area,22-Jan,Wilson Garden,3 BHK,,1724,2.0,3.0,213.24
Plot  Area,Ready To Move,KR Puram,4 BHK,,2528,4.0,0.0,172.58
Super built-up  Area,Ready To Move,HSR Layout,3 BHK,,1335,3.0,1.0,124.62
Carpet  Area,Ready To Move,Bagalur,3 BHK,Society_50,1325,4.0,1.0,82.21
Super built-up  Area,19-Dec,HBR Layout,5 BHK,Society_86,3668,4.0,2.0,219.86
Super built-up  Area,Ready To Move,Basavanagudi,2 BHK,Society_54,1274,3.0,2.0,159.98
Plot  Area,Ready To Move,Sarjapur Road,4 BHK,Society_97,2354,4.0,3.0,182.35
Carpet  Area,Ready To Move,Jayanagar,2 BHK,,839,3.0,1.0,89.45
Plot  Area,19-Dec,HSR Layout,3 BHK,Society_152,1393,4.0,1.0,124.8
Plot  Area,Ready To Move,MG Road,3 BHK,,1783,4.0,2.0,374.49
Super built-up  Area,Ready To Move,Nayandahalli,4 BHK,,2280,5.0,2.0,136.16
Plot  Area,Ready To Move,Whitefield,3 BHK,,1527,4.0,2.0,99.96
Built-up  Area,Ready To Move,Chandapura,5 BHK,,3863,5.0,1.0,151.16
Plot  Area,Ready To Move,Old Madras Road,3 BHK,Society_79,1731,3.0,0.0,112.51
Super built-up  Area,Ready To Move,Kammanahalli,3 BHK,,1644,4.0,1.0,124.5
Built-up  Area,22-Jan,Kudlu Gate,3 BHK,,1657 - 1757,3.0,3.0,84.03
Super built-up  Area,Ready To Move,Bellandur,2 BHK,,851,1.0,1.0,57.68
Built-up  Area,Ready To Move,Rajaji Nagar,3 BHK,,1507,2.0,3.0,177.3
Built-up  Area,Ready To Move,Varthur,3 BHK,,1695,3.0,1.0,114.1
Super built-up  Area,Ready To Move,Kadugodi,5 BHK,Society_36,3793,5.0,0.0,243.0
Built-up  Area,19-Dec,RT Nagar,3 BHK,,1263,2.0,1.0,74.89
Built-up  Area,Ready To Move,Narayanapura,4 BHK,,2470 - 2570,4.0,2.0,164.04
Super built-up  Area,Ready To Move,Narayanapura,3 BHK,,1340,3.0,0.0,73.16
Super built-up  Area,19-Dec,Cox Town,2 BHK,,993 - 1093,2.0,0.0,56.86
Built-up  Area,22-Jan,MG Road,3 BHK,,1761,3.0,2.0,452.64
Super built-up  Area,19-Dec,Cunningham Road,4 BHK,,2352,5.0,3.0,312.57
Super built-up  Area,Ready To Move,Kogilu,3 BHK,,1298,3.0,3.0,65.63
Super built-up  Area,22-Jan,Basaveshwara Nagar,3 BHK,Society_97,1746,3.0,1.0,125.87
Super built-up  Area,Ready To Move,Brigade Road,4 BHK,,2435,5.0,1.0,526.89
Super built-up  Area,Ready To Move,Benson Town,2 BHK,,933,2.0,1.0,54.84
Built-up  Area,Ready To Move,Old Airport Road,1 BHK,,702,1.0,0.0,60.13
Built-up  Area,Ready To Move,Attibele,5 BHK,,3435 - 3535,5.0,1.0,188.73
Carpet  Area,19-Dec,Hulimavu,2 BHK,,999,2.0,2.0,48.67
Super built-up  Area,Ready To Move,Ramamurthy Nagar,4 BHK,Society_98,2267,3.0,1.0,172.39
Plot  Area,22-Jan,Benson Town,2 BHK,,1269,3.0,2.0,92.65
Super built-up  Area,Ready To Move,Mahadevapura,5 BHK,,3898,6.0,3.0,188.62
Plot  Area,Ready To Move,Narayanapura,2 BHK,,1342,2.0,0.0,109.28
Plot  Area,22-Jan,Basaveshwara Nagar,2 BHK,Society_84,1246,2.0,1.0,113.4
Built-up  Area,Ready To Move,CV Raman Nagar,4 BHK,Society_188,2576,4.0,1.0,131.1
Super built-up  Area,19-Dec,Basavanagudi,4 BHK,Society_143,2529 - 2629,4.0,3.0,298.77
Super built-up  Area,Ready To Move,Raja Rajeshwari Nagar,1 BHK,Society_126,523 - 623,2.0,1.0,32.53
Built-up  Area,Ready To Move,Richmond Town,4 BHK,,2486,5.0,2.0,214.66
Built-up  Area,19-Dec,Nagarbhavi,3 BHK,,1534,3.0,2.0,82.38
Super built-up  Area,Ready To Move,Jalahalli,2 BHK,,1124 - 1224,2.0,2.0,65.76
Built-up  Area,19-Dec,Girinagar,3 BHK,,1678,3.0,1.0,124.43
Super built-up  Area,Ready To Move,KR Puram,3 BHK,,1620,3.0,1.0,106.2
Super built-up  Area,Ready To Move,Domlur,5 BHK,Society_117,3411,5.0,3.0,401.91
Super built-up  Area,Ready To Move,Kammanahalli,3 BHK,,1267 - 1367,4.0,2.0,77.49
Super built-up  Area,19-Dec,Domlur,3 BHK,,1533,3.0,2.0,190.72
Built-up  Area,Ready To Move,Cox Town,3 BHK,,1326,3.0,2.0,89.36
Built-up  Area,19-Dec,Haralur Road,3 BHK,Society_27,1319,2.0,2.0,72.29
Carpet  Area,Ready To Move,Wilson Garden,3 BHK,Society_11,1509,3.0,2.0,111.47
Super built-up  Area,Ready To Move,Yeshwanthpur,2 BHK,,1253,3.0,1.0,59.88
Plot  Area,22-Jan,Yelahanka,1 BHK,Society_54,588 - 688,1.0,1.0,52.66
Built-up  Area,19-Dec,Brigade Road,2 BHK,Society_28,876 - 976,1.0,0.0,151.95
Built-up  Area,Ready To Move,Padmanabhanagar,2 BHK,Society_59,1105,2.0,2.0,71.59
Super built-up  Area,Ready To Move,Banashankari,4 BHK,,2579,5.0,2.0,100.0
Built-up  Area,Ready To Move,Hulimavu,5 BHK,,3786,5.0,3.0,232.86
Super built-up  Area,22-Jan,Nayandahalli,3 BHK,Society_115,1391,4.0,1.0,107.15
Super built-up  Area,Ready To Move,Domlur,3 BHK,Society_56,1433,3.0,1.0,169.27
Built-up  Area,Ready To Move,HRBR Layout,2 BHK,,1076,2.0,2.0,45.65
Plot  Area,19-Dec,Kudlu Gate,2 BHK,Society_14,1037,3.0,1.0,71.31
Built-up  Area,Ready To Move,Electronic City,3 BHK,,1752,4.0,1.0,91.26
Super built-up  Area,19-Dec,MG Road,4 BHK,,2051,4.0,2.0,364.41
Super built-up  Area,Ready To Move,Horamavu Agara,3 BHK,,1271,4.0,2.0,77.38
Super built-up  Area,Ready To Move,Budigere Cross,2 BHK,Society_6,1085 - 1185,2.0,2.0,89.14
Super built-up  Area,Ready To Move,Kammanahalli,2 BHK,Society_103,1002,2.0,1.0,78.99
Plot  Area,Ready To Move,Banashankari,2 BHK,Society_173,1256,1.0,1.0,97.84
Carpet  Area,Ready To Move,Sahakara Nagar,3 BHK,,1742,4.0,2.0,129.01
Super built-up  Area,Ready To Move,Benson Town,4 BHK,Society_118,2450,4.0,1.0,150.09
Super built-up  Area,19-Dec,Bellandur,2 BHK,,1199,2.0,2.0,71.64
Super built-up  Area,Ready To Move,Horamavu Agara,2 BHK,Society_4,1140,3.0,2.0,71.61
Carpet  Area,Ready To Move,Kalyan Nagar,3 BHK,,1650,3.0,2.0,81.79
Super built-up  Area,19-Dec,Mahadevapura,2 BHK,Society_181,1255,2.0,0.0,89.55
Super built-up  Area,22-Jan,Padmanabhanagar,5 BHK,,3770,4.0,2.0,153.33
Super built-up  Area,22-Jan,Koramangala,3 BHK,Society_129,1532,3.0,0.0,195.46
Plot  Area,Ready To Move,Hebbal,3 BHK,Society_27,1655,3.0,2.0,228.07
Built-up  Area,Ready To Move,Laggere,2 BHK,Society_60,1150 - 1250,3.0,1.0,70.14
Super built-up  Area,Ready To Move,Bagalur,4 BHK,,2496,4.0,1.0,132.79
Plot  Area,Ready To Move,HBR Layout,2 BHK,,1137,2.0,2.0,76.03
Super built-up  Area,19-Dec,Dasarahalli,1 BHK,,835,1.0,1.0,49.26
Super built-up  Area,19-Dec,Old Airport Road,1 BHK,Society_24,800 - 900,1.0,0.0,71.46
Plot  Area,Ready To Move,Hosa Road,2 BHK,Society_139,884,2.0,1.0,63.96
Built-up  Area,19-Dec,Hosa Road,4 BHK,,2055,4.0,0.0,105.07
Super built-up  Area,Ready To Move,Haralur Road,2 BHK,Society_155,1299,1.0,0.0,96.54
Super built-up  Area,Ready To Move,Chamrajpet,2 BHK,,818,1.0,2.0,47.11
Super built-up  Area,Ready To Move,HBR Layout,3 BHK,,1450 - 1550,4.0,2.0,106.7
Super built-up  Area,Ready To Move,Hulimavu,3 BHK,Society_84,1317,3.0,1.0,73.25
Super built-up  Area,Ready To Move,Whitefield,2 BHK,Society_164,986,2.0,2.0,58.31
Super built-up  Area,Ready To Move,Thanisandra Main Road,1 BHK,,526,1.0,1.0,33.81
Super built-up  Area,Ready To Move,Girinagar,2 BHK,,1063,1.0,2.0,58.59
Super built-up  Area,Ready To Move,Basavanagudi,4 BHK,Society_49,2548,4.0,1.0,311.39
Built-up  Area,Ready To Move,Kammanahalli,2 BHK,,813 - 913,3.0,1.0,62.53
Super built-up  Area,Ready To Move,Jayanagar,3 BHK,,1558,3.0,0.0,251.36
Super built-up  Area,Ready To Move,Varthur,2 BHK,,934,2.0,2.0,60.38
Carpet  Area,22-Jan,Marathahalli,3 BHK,Society_65,1260 - 1360,4.0,3.0,106.11
Built-up  Area,Ready To Move,Electronic City,3 BHK,,1462,3.0,2.0,69.99
Super built-up  Area,Ready To Move,Nayandahalli,2 BHK,Society_135,1268,3.0,0.0,73.21
Plot  Area,Ready To Move,Bommasandra,2 BHK,,1326,3.0,1.0,104.82
Built-up  Area,Ready To Move,Old Airport Road,4 BHK,,2287,4.0,2.0,299.78
Super built-up  Area,19-Dec,Indira Nagar,3 BHK,,1735,3.0,0.0,276.38
Built-up  Area,Ready To Move,Hennur Road,2 BHK,,1051,1.0,0.0,60.65
Super built-up  Area,19-Dec,HBR Layout,4 BHK,,2335,4.0,0.0,147.21
Plot  Area,19-Dec,Old Madras Road,4 BHK,,2405 - 2505,4.0,2.0,142.21
Super built-up  Area,Ready To Move,Fraser Town,3 BHK,,1614,2.0,0.0,120.58
Carpet  Area,Ready To Move,Attibele,5 BHK,Society_12,3332 - 3432,5.0,2.0,183.69
Super built-up  Area,Ready To Move,Marathahalli,2 BHK,Society_148,1125,2.0,2.0,71.57
Plot  Area,19-Dec,Chamrajpet,2 BHK,Society_106,1043 - 1143,3.0,1.0,75.33
Built-up  Area,Ready To Move,Dasarahalli,3 BHK,,1414,3.0,0.0,93.37
Super built-up  Area,Ready To Move,Hebbal,2 BHK,Society_35,1222,3.0,2.0,116.89
Super built-up  Area,22-Jan,Dasarahalli,5 BHK,Society_60,3397,5.0,0.0,186.53
Carpet  Area,22-Jan,Devanahalli,3 BHK,Society_114,1561 - 1661,3.0,1.0,67.39
Super built-up  Area,Ready To Move,Bommasandra,4 BHK,,2312,5.0,1.0,122.09
Built-up  Area,19-Dec,Thanisandra,1 BHK,,580,1.0,1.0,22.75
Built-up  Area,Ready To Move,Bommasandra,2 BHK,,1088,2.0,2.0,93.01
Built-up  Area,22-Jan,Kadugodi,2 BHK,Society_50,1163,2.0,0.0,52.6
Super built-up  Area,22-Jan,KR Puram,2 BHK,Society_70,989,3.0,1.0,58.34
Built-up  Area,Ready To Move,Brigade Road,3 BHK,Society_79,1650,3.0,1.0,289.57
Plot  Area,19-Dec,Hoodi,4 BHK,,2224,4.0,1.0,177.25
Built-up  Area,22-Jan,Bagalur,4 BHK,,2544,5.0,2.0,150.97
Built-up  Area,Ready To Move,Chikkaballapur Road,2 BHK,,789 - 889,2.0,2.0,54.1
Super built-up  Area,Ready To Move,Attibele,1 BHK,Society_114,743,1.0,0.0,45.32
Built-up  Area,22-Jan,Peenya,3 BHK,Society_3,1512 - 1612,3.0,2.0,121.83
Super built-up  Area,Ready To Move,Domlur,5 BHK,,3447,5.0,1.0,460.94
Super built-up  Area,19-Dec,Basaveshwara Nagar,1 BHK,,842,1.0,0.0,50.92
Super built-up  Area,22-Jan,Malleshwaram,3 BHK,,1664,4.0,3.0,178.09
Super built-up  Area,Ready To Move,Ulsoor,3 BHK,,1529,3.0,2.0,136.23
Built-up  Area,19-Dec,Sarjapur Road,4 BHK,,2567,4.0,3.0,168.05
Plot  Area,Ready To Move,Padmanabhanagar,3 BHK,,1636,2.0,3.0,144.85
Super built-up  Area,Ready To Move,Benson Town,4 BHK,Society_150,2213,4.0,3.0,152.59
Super built-up  Area,Ready To Move,Kumaraswamy Layout,2 BHK,,1110,3.0,2.0,63.72
Built-up  Area,22-Jan,Electronic City,2 BHK,Society_102,876,2.0,1.0,36.61
Built-up  Area,Ready To Move,Padmanabhanagar,4 BHK,,2126,3.0,2.0,91.35
Super built-up  Area,Ready To Move,Vasanth Nagar,3 BHK,Society_117,1342 - 1442,3.0,1.0,207.8
Plot  Area,22-Jan,Lingarajapuram,2 BHK,Society_42,1040,2.0,0.0,65.05
Super built-up  Area,Ready To Move,Chamrajpet,3 BHK,Society_140,1504,2.0,3.0,72.87
Super built-up  Area,Ready To Move,Electronic City,5 BHK,Society_4,3426,6.0,2.0,143.13
Super built-up  Area,22-Jan,Hennur Road,2 BHK,,892,1.0,1.0,53.01
Super built-up  Area,Ready To Move,Vidyaranyapura,3 BHK,,1383,3.0,1.0,106.27
Super built-up  Area,Ready To Move,Rachenahalli,3 BHK,,1374,3.0,1.0,101.25
Super built-up  Area,19-Dec,Raja Rajeshwari Nagar,4 BHK,Society_15,2466,4.0,2.0,153.9
Built-up  Area,22-Jan,Raja Rajeshwari Nagar,4 BHK,,2141,4.0,2.0,143.1
Super built-up  Area,Ready To Move,BTM Layout,2 BHK,,940,3.0,1.0,82.18
Super built-up  Area,19-Dec,Whitefield,2 BHK,,943 - 1043,1.0,1.0,56.51
Plot  Area,Ready To Move,Magadi Road,4 BHK,,2220,4.0,1.0,157.04
Super built-up  Area,Ready To Move,Varthur,2 BHK,Society_26,1098 - 1198,2.0,2.0,68.31
Built-up  Area,22-Jan,MG Road,5 BHK,Society_5,3708 - 3808,6.0,3.0,644.58
Super built-up  Area,Ready To Move,Lavelle Road,3 BHK,,1629,2.0,0.0,319.07
Carpet  Area,Ready To Move,HBR Layout,4 BHK,Society_186,2273,4.0,0.0,122.12
Super built-up  Area,22-Jan,Ramamurthy Nagar,4 BHK,,2319,4.0,1.0,102.76
Carpet  Area,Ready To Move,Begur Road,2 BHK,Society_196,1091,2.0,2.0,79.81
Super built-up  Area,Ready To Move,Richmond Town,3 BHK,Society_191,1729,3.0,3.0,288.21
Super built-up  Area,Ready To Move,Hebbal,1 BHK,Society_15,613,1.0,1.0,58.27
Built-up  Area,Ready To Move,CV Raman Nagar,2 BHK,Society_41,1241,2.0,2.0,76.76
Carpet  Area,19-Dec,Jigani,3 BHK,,1729,3.0,2.0,100.35
Carpet  Area,Ready To Move,Girinagar,1 BHK,Society_95,881,1.0,1.0,49.46
Plot  Area,Ready To Move,Haralur Road,2 BHK,,1032 - 1132,3.0,2.0,60.83
Built-up  Area,Ready To Move,Koramangala,3 BHK,,1737 - 1837,2.0,2.0,234.36
Super built-up  Area,22-Jan,Marathahalli,3 BHK,,1621 - 1721,3.0,3.0,111.56
Carpet  Area,22-Jan,Bommasandra,2 BHK,,1334,3.0,1.0,79.53
Super built-up  Area,Ready To Move,Jalahalli,1 BHK,Society_42,540,1.0,1.0,29.59
Super built-up  Area,19-Dec,Lavelle Road,2 BHK,Society_41,827 - 927,2.0,0.0,193.35
Super built-up  Area,Ready To Move,Adugodi,3 BHK,Society_1,1398,2.0,0.0,84.92
Carpet  Area,22-Jan,Kalyan Nagar,2 BHK,,961,3.0,2.0,51.23
Super built-up  Area,Ready To Move,Kadugodi,2 BHK,,1325,3.0,0.0,82.53
Plot  Area,Ready To Move,Kalyan Nagar,3 BHK,Society_46,1548,3.0,2.0,144.3
Super built-up  Area,19-Dec,Attibele,4 BHK,Society_76,2467,3.0,2.0,163.52
Super built-up  Area,Ready To Move,Kasturi Nagar,2 BHK,,913 - 1013,2.0,2.0,62.46
Super built-up  Area,Ready To Move,Fraser Town,3 BHK,,1303,3.0,2.0,91.8
Built-up  Area,Ready To Move,Rachenahalli,4 BHK,Society_153,2548,4.0,1.0,171.6
Super built-up  Area,19-Dec,Hormavu,2 BHK,,1154,1.0,2.0,70.23
Built-up  Area,22-Jan,Hormavu,3 BHK,,1572,3.0,1.0,89.7
Plot  Area,19-Dec,Domlur,3 BHK,Society_181,1664,2.0,1.0,234.54
Carpet  Area,Ready To Move,Old Airport Road,3 BHK,,1420,4.0,2.0,124.15
Built-up  Area,22-Jan,Old Airport Road,2 BHK,,1093,2.0,2.0,95.53
Built-up  Area,19-Dec,Raja Rajeshwari Nagar,2 BHK,,1133,2.0,1.0,75.1
Built-up  Area,19-Dec,Rajarajeshwari Nagara,3 BHK,,1586,3.0,1.0,93.42
Built-up  Area,19-Dec,Chikkaballapur Road,3 BHK,Society_93,1264,3.0,1.0,84.86
Super built-up  Area,Ready To Move,Kammanahalli,3 BHK,,1505,3.0,2.0,84.43
Plot  Area,22-Jan,Basavanagudi,2 BHK,Society_30,1288,1.0,2.0,143.27
Super built-up  Area,Ready To Move,Malleshwaram,3 BHK,Society_82,1533,3.0,1.0,121.83
Plot  Area,Ready To Move,Attibele,2 BHK,,1176,2.0,1.0,67.99
Built-up  Area,Ready To Move,Indira Nagar,2 BHK,,826,2.0,1.0,130.89
Super built-up  Area,Ready To Move,Nayandahalli,4 BHK,,2196,5.0,2.0,104.18
Super built-up  Area,22-Jan,Wilson Garden,2 BHK,,956,2.0,2.0,94.79
Plot  Area,Ready To Move,Horamavu Agara,3 BHK,Society_24,1499,2.0,3.0,110.54
Carpet  Area,22-Jan,Gottigere,2 BHK,,1316,3.0,2.0,74.66
Plot  Area,22-Jan,Nagarbhavi,3 BHK,,1307,3.0,2.0,78.68
Super built-up  Area,Ready To Move,Kumaraswamy Layout,2 BHK,Society_11,944,2.0,2.0,37.45
Built-up  Area,Ready To Move,Bannerghatta Road,4 BHK,Society_80,2155,4.0,2.0,163.87
Built-up  Area,19-Dec,Hebbal,2 BHK,,1017,2.0,1.0,85.3
Super built-up  Area,22-Jan,Lingarajapuram,3 BHK,,1698,2.0,3.0,93.16
Built-up  Area,Ready To Move,Old Airport Road,4 BHK,Society_31,2161,4.0,1.0,235.74
Super built-up  Area,Ready To Move,Lingarajapuram,2 BHK,,1214,2.0,0.0,51.24
Super built-up  Area,22-Jan,Old Airport Road,2 BHK,,945,2.0,2.0,97.32
Super built-up  Area,22-Jan,Kengeri,3 BHK,,1411,3.0,1.0,88.7
Carpet  Area,Ready To Move,Bannerghatta Road,1 BHK,,471,2.0,1.0,31.08
Super built-up  Area,Ready To Move,Chikkaballapur Road,4 BHK,,2368,3.0,3.0,180.19
Super built-up  Area,Ready To Move,Banashankari,4 BHK,Society_184,2563,4.0,1.0,192.99
Plot  Area,Ready To Move,Nagarbhavi,4 BHK,Society_25,2173,5.0,2.0,172.64
Built-up  Area,Ready To Move,Kanakapura Road,2 BHK,Society_16,864 - 964,2.0,2.0,63.28
Plot  Area,22-Jan,Kalyan Nagar,1 BHK,,569,1.0,1.0,41.95
Built-up  Area,22-Jan,Hennur Road,4 BHK,Society_78,2050,3.0,0.0,90.05
Super built-up  Area,Ready To Move,Chandapura,4 BHK,,2270,5.0,3.0,103.54
Super built-up  Area,Ready To Move,Uttarahalli,3 BHK,,1448,3.0,0.0,103.04
Built-up  Area,19-Dec,Kudlu Gate,3 BHK,,1334,3.0,3.0,89.05
Super built-up  Area,Ready To Move,Hebbal,2 BHK,Society_176,1062,1.0,1.0,100.58
Built-up  Area,19-Dec,Kogilu,2 BHK,Society_164,877,3.0,0.0,46.17
Built-up  Area,19-Dec,Banaswadi,4 BHK,,2117,5.0,0.0,122.4
Super built-up  Area,Ready To Move,Rajarajeshwari Nagara,4 BHK,,2441,4.0,0.0,143.26
Super built-up  Area,22-Jan,Ejipura,3 BHK,,1283,4.0,0.0,110.83
Carpet  Area,22-Jan,Rajarajeshwari Nagara,4 BHK,Society_40,2454,4.0,1.0,136.22
Plot  Area,22-Jan,Attibele,3 BHK,Society_63,1739,3.0,1.0,120.48
Carpet  Area,22-Jan,Kumaraswamy Layout,4 BHK,Society_56,2060,5.0,0.0,129.81
Super built-up  Area,22-Jan,Bellandur,4 BHK,Society_84,2234,4.0,1.0,185.28
Super built-up  Area,22-Jan,Banashankari,4 BHK,,2426,3.0,2.0,121.43
Super built-up  Area,19-Dec,Jigani,5 BHK,,3858,5.0,2.0,193.91
Built-up  Area,Ready To Move,Hormavu,3 BHK,,1740,3.0,1.0,76.45
Super built-up  Area,Ready To Move,Rajaji Nagar,3 BHK,,1646,3.0,0.0,153.07
Built-up  Area,Ready To Move,Cunningham Road,3 BHK,,1729,3.0,0.0,241.91
Super built-up  Area,Ready To Move,New BEL Road,3 BHK,,1697,2.0,0.0,103.03
Super built-up  Area,19-Dec,HSR Layout,4 BHK,,2209,4.0,1.0,187.84
Plot  Area,22-Jan,Padmanabhanagar,3 BHK,Society_30,1575,2.0,3.0,130.15
Plot  Area,19-Dec,Gottigere,3 BHK,,1352,3.0,0.0,111.75
Carpet  Area,22-Jan,BTM Layout,2 BHK,,1091,2.0,2.0,96.23
Super built-up  Area,Ready To Move,Thanisandra Main Road,4 BHK,,2596,3.0,1.0,162.3
Super built-up  Area,Ready To Move,Nagarbhavi,2 BHK,,779 - 879,2.0,2.0,63.62
Super built-up  Area,22-Jan,Sarjapur Road,3 BHK,,1616 - 1716,3.0,2.0,107.22
Built-up  Area,Ready To Move,Cox Town,5 BHK,Society_77,3397,5.0,1.0,243.43
Plot  Area,Ready To Move,Akshaya Nagar,3 BHK,Society_119,1258,3.0,2.0,69.22
Built-up  Area,Ready To Move,Mysore Road,4 BHK,,2392,4.0,2.0,119.7
Super built-up  Area,Ready To Move,Hoodi,1 BHK,,475,1.0,1.0,26.99
Super built-up  Area,19-Dec,Malleshwaram,3 BHK,Society_58,1502,4.0,0.0,196.19
Built-up  Area,19-Dec,Whitefield,1 BHK,,482,1.0,0.0,31.58
Super built-up  Area,Ready To Move,Yelahanka,3 BHK,,1503,3.0,1.0,106.04
Plot  Area,22-Jan,Laggere,2 BHK,Society_116,1002,1.0,2.0,71.66
Plot  Area,22-Jan,Kogilu,3 BHK,,1633,3.0,1.0,130.96
Super built-up  Area,Ready To Move,Kudlu Gate,3 BHK,,1579,3.0,1.0,86.56
Built-up  Area,Ready To Move,Hormavu,3 BHK,,1727,3.0,3.0,118.29
Super built-up  Area,22-Jan,HSR Layout,3 BHK,,1474,3.0,2.0,149.95
Super built-up  Area,Ready To Move,BTM Layout,3 BHK,Society_92,1473,3.0,0.0,100.56
Built-up  Area,19-Dec,Vijayanagar,4 BHK,,2109,4.0,3.0,151.21
Super built-up  Area,Ready To Move,Thanisandra,3 BHK,Society_111,1763,2.0,2.0,100.16
Built-up  Area,Ready To Move,Jalahalli,1 BHK,,462,1.0,1.0,28.83
Super built-up  Area,Ready To Move,Yelahanka,2 BHK,,1216,2.0,2.0,69.69
Carpet  Area,22-Jan,Varthur,2 BHK,,1293 - 1393,2.0,1.0,86.69
Super built-up  Area,19-Dec,Banashankari,4 BHK,,2454,4.0,2.0,160.02
Built-up  Area,19-Dec,Attibele,3 BHK,Society_120,1550 - 1650,4.0,1.0,91.54
Carpet  Area,Ready To Move,Ejipura,4 BHK,,2592,3.0,1.0,184.82
Super built-up  Area,22-Jan,Domlur,3 BHK,,1299,3.0,3.0,161.13
Super built-up  Area,Ready To Move,Ramamurthy Nagar,2 BHK,Society_133,1128,2.0,0.0,62.35
Built-up  Area,Ready To Move,Vidyaranyapura,2 BHK,Society_148,915,1.0,2.0,58.19
Plot  Area,19-Dec,Fraser Town,3 BHK,Society_138,1466,3.0,1.0,110.78
Super built-up  Area,Ready To Move,Peenya,3 BHK,Society_73,1285,4.0,3.0,109.34
Super built-up  Area,19-Dec,Chamrajpet,5 BHK,,3888,5.0,2.0,127.06
Built-up  Area,22-Jan,Jalahalli,3 BHK,Society_4,1432,4.0,2.0,102.74
Built-up  Area,Ready To Move,Hosa Road,3 BHK,Society_157,1483,2.0,3.0,70.85
Built-up  Area,Ready To Move,Vasanth Nagar,3 BHK,,1541,3.0,0.0,169.49
Super built-up  Area,19-Dec,HSR Layout,3 BHK,,1714,2.0,1.0,118.51
Carpet  Area,19-Dec,Budigere Cross,2 BHK,Society_40,1075,2.0,1.0,66.0
Built-up  Area,22-Jan,HBR Layout,2 BHK,,1123 - 1223,2.0,2.0,72.93
Built-up  Area,19-Dec,Akshaya Nagar,2 BHK,,1200,2.0,2.0,81.93
Super built-up  Area,Ready To Move,Thanisandra Main Road,4 BHK,,2391,4.0,0.0,150.29
Built-up  Area,19-Dec,Bannerghatta Road,5 BHK,,3366,6.0,3.0,203.85
Super built-up  Area,Ready To Move,Jalahalli,3 BHK,,1458,3.0,2.0,99.2
Super built-up  Area,Ready To Move,Banashankari,2 BHK,Society_121,1216,2.0,2.0,63.13
Super built-up  Area,22-Jan,Jalahalli,3 BHK,,1335,3.0,1.0,102.85
Super built-up  Area,Ready To Move,Jalahalli,2 BHK,,1208,2.0,2.0,68.4
Built-up  Area,Ready To Move,Lingarajapuram,5 BHK,,3659,5.0,3.0,215.27
Plot  Area,Ready To Move,Old Airport Road,3 BHK,Society_136,1273,3.0,1.0,168.54
Plot  Area,Ready To Move,Chandapura,2 BHK,,1315,2.0,2.0,60.25
Built-up  Area,Ready To Move,Kammanahalli,2 BHK,Society_163,1030 - 1130,3.0,2.0,77.09
Built-up  Area,Ready To Move,Padmanabhanagar,4 BHK,Society_99,2588,5.0,0.0,149.34
Built-up  Area,19-Dec,JP Nagar,3 BHK,,1657,3.0,2.0,151.01
Built-up  Area,Ready To Move,Thanisandra Main Road,1 BHK,Society_60,942,1.0,1.0,60.84
Plot  Area,Ready To Move,Budigere Cross,4 BHK,Society_75,2091,5.0,2.0,137.57
Plot  Area,Ready To Move,Devanahalli,2 BHK,Society_39,883 - 983,3.0,2.0,47.7
Built-up  Area,Ready To Move,Mahadevapura,2 BHK,,1097,3.0,2.0,86.05
Super built-up  Area,19-Dec,Sahakara Nagar,3 BHK,Society_17,1513,3.0,1.0,87.95
Built-up  Area,Ready To Move,Kadugodi,5 BHK,Society_60,3698,5.0,2.0,235.12
Super built-up  Area,19-Dec,Lingarajapuram,2 BHK,Society_66,1057 - 1157,3.0,0.0,58.22
Plot  Area,22-Jan,Fraser Town,3 BHK,,1647,3.0,0.0,108.11
Carpet  Area,22-Jan,Akshaya Nagar,2 BHK,Society_18,973,3.0,1.0,67.68
Plot  Area,Ready To Move,Kogilu,4 BHK,Society_43,2209,4.0,3.0,99.64
Super built-up  Area,19-Dec,HSR Layout,2 BHK,Society_136,820,1.0,1.0,61.7
Built-up  Area,22-Jan,Fraser Town,4 BHK,Society_44,2247,4.0,1.0,129.53
Super built-up  Area,Ready To Move,Bagalur,1 BHK,,770,1.0,1.0,40.53
Super built-up  Area,22-Jan,Ulsoor,4 BHK,,2493,4.0,3.0,311.66
Built-up  Area,Ready To Move,Kammanahalli,2 BHK,,812,1.0,2.0,45.28
Super built-up  Area,22-Jan,Hennur Road,3 BHK,Society_121,1755,3.0,2.0,75.71
Super built-up  Area,22-Jan,Chandapura,2 BHK,,831,2.0,1.0,31.51
Super built-up  Area,19-Dec,Jalahalli,3 BHK,Society_73,1535,4.0,2.0,84.52
Super built-up  Area,22-Jan,Basaveshwara Nagar,4 BHK,,2259,4.0,0.0,131.35
Super built-up  Area,Ready To Move,Cox Town,3 BHK,Society_125,1274,2.0,3.0,77.18
Super built-up  Area,Ready To Move,Kanakapura Road,2 BHK,Society_73,1326,2.0,2.0,87.85
Super built-up  Area,Ready To Move,Bommasandra,3 BHK,Society_175,1780,4.0,2.0,115.04
Plot  Area,Ready To Move,JP Nagar,3 BHK,Society_8,1702,2.0,0.0,180.01
Super built-up  Area,22-Jan,Girinagar,3 BHK,Society_93,1614,3.0,1.0,109.34
Built-up  Area,Ready To Move,Bellandur,2 BHK,Society_182,880,2.0,0.0,70.22
Built-up  Area,Ready To Move,Kasturi Nagar,4 BHK,,2503,4.0,2.0,144.2
Super built-up  Area,22-Jan,HBR Layout,3 BHK,,1271,3.0,2.0,87.98
Super built-up  Area,Ready To Move,Hoodi,3 BHK,,1266,3.0,3.0,79.42
Super built-up  Area,Ready To Move,Attibele,4 BHK,,2294,4.0,2.0,123.14
Built-up  Area,Ready To Move,Lavelle Road,2 BHK,,952,2.0,2.0,168.77
Plot  Area,Ready To Move,Banaswadi,4 BHK,,2403,4.0,2.0,147.23
Built-up  Area,Ready To Move,Thanisandra,5 BHK,,3731,5.0,2.0,195.87
Carpet  Area,Ready To Move,New BEL Road,2 BHK,,982,2.0,0.0,63.15
Super built-up  Area,19-Dec,Nayandahalli,5 BHK,,3677 - 3777,6.0,2.0,225.63
Built-up  Area,Ready To Move,Wilson Garden,4 BHK,,2474,5.0,1.0,200.45
Built-up  Area,Ready To Move,Hoodi,5 BHK,,3797,6.0,2.0,277.22
Super built-up  Area,Ready To Move,Kogilu,2 BHK,,1205,2.0,1.0,80.39
Built-up  Area,Ready To Move,Domlur,2 BHK,,1291,1.0,2.0,165.02
Plot  Area,Ready To Move,Kadugodi,1 BHK,,455 - 555,2.0,1.0,40.85
Super built-up  Area,22-Jan,Bommanahalli,3 BHK,,1451 - 1551,2.0,0.0,86.11
Plot  Area,22-Jan,Peenya,4 BHK,Society_17,2211,4.0,2.0,179.04
Built-up  Area,Ready To Move,Cunningham Road,3 BHK,Society_103,1574,3.0,1.0,341.76
Carpet  Area,Ready To Move,Raja Rajeshwari Nagar,2 BHK,,1261,2.0,2.0,84.4
Built-up  Area,Ready To Move,Hormavu,2 BHK,,915,3.0,1.0,60.06
Built-up  Area,19-Dec,Koramangala,3 BHK,,1362,3.0,2.0,194.48
Super built-up  Area,Ready To Move,Kammanahalli,2 BHK,Society_63,1316,3.0,1.0,75.04
Super built-up  Area,Ready To Move,Adugodi,3 BHK,Society_61,1422,3.0,1.0,80.94
Super built-up  Area,22-Jan,Begur Road,2 BHK,Society_152,1058,2.0,1.0,41.51
Built-up  Area,19-Dec,Jayanagar,3 BHK,,1316,2.0,1.0,157.73
Super built-up  Area,19-Dec,Domlur,3 BHK,,1568,4.0,1.0,166.65
Plot  Area,Ready To Move,Vidyaranyapura,4 BHK,Society_22,2314,4.0,2.0,151.91
Carpet  Area,Ready To Move,Old Airport Road,3 BHK,Society_154,1408 - 1508,3.0,2.0,157.25
Super built-up  Area,22-Jan,Gottigere,2 BHK,Society_154,1282,2.0,2.0,84.56
Plot  Area,Ready To Move,Laggere,3 BHK,Society_84,1756,3.0,1.0,66.42
Super built-up  Area,Ready To Move,JP Nagar,2 BHK,,1010,3.0,1.0,86.5
Super built-up  Area,Ready To Move,Kalyan Nagar,3 BHK,Society_166,1551,2.0,3.0,91.65
Built-up  Area,Ready To Move,MG Road,2 BHK,,857,2.0,1.0,137.24
Plot  Area,22-Jan,Devanahalli,4 BHK,,2596,5.0,3.0,111.46
Built-up  Area,Ready To Move,Thanisandra,1 BHK,Society_83,904,1.0,1.0,37.18
Super built-up  Area,Ready To Move,Nagarbhavi,4 BHK,Society_73,2285,4.0,1.0,128.65
Built-up  Area,Ready To Move,Kanakapura Road,4 BHK,,2579,5.0,2.0,135.89
Plot  Area,Ready To Move,Kogilu,4 BHK,,2439,5.0,1.0,199.65
Super built-up  Area,Ready To Move,Nayandahalli,3 BHK,,1393,3.0,2.0,58.11
Super built-up  Area,22-Jan,New BEL Road,2 BHK,Society_72,1269,2.0,2.0,82.78
Super built-up  Area,Ready To Move,Wilson Garden,1 BHK,Society_198,426,1.0,1.0,33.15
Super built-up  Area,Ready To Move,Domlur,2 BHK,,831,3.0,2.0,115.2
Super built-up  Area,Ready To Move,Benson Town,5 BHK,Society_10,3763 - 3863,6.0,1.0,247.22
Plot  Area,19-Dec,Jalahalli,1 BHK,,505,1.0,1.0,27.97
Plot  Area,22-Jan,CV Raman Nagar,3 BHK,Society_20,1403,3.0,0.0,98.21
Super built-up  Area,19-Dec,JP Nagar,3 BHK,,1774,2.0,3.0,122.66
Built-up  Area,Ready To Move,Padmanabhanagar,2 BHK,,1233,2.0,0.0,79.14
Super built-up  Area,Ready To Move,Vasanth Nagar,4 BHK,Society_198,2475,4.0,2.0,330.0
Plot  Area,Ready To Move,Kogilu,2 BHK,,1216,3.0,2.0,102.57
Super built-up  Area,Ready To Move,Mahadevapura,2 BHK,Society_11,879,1.0,2.0,59.34
Super built-up  Area,Ready To Move,Yelahanka,4 BHK,Society_28,2336,3.0,3.0,132.68
Plot  Area,Ready To Move,Raja Rajeshwari Nagar,2 BHK,Society_73,1270,2.0,2.0,90.43
Built-up  Area,19-Dec,Electronic City,2 BHK,Society_88,1091,3.0,2.0,54.58
Built-up  Area,Ready To Move,Malleshwaram,3 BHK,Society_70,1309,4.0,3.0,201.93
Plot  Area,Ready To Move,Koramangala,4 BHK,,2514,3.0,2.0,385.9
Super built-up  Area,Ready To Move,Nayandahalli,3 BHK,Society_154,1447,2.0,0.0,91.97
Built-up  Area,Ready To Move,CV Raman Nagar,5 BHK,,3664,5.0,2.0,222.93
Super built-up  Area,19-Dec,HSR Layout,2 BHK,,1158,2.0,2.0,110.97
Super built-up  Area,Ready To Move,Adugodi,3 BHK,Society_33,1569,3.0,0.0,121.6
Super built-up  Area,Ready To Move,Ulsoor,4 BHK,Society_84,2072,4.0,2.0,225.83
Carpet  Area,22-Jan,Kogilu,3 BHK,Society_1,1392,2.0,1.0,96.97
Built-up  Area,Ready To Move,Kanakapura Road,2 BHK,,832,2.0,2.0,63.99
Super built-up  Area,Ready To Move,Chamrajpet,3 BHK,,1395,3.0,1.0,71.32
Carpet  Area,Ready To Move,Girinagar,3 BHK,,1735,3.0,2.0,71.53
Super built-up  Area,19-Dec,Lingarajapuram,3 BHK,Society_15,1723,2.0,0.0,97.38
Built-up  Area,Ready To Move,Girinagar,4 BHK,Society_44,2529,4.0,2.0,166.03
Carpet  Area,Ready To Move,Budigere Cross,3 BHK,,1468,3.0,2.0,94.1
Super built-up  Area,19-Dec,Hulimavu,2 BHK,Society_122,839,1.0,2.0,48.79
Plot  Area,Ready To Move,Hennur Road,3 BHK,,1400,3.0,2.0,110.98
Plot  Area,19-Dec,Electronic City,3 BHK,,1271,2.0,2.0,75.56
Built-up  Area,22-Jan,Jayanagar,3 BHK,Society_25,1494 - 1594,4.0,0.0,190.92
Super built-up  Area,22-Jan,Jigani,2 BHK,,1164,3.0,0.0,64.14
Carpet  Area,Ready To Move,Dasarahalli,2 BHK,,1100,2.0,2.0,72.64
Built-up  Area,Ready To Move,Basavanagudi,2 BHK,,954,1.0,1.0,131.2
Super built-up  Area,Ready To Move,Fraser Town,2 BHK,,820,1.0,1.0,49.88
Super built-up  Area,Ready To Move,Sarjapur Road,3 BHK,,1737,3.0,2.0,107.99
Plot  Area,Ready To Move,Kalyan Nagar,5 BHK,,3790,5.0,2.0,242.42
Built-up  Area,19-Dec,Lavelle Road,2 BHK,,917,2.0,1.0,214.22
Super built-up  Area,Ready To Move,Bommanahalli,3 BHK,Society_72,1376,3.0,1.0,76.38
Carpet  Area,19-Dec,CV Raman Nagar,2 BHK,,1268,2.0,2.0,85.41
Built-up  Area,19-Dec,Horamavu Agara,2 BHK,,1125,2.0,2.0,61.04
Super built-up  Area,22-Jan,Hennur Road,4 BHK,,2582,4.0,0.0,131.5
Plot  Area,22-Jan,Banaswadi,2 BHK,Society_69,1102,2.0,1.0,84.77
Plot  Area,Ready To Move,Marathahalli,3 BHK,,1413,3.0,2.0,105.21
Super built-up  Area,Ready To Move,Lavelle Road,2 BHK,,1019,2.0,2.0,192.47
Plot  Area,22-Jan,Basaveshwara Nagar,1 BHK,Society_194,609,1.0,1.0,45.34
Super built-up  Area,Ready To Move,HRBR Layout,1 BHK,,606,1.0,1.0,47.43
Super built-up  Area,Ready To Move,Fraser Town,4 BHK,Society_193,2411 - 2511,4.0,1.0,140.9
Super built-up  Area,Ready To Move,Jigani,4 BHK,,2117,4.0,1.0,137.1
Carpet  Area,22-Jan,Kudlu Gate,2 BHK,,1332,1.0,2.0,81.77
Built-up  Area,Ready To Move,Akshaya Nagar,5 BHK,,3410,6.0,3.0,210.93
Built-up  Area,Ready To Move,Domlur,4 BHK,Society_123,2542,4.0,3.0,303.66
Built-up  Area,19-Dec,Ramamurthy Nagar,2 BHK,Society_167,1152 - 1252,2.0,1.0,82.1
Super built-up  Area,Ready To Move,New BEL Road,3 BHK,,1550 - 1650,2.0,1.0,95.51
Plot  Area,19-Dec,Uttarahalli,4 BHK,,2206,4.0,3.0,148.53
Super built-up  Area,Ready To Move,Bannerghatta Road,4 BHK,,2083 - 2183,4.0,0.0,161.68
Built-up  Area,22-Jan,Lingarajapuram,3 BHK,Society_179,1416,3.0,0.0,79.12
Plot  Area,22-Jan,Rajarajeshwari Nagara,2 BHK,,1304,2.0,0.0,86.55
Built-up  Area,Ready To Move,Cox Town,3 BHK,,1457 - 1557,3.0,3.0,69.08
Built-up  Area,Ready To Move,Jalahalli,3 BHK,,1468,3.0,0.0,80.28
Super built-up  Area,Ready To Move,Whitefield,4 BHK,Society_177,2190,4.0,0.0,148.51
Super built-up  Area,Ready To Move,Bannerghatta Road,2 BHK,Society_21,983,2.0,2.0,68.84
Super built-up  Area,19-Dec,Ejipura,4 BHK,,2516,3.0,1.0,150.5
Carpet  Area,22-Jan,Old Madras Road,4 BHK,,2568,4.0,0.0,156.83
Super built-up  Area,Ready To Move,Marathahalli,4 BHK,,2315 - 2415,3.0,2.0,162.12
Super built-up  Area,22-Jan,Varthur,3 BHK,Society_195,1410,2.0,2.0,99.52
Built-up  Area,19-Dec,Gottigere,4 BHK,,2114,4.0,0.0,150.83
Built-up  Area,Ready To Move,Thanisandra Main Road,4 BHK,Society_187,2467,5.0,2.0,133.19
Plot  Area,Ready To Move,Magadi Road,3 BHK,Society_187,1685,2.0,1.0,142.77
Built-up  Area,Ready To Move,Benson Town,4 BHK,,2419,4.0,2.0,118.48
Built-up  Area,Ready To Move,Haralur Road,4 BHK,,2522,3.0,1.0,168.9
Carpet  Area,Ready To Move,Hosa Road,2 BHK,,844,2.0,2.0,57.37
Super built-up  Area,Ready To Move,Horamavu Agara,3 BHK,Society_130,1720,4.0,3.0,93.97
Built-up  Area,22-Jan,Vidyaranyapura,4 BHK,,2135,4.0,1.0,100.41
Super built-up  Area,19-Dec,Fraser Town,3 BHK,,1526 - 1626,3.0,2.0,99.39
Built-up  Area,Ready To Move,Bannerghatta Road,4 BHK,Society_150,2157,4.0,0.0,159.21
Built-up  Area,22-Jan,Rachenahalli,2 BHK,,1289,2.0,2.0,77.55
Super built-up  Area,Ready To Move,Koramangala,4 BHK,Society_172,2091 - 2191,3.0,2.0,295.91
Plot  Area,Ready To Move,Fraser Town,3 BHK,Society_62,1739,3.0,0.0,111.29
Super built-up  Area,19-Dec,Basavanagudi,4 BHK,,2378,4.0,2.0,301.51
Super built-up  Area,Ready To Move,New BEL Road,5 BHK,,3461,5.0,2.0,243.31
Carpet  Area,22-Jan,KR Puram,1 BHK,,487,1.0,1.0,34.08
Super built-up  Area,22-Jan,Rajaji Nagar,2 BHK,Society_57,816,2.0,1.0,84.12
Super built-up  Area,22-Jan,HRBR Layout,2 BHK,,1285,1.0,2.0,71.79
Plot  Area,Ready To Move,Banaswadi,3 BHK,Society_67,1746,2.0,2.0,113.81
Super built-up  Area,Ready To Move,BTM Layout,4 BHK,,2127,4.0,0.0,153.07
Super built-up  Area,Ready To Move,Basaveshwara Nagar,3 BHK,Society_160,1336,4.0,3.0,88.65
Plot  Area,19-Dec,RT Nagar,4 BHK,,2092,4.0,2.0,130.35
Super built-up  Area,Ready To Move,Hulimavu,2 BHK,Society_48,1330,2.0,2.0,76.11
Super built-up  Area,Ready To Move,Adugodi,2 BHK,,1231,2.0,0.0,71.22
Built-up  Area,19-Dec,Hosa Road,2 BHK,Society_190,891,2.0,2.0,54.45
Plot  Area,22-Jan,Lavelle Road,2 BHK,Society_10,1285,2.0,2.0,303.0
Plot  Area,Ready To Move,Cox Town,2 BHK,,1076 - 1176,2.0,1.0,80.01
Plot  Area,Ready To Move,Sahakara Nagar,3 BHK,,1386,4.0,1.0,83.92
Plot  Area,Ready To Move,CV Raman Nagar,3 BHK,,1645,4.0,0.0,127.68
Plot  Area,19-Dec,Yelahanka,2 BHK,Society_24,954,2.0,2.0,54.05
Built-up  Area,Ready To Move,Cunningham Road,3 BHK,,1268,4.0,1.0,244.15
Super built-up  Area,Ready To Move,Narayanapura,3 BHK,Society_42,1799,3.0,1.0,116.91
Plot  Area,19-Dec,Yelahanka,3 BHK,Society_174,1683,3.0,1.0,128.78
Super built-up  Area,19-Dec,Domlur,4 BHK,,2548,5.0,2.0,390.65
Built-up  Area,22-Jan,Nagarbhavi,3 BHK,Society_90,1565,4.0,0.0,82.96
Super built-up  Area,Ready To Move,JP Nagar,4 BHK,,2201 - 2301,4.0,0.0,137.18
Super built-up  Area,Ready To Move,Banashankari,4 BHK,Society_23,2095,4.0,3.0,133.37
Built-up  Area,Ready To Move,Gottigere,2 BHK,Society_156,1133,2.0,2.0,70.36
Built-up  Area,22-Jan,HRBR Layout,2 BHK,,1151,2.0,2.0,69.18
Super built-up  Area,22-Jan,Laggere,2 BHK,,1320,2.0,1.0,73.59
Plot  Area,22-Jan,JP Nagar,5 BHK,Society_118,3489,5.0,1.0,326.35
Plot  Area,Ready To Move,Laggere,3 BHK,,1520,2.0,2.0,112.94
Plot  Area,19-Dec,Sarjapur Road,5 BHK,,3682,5.0,2.0,252.5
Built-up  Area,Ready To Move,Vidyaranyapura,2 BHK,,1245,2.0,1.0,68.8
Built-up  Area,Ready To Move,Bannerghatta Road,2 BHK,,828 - 928,1.0,0.0,56.58
Carpet  Area,19-Dec,Nagarbhavi,3 BHK,Society_49,1425,3.0,2.0,95.22
Built-up  Area,19-Dec,Chamrajpet,2 BHK,,1171,2.0,2.0,76.22
Super built-up  Area,19-Dec,Koramangala,3 BHK,,1434,3.0,0.0,178.28
Super built-up  Area,Ready To Move,Jakkur,2 BHK,Society_16,1021,2.0,2.0,63.44
Super built-up  Area,Ready To Move,Kanakapura Road,3 BHK,,1655,4.0,0.0,110.6
Super built-up  Area,Ready To Move,Kasturi Nagar,3 BHK,Society_68,1295,3.0,2.0,90.21
Built-up  Area,Ready To Move,Uttarahalli,3 BHK,,1401 - 1501,3.0,1.0,101.32
Carpet  Area,Ready To Move,Marathahalli,3 BHK,,1522,4.0,1.0,81.8
Built-up  Area,Ready To Move,Jayanagar,3 BHK,Society_40,1319,3.0,0.0,158.69
Super built-up  Area,Ready To Move,Vidyaranyapura,4 BHK,,2537,3.0,2.0,138.05
Plot  Area,22-Jan,New BEL Road,3 BHK,,1482,3.0,2.0,99.27
Plot  Area,Ready To Move,Wilson Garden,3 BHK,,1508,3.0,1.0,161.48
Super built-up  Area,19-Dec,HBR Layout,2 BHK,Society_42,1327,1.0,1.0,72.08
Super built-up  Area,Ready To Move,Narayanapura,2 BHK,Society_183,1038,2.0,2.0,72.33
Super built-up  Area,22-Jan,HSR Layout,3 BHK,Society_166,1463,2.0,2.0,166.6
Super built-up  Area,22-Jan,BTM Layout,2 BHK,,889,3.0,1.0,88.93
Super built-up  Area,Ready To Move,Haralur Road,4 BHK,,2060,5.0,2.0,134.27
Built-up  Area,Ready To Move,Chandapura,2 BHK,Society_84,960,2.0,2.0,52.31
Built-up  Area,Ready To Move,Jayanagar,2 BHK,,1248,3.0,1.0,191.85
Plot  Area,19-Dec,Hormavu,3 BHK,,1329,3.0,0.0,80.4
Built-up  Area,19-Dec,Dasarahalli,4 BHK,Society_100,2382 - 2482,3.0,2.0,144.84
Built-up  Area,Ready To Move,Ulsoor,4 BHK,,2347,3.0,0.0,268.15
Built-up  Area,Ready To Move,Padmanabhanagar,3 BHK,,1293,3.0,2.0,87.81
Built-up  Area,Ready To Move,Fraser Town,3 BHK,,1672,2.0,0.0,97.54
Super built-up  Area,Ready To Move,Narayanapura,4 BHK,Society_70,2127,4.0,0.0,160.73
Super built-up  Area,22-Jan,Rachenahalli,2 BHK,Society_90,804 - 904,2.0,0.0,50.76
Built-up  Area,19-Dec,Girinagar,2 BHK,Society_27,1091,2.0,1.0,59.4
Plot  Area,19-Dec,Raja Rajeshwari Nagar,3 BHK,Society_28,1776,3.0,0.0,96.34
Plot  Area,19-Dec,Bagalur,2 BHK,,1162,2.0,0.0,82.09
Plot  Area,Ready To Move,Benson Town,3 BHK,Society_165,1344,4.0,0.0,119.1
Super built-up  Area,Ready To Move,Mahadevapura,2 BHK,Society_149,994,3.0,2.0,53.81
Plot  Area,Ready To Move,Arekere,2 BHK,Society_37,888,2.0,2.0,62.08
Super built-up  Area,Ready To Move,Indira Nagar,3 BHK,,1257,2.0,0.0,136.33
Super built-up  Area,Ready To Move,Brigade Road,3 BHK,,1686,3.0,2.0,243.65
Built-up  Area,Ready To Move,Kogilu,1 BHK,,435,1.0,0.0,24.84
Built-up  Area,Ready To Move,Devanahalli,3 BHK,,1553,3.0,1.0,81.92
Carpet  Area,Ready To Move,Kammanahalli,4 BHK,Society_132,2481,4.0,2.0,149.52
Super built-up  Area,Ready To Move,Kammanahalli,3 BHK,Society_173,1285,2.0,0.0,53.09
Super built-up  Area,Ready To Move,Jakkur,4 BHK,,2114,5.0,0.0,113.21
Built-up  Area,Ready To Move,Lavelle Road,3 BHK,Society_192,1553,3.0,3.0,346.21
Super built-up  Area,19-Dec,Kanakapura Road,4 BHK,,2129,3.0,1.0,124.67
Super built-up  Area,19-Dec,Thanisandra Main Road,3 BHK,,1426 - 1526,3.0,1.0,92.89
Built-up  Area,Ready To Move,HSR Layout,2 BHK,,1073,2.0,1.0,117.46
Built-up  Area,19-Dec,HBR Layout,5 BHK,,3591,6.0,1.0,154.76
Super built-up  Area,22-Jan,Old Airport Road,2 BHK,,807 - 907,1.0,1.0,92.42
Super built-up  Area,19-Dec,Sahakara Nagar,3 BHK,Society_118,1289,2.0,2.0,80.51
Super built-up  Area,19-Dec,Vijayanagar,4 BHK,,2492,4.0,2.0,149.95
Built-up  Area,Ready To Move,Hosa Road,2 BHK,,1153,3.0,1.0,73.76
Super built-up  Area,Ready To Move,Banashankari,2 BHK,,846,1.0,1.0,42.92
Built-up  Area,Ready To Move,Hormavu,4 BHK,Society_117,2158,4.0,1.0,124.87
Built-up  Area,Ready To Move,Kalyan Nagar,2 BHK,,1247,2.0,0.0,67.64
Carpet  Area,Ready To Move,Sahakara Nagar,2 BHK,,1167,2.0,2.0,60.73
Built-up  Area,Ready To Move,Bannerghatta Road,4 BHK,,2220,4.0,1.0,163.12
Super built-up  Area,Ready To Move,Rajaji Nagar,3 BHK,,1756,3.0,1.0,156.51
Built-up  Area,19-Dec,Raja Rajeshwari Nagar,3 BHK,Society_132,1427,3.0,1.0,80.12
Built-up  Area,Ready To Move,Rajarajeshwari Nagara,2 BHK,Society_116,1334,3.0,1.0,83.16
Plot  Area,22-Jan,Old Madras Road,2 BHK,,1125,2.0,2.0,94.55
Built-up  Area,19-Dec,Bommanahalli,4 BHK,,2060,4.0,0.0,128.59
Built-up  Area,22-Jan,Chamrajpet,2 BHK,,889,1.0,2.0,53.84
Built-up  Area,22-Jan,Basavanagudi,3 BHK,,1761,4.0,2.0,201.37
Built-up  Area,22-Jan,Bannerghatta Road,2 BHK,Society_186,940,3.0,2.0,77.24
Plot  Area,19-Dec,Jayanagar,2 BHK,,1084,3.0,2.0,157.08
Built-up  Area,19-Dec,BTM Layout,2 BHK,,989,1.0,2.0,68.95
Plot  Area,22-Jan,Narayanapura,3 BHK,Society_198,1316 - 1416,3.0,3.0,112.94
Super built-up  Area,Ready To Move,HRBR Layout,4 BHK,Society_6,2513,4.0,1.0,115.91
Built-up  Area,Ready To Move,Devanahalli,3 BHK,,1559,2.0,2.0,81.22
Built-up  Area,Ready To Move,Lingarajapuram,3 BHK,,1311,3.0,1.0,89.64
Carpet  Area,Ready To Move,Arekere,2 BHK,Society_70,1248,2.0,2.0,87.33
Built-up  Area,Ready To Move,Kogilu,3 BHK,,1465,3.0,1.0,84.51
Built-up  Area,Ready To Move,HRBR Layout,4 BHK,,2525,4.0,2.0,113.14
Super built-up  Area,Ready To Move,Wilson Garden,4 BHK,,2229,3.0,2.0,195.16
Built-up  Area,19-Dec,Nayandahalli,3 BHK,,1609 - 1709,3.0,2.0,115.84
Super built-up  Area,Ready To Move,Laggere,4 BHK,Society_16,2452,4.0,2.0,120.32
Built-up  Area,Ready To Move,MG Road,2 BHK,,1315,1.0,2.0,235.18
Super built-up  Area,19-Dec,Old Madras Road,4 BHK,,2099,4.0,2.0,106.49
Carpet  Area,Ready To Move,HBR Layout,2 BHK,Society_193,976,2.0,0.0,62.82
Carpet  Area,19-Dec,Rajaji Nagar,4 BHK,,2360,4.0,2.0,287.35
Plot  Area,22-Jan,Malleshwaram,2 BHK,Society_175,865,2.0,0.0,130.98
Carpet  Area,Ready To Move,Budigere Cross,2 BHK,Society_184,901 - 1001,2.0,2.0,40.44
Built-up  Area,Ready To Move,JP Nagar,2 BHK,Society_83,788 - 888,1.0,2.0,57.08
Super built-up  Area,Ready To Move,Ramamurthy Nagar,2 BHK,,847,1.0,1.0,61.46
Super built-up  Area,Ready To Move,Sadashiva Nagar,3 BHK,,1539,3.0,1.0,283.68
Super built-up  Area,19-Dec,Ramamurthy Nagar,1 BHK,,416 - 516,2.0,1.0,25.2
Plot  Area,Ready To Move,Arekere,2 BHK,Society_195,964,2.0,1.0,68.56
Super built-up  Area,22-Jan,Laggere,4 BHK,,2391,4.0,0.0,125.27
Super built-up  Area,22-Jan,Raja Rajeshwari Nagar,5 BHK,,3863,5.0,2.0,192.57
Plot  Area,Ready To Move,Rajaji Nagar,3 BHK,,1385,3.0,3.0,178.89
Plot  Area,Ready To Move,Mysore Road,3 BHK,Society_198,1321,3.0,3.0,98.66
Built-up  Area,19-Dec,Benson Town,3 BHK,,1660,3.0,0.0,90.03
Super built-up  Area,19-Dec,Magadi Road,4 BHK,,2137,4.0,1.0,111.9
Super built-up  Area,Ready To Move,Rajaji Nagar,3 BHK,Society_111,1437,4.0,0.0,146.38
Carpet  Area,Ready To Move,Haralur Road,2 BHK,Society_79,898,2.0,2.0,51.43
Built-up  Area,19-Dec,Anekal,2 BHK,,864,2.0,1.0,25.27
Super built-up  Area,19-Dec,Basavanagudi,3 BHK,,1510,3.0,2.0,153.35
Super built-up  Area,Ready To Move,HRBR Layout,2 BHK,,1053,2.0,2.0,61.63
Built-up  Area,19-Dec,Thanisandra,3 BHK,Society_88,1455,2.0,2.0,88.75
Built-up  Area,22-Jan,Thanisandra Main Road,4 BHK,,2532,4.0,2.0,146.5
Super built-up  Area,19-Dec,Lavelle Road,3 BHK,,1367,2.0,2.0,241.63
Built-up  Area,22-Jan,Arekere,3 BHK,Society_118,1718,3.0,2.0,101.41
Super built-up  Area,Ready To Move,Kalyan Nagar,3 BHK,Society_12,1431,3.0,1.0,88.39
Built-up  Area,Ready To Move,Richmond Town,2 BHK,,1074,3.0,2.0,139.87
Carpet  Area,22-Jan,Uttarahalli,4 BHK,Society_22,2277,4.0,3.0,173.17
Built-up  Area,Ready To Move,Kalyan Nagar,3 BHK,,1609,4.0,0.0,84.42
Plot  Area,22-Jan,Bellandur,2 BHK,Society_73,864,2.0,2.0,83.59
Built-up  Area,Ready To Move,Chamrajpet,4 BHK,Society_145,2533,4.0,2.0,158.16
Plot  Area,Ready To Move,Mahadevapura,4 BHK,,2392 - 2492,4.0,1.0,165.98
Built-up  Area,Ready To Move,Yeshwanthpur,4 BHK,,2514 - 2614,4.0,2.0,141.48
Built-up  Area,22-Jan,Adugodi,3 BHK,,1646,3.0,3.0,120.71
Built-up  Area,Ready To Move,Old Madras Road,5 BHK,Society_133,3379,5.0,3.0,204.81
Super built-up  Area,19-Dec,RT Nagar,3 BHK,,1580,3.0,1.0,84.36
Super built-up  Area,Ready To Move,Kengeri,3 BHK,Society_15,1612,3.0,1.0,129.28
Super built-up  Area,22-Jan,Cox Town,4 BHK,,2052 - 2152,5.0,3.0,118.38
Built-up  Area,Ready To Move,Electronic City,3 BHK,Society_20,1749 - 1849,4.0,1.0,97.22
Super built-up  Area,Ready To Move,Malleshwaram,2 BHK,Society_91,1014,2.0,2.0,154.5
Built-up  Area,Ready To Move,Kadugodi,3 BHK,Society_89,1514,4.0,2.0,67.95
Built-up  Area,19-Dec,Sarjapur Road,4 BHK,,2539,4.0,1.0,165.96
Super built-up  Area,22-Jan,Dasarahalli,3 BHK,,1378,2.0,2.0,88.82
Super built-up  Area,22-Jan,Hormavu,3 BHK,Society_122,1509,3.0,2.0,97.02
Plot  Area,22-Jan,Haralur Road,1 BHK,Society_29,467 - 567,1.0,1.0,41.07
Super built-up  Area,Ready To Move,Mysore Road,4 BHK,,2137,5.0,2.0,119.4
Plot  Area,Ready To Move,Arekere,3 BHK,,1422,3.0,3.0,70.35
Plot  Area,Ready To Move,Kanakapura Road,1 BHK,,728,1.0,1.0,55.65
Carpet  Area,Ready To Move,Kudlu Gate,2 BHK,Society_27,1270,2.0,1.0,71.61
Super built-up  Area,Ready To Move,HRBR Layout,4 BHK,,2227,4.0,2.0,116.83
Super built-up  Area,19-Dec,Girinagar,2 BHK,,1156,2.0,1.0,84.39
Carpet  Area,Ready To Move,Chandapura,5 BHK,,3584,6.0,2.0,127.29
Super built-up  Area,Ready To Move,Rachenahalli,4 BHK,,2181,4.0,0.0,114.98
Super built-up  Area,Ready To Move,Kogilu,4 BHK,,2322,4.0,1.0,153.78
Plot  Area,22-Jan,Hoodi,4 BHK,,2561,4.0,1.0,125.07
Super built-up  Area,Ready To Move,Old Madras Road,3 BHK,,1751,3.0,1.0,120.43
Super built-up  Area,Ready To Move,Rachenahalli,1 BHK,Society_102,432 - 532,2.0,1.0,26.95
Built-up  Area,22-Jan,Yelahanka,1 BHK,Society_197,874 - 974,1.0,0.0,62.26
Super built-up  Area,Ready To Move,Rajaji Nagar,4 BHK,,2244 - 2344,4.0,1.0,238.41
Super built-up  Area,Ready To Move,Uttarahalli,4 BHK,,2149,4.0,2.0,129.56
Super built-up  Area,Ready To Move,Richmond Town,3 BHK,,1347,3.0,1.0,167.4
Super built-up  Area,22-Jan,Old Airport Road,3 BHK,,1577,3.0,0.0,163.17
Built-up  Area,Ready To Move,Girinagar,2 BHK,Society_15,1109,2.0,0.0,56.91
Super built-up  Area,22-Jan,Sahakara Nagar,4 BHK,,2152,4.0,1.0,114.73
Super built-up  Area,22-Jan,Chamrajpet,4 BHK,,2138 - 2238,4.0,0.0,112.01
Super built-up  Area,19-Dec,Horamavu Agara,4 BHK,Society_129,2331,4.0,2.0,136.25
Super built-up  Area,22-Jan,Devanahalli,2 BHK,Society_150,876,2.0,0.0,38.95
Built-up  Area,Ready To Move,Malleshwaram,3 BHK,,1509,3.0,1.0,228.85
Super built-up  Area,Ready To Move,Electronic City,3 BHK,Society_16,1740,3.0,1.0,88.78
Built-up  Area,Ready To Move,Yeshwanthpur,3 BHK,Society_51,1264,3.0,3.0,64.81
Super built-up  Area,22-Jan,Whitefield,2 BHK,Society_61,947 - 1047,2.0,0.0,74.7
Built-up  Area,19-Dec,Attibele,2 BHK,,1292,1.0,2.0,50.46
Carpet  Area,Ready To Move,Banashankari,4 BHK,,2102,3.0,2.0,154.18
Super built-up  Area,22-Jan,Rachenahalli,2 BHK,,969,2.0,1.0,55.14
Plot  Area,19-Dec,Magadi Road,2 BHK,Society_11,1061,2.0,1.0,56.04
Super built-up  Area,19-Dec,Magadi Road,2 BHK,,1316,3.0,2.0,89.79
Super built-up  Area,Ready To Move,Girinagar,4 BHK,,2179,4.0,1.0,120.49
Super built-up  Area,Ready To Move,Nayandahalli,4 BHK,,2149,4.0,2.0,154.04
Super built-up  Area,19-Dec,Vijayanagar,3 BHK,Society_76,1535,3.0,2.0,77.52
Super built-up  Area,Ready To Move,Bellandur,2 BHK,,864,1.0,0.0,70.71
Super built-up  Area,Ready To Move,Chamrajpet,2 BHK,,948,2.0,0.0,52.96
Carpet  Area,Ready To Move,Narayanapura,3 BHK,,1736,3.0,2.0,94.32
Super built-up  Area,22-Jan,Banashankari,3 BHK,Society_135,1554 - 1654,3.0,3.0,83.77
Plot  Area,19-Dec,Ramamurthy Nagar,2 BHK,,1277,2.0,2.0,79.02
Built-up  Area,Ready To Move,Fraser Town,2 BHK,,846,2.0,2.0,59.56
Built-up  Area,Ready To Move,CV Raman Nagar,1 BHK,,512,1.0,1.0,40.21
Super built-up  Area,19-Dec,Brigade Road,4 BHK,,2575,3.0,3.0,500.73
Plot  Area,Ready To Move,Lavelle Road,4 BHK,,2250,4.0,2.0,473.42
Super built-up  Area,19-Dec,Chandapura,3 BHK,,1784,3.0,1.0,66.41
Super built-up  Area,Ready To Move,Adugodi,4 BHK,,2474,5.0,2.0,159.16
Carpet  Area,Ready To Move,RT Nagar,5 BHK,,3720,5.0,1.0,307.45
Built-up  Area,19-Dec,Old Madras Road,2 BHK,,1228,2.0,2.0,75.45
Built-up  Area,Ready To Move,Ejipura,3 BHK,Society_65,1612,2.0,2.0,146.61
Built-up  Area,Ready To Move,BTM Layout,3 BHK,,1701,4.0,1.0,147.61
Super built-up  Area,Ready To Move,Yelahanka,3 BHK,Society_67,1259,3.0,0.0,81.45
Super built-up  Area,Ready To Move,Jalahalli,5 BHK,,3814,5.0,1.0,218.35
Super built-up  Area,Ready To Move,Yelahanka,2 BHK,Society_171,1272,2.0,2.0,74.53
Super built-up  Area,22-Jan,Banaswadi,2 BHK,Society_139,1215 - 1315,2.0,0.0,81.39
Super built-up  Area,19-Dec,Hoodi,2 BHK,,1203 - 1303,1.0,1.0,79.33
Super built-up  Area,Ready To Move,Ulsoor,2 BHK,,966,2.0,2.0,107.15
Built-up  Area,19-Dec,Banaswadi,3 BHK,Society_81,1575,3.0,2.0,77.42
Super built-up  Area,Ready To Move,BTM Layout,4 BHK,,2373,4.0,1.0,195.66
Plot  Area,22-Jan,Cox Town,4 BHK,,2279 - 2379,5.0,3.0,133.1
Built-up  Area,Ready To Move,Thanisandra Main Road,2 BHK,Society_30,1148,1.0,2.0,61.41
Super built-up  Area,22-Jan,Thanisandra,4 BHK,,2421,5.0,3.0,127.79
Plot  Area,Ready To Move,Bommanahalli,2 BHK,Society_170,965,1.0,2.0,63.06
Carpet  Area,Ready To Move,Hennur Road,4 BHK,Society_48,2343,4.0,1.0,143.21
Plot  Area,22-Jan,Narayanapura,3 BHK,Society_21,1361,3.0,2.0,92.97
Super built-up  Area,19-Dec,Rajaji Nagar,1 BHK,,917,1.0,1.0,89.91
Built-up  Area,Ready To Move,Anekal,5 BHK,Society_17,3512,6.0,0.0,147.37
Super built-up  Area,Ready To Move,Old Madras Road,3 BHK,,1256,3.0,3.0,73.59
Built-up  Area,Ready To Move,KR Puram,2 BHK,Society_58,1139 - 1239,1.0,2.0,78.63
Plot  Area,22-Jan,HBR Layout,3 BHK,Society_26,1547,4.0,1.0,124.89
Built-up  Area,22-Jan,Mysore Road,3 BHK,,1494,2.0,2.0,71.76
Built-up  Area,22-Jan,Rachenahalli,4 BHK,Society_155,2533,4.0,3.0,143.15
Super built-up  Area,Ready To Move,Hulimavu,3 BHK,Society_15,1406,3.0,3.0,88.78
Plot  Area,Ready To Move,Bagalur,2 BHK,,1067,2.0,1.0,74.1
Carpet  Area,Ready To Move,Richmond Town,4 BHK,,2495,5.0,3.0,263.83
Carpet  Area,Ready To Move,MG Road,4 BHK,,2545,4.0,2.0,520.15
Super built-up  Area,Ready To Move,Ulsoor,5 BHK,,3419,5.0,1.0,389.68
Super built-up  Area,19-Dec,Domlur,3 BHK,Society_24,1470,3.0,3.0,215.97
Super built-up  Area,Ready To Move,Wilson Garden,3 BHK,Society_167,1777,3.0,0.0,158.95
Built-up  Area,Ready To Move,Dasarahalli,5 BHK,Society_126,3629,5.0,3.0,283.99
Plot  Area,Ready To Move,Malleshwaram,3 BHK,,1705,2.0,2.0,315.03
Plot  Area,19-Dec,HRBR Layout,3 BHK,Society_175,1366 - 1466,2.0,1.0,72.68
Super built-up  Area,Ready To Move,Begur Road,3 BHK,,1363 - 1463,3.0,0.0,103.74
Super built-up  Area,22-Jan,Richmond Town,3 BHK,Society_123,1697,3.0,1.0,254.53
Plot  Area,22-Jan,Nagarbhavi,2 BHK,,1271,2.0,1.0,92.75
Built-up  Area,22-Jan,Hulimavu,3 BHK,,1431,3.0,3.0,84.91
Carpet  Area,Ready To Move,Kumaraswamy Layout,3 BHK,,1615,2.0,0.0,105.87
Super built-up  Area,22-Jan,Kogilu,2 BHK,,1216,2.0,2.0,79.46
Plot  Area,22-Jan,Jalahalli,2 BHK,,925,2.0,1.0,63.97
Super built-up  Area,Ready To Move,Rajaji Nagar,3 BHK,,1769,3.0,1.0,183.6
Built-up  Area,Ready To Move,MG Road,3 BHK,Society_31,1719 - 1819,3.0,1.0,421.97
Super built-up  Area,19-Dec,Laggere,2 BHK,,1041,3.0,1.0,66.76
Built-up  Area,22-Jan,Rachenahalli,4 BHK,,2271 - 2371,4.0,1.0,132.45
Built-up  Area,Ready To Move,Cunningham Road,2 BHK,Society_86,1029,2.0,2.0,134.73
Carpet  Area,19-Dec,Uttarahalli,4 BHK,Society_77,2576,4.0,0.0,143.73
Super built-up  Area,22-Jan,Peenya,2 BHK,Society_107,1061,2.0,1.0,64.35
Built-up  Area,Ready To Move,Kammanahalli,4 BHK,,2290,4.0,1.0,144.52
Built-up  Area,19-Dec,Ejipura,4 BHK,,2182,3.0,0.0,239.21
Carpet  Area,Ready To Move,Old Madras Road,4 BHK,Society_76,2499,4.0,1.0,131.54
Super built-up  Area,Ready To Move,Raja Rajeshwari Nagar,2 BHK,Society_161,977,2.0,0.0,62.82
Built-up  Area,Ready To Move,Devanahalli,4 BHK,Society_134,2536,4.0,1.0,113.89
Super built-up  Area,Ready To Move,Jakkur,3 BHK,,1341,2.0,1.0,83.04
Plot  Area,Ready To Move,Brigade Road,4 BHK,,2122,3.0,0.0,453.44
Plot  Area,Ready To Move,Raja Rajeshwari Nagar,2 BHK,Society_128,1011 - 1111,2.0,0.0,47.46
Built-up  Area,Ready To Move,Laggere,3 BHK,,1325,2.0,0.0,71.16
Super built-up  Area,Ready To Move,Begur Road,3 BHK,,1607 - 1707,2.0,3.0,115.4
Built-up  Area,Ready To Move,Ejipura,3 BHK,,1274,2.0,0.0,134.9
Super built-up  Area,Ready To Move,Hennur Road,4 BHK,,2579,3.0,0.0,121.64
Super built-up  Area,Ready To Move,Kumaraswamy Layout,3 BHK,Society_115,1487,2.0,3.0,100.76
Built-up  Area,19-Dec,Ejipura,2 BHK,,918,2.0,0.0,81.08
Super built-up  Area,19-Dec,HRBR Layout,2 BHK,,1146,2.0,1.0,69.48
Plot  Area,Ready To Move,Whitefield,1 BHK,Society_127,499 - 599,1.0,0.0,38.97
Built-up  Area,19-Dec,Ramamurthy Nagar,1 BHK,,509,1.0,1.0,33.69
Plot  Area,Ready To Move,Kengeri,5 BHK,,3621,6.0,0.0,313.41
Carpet  Area,19-Dec,Electronic City,3 BHK,,1645 - 1745,4.0,3.0,87.08
Super built-up  Area,Ready To Move,Kammanahalli,2 BHK,Society_3,979,2.0,2.0,52.71
Built-up  Area,Ready To Move,Malleshwaram,2 BHK,Society_151,988 - 1088,2.0,2.0,148.7
Carpet  Area,19-Dec,Thanisandra,3 BHK,,1597 - 1697,3.0,1.0,92.81
Carpet  Area,Ready To Move,Hulimavu,3 BHK,,1239 - 1339,2.0,1.0,86.46
Super built-up  Area,Ready To Move,Hennur Road,3 BHK,,1417,2.0,2.0,77.22
Super built-up  Area,Ready To Move,Bagalur,3 BHK,,1692,4.0,2.0,89.47
Built-up  Area,19-Dec,Vasanth Nagar,2 BHK,,1297,2.0,2.0,169.69
Super built-up  Area,Ready To Move,Banaswadi,2 BHK,,1026,3.0,1.0,61.42
Super built-up  Area,19-Dec,Magadi Road,2 BHK,,1225,1.0,2.0,88.58
Super built-up  Area,Ready To Move,HBR Layout,3 BHK,,1614,3.0,2.0,93.47
Built-up  Area,19-Dec,Indira Nagar,2 BHK,,1263,2.0,2.0,180.97
Plot  Area,Ready To Move,Uttarahalli,3 BHK,,1426,3.0,1.0,107.83
Plot  Area,Ready To Move,Brigade Road,1 BHK,,556,1.0,1.0,106.5
Plot  Area,19-Dec,Kogilu,3 BHK,,1343,4.0,3.0,82.6
Plot  Area,Ready To Move,Hosa Road,2 BHK,Society_95,922,3.0,2.0,61.24
Super built-up  Area,Ready To Move,Whitefield,3 BHK,Society_88,1365,4.0,1.0,72.36
Super built-up  Area,Ready To Move,Rachenahalli,2 BHK,Society_101,1041,2.0,1.0,66.24
Built-up  Area,Ready To Move,Marathahalli,3 BHK,,1618,3.0,0.0,115.63
Super built-up  Area,Ready To Move,Lingarajapuram,4 BHK,Society_137,2336,4.0,1.0,96.23
Carpet  Area,19-Dec,BTM Layout,2 BHK,Society_17,1057,2.0,2.0,99.32
Super built-up  Area,Ready To Move,JP Nagar,1 BHK,,567 - 667,1.0,1.0,55.76
Built-up  Area,Ready To Move,Kudlu Gate,4 BHK,Society_54,2183,4.0,2.0,128.9
Super built-up  Area,Ready To Move,Bagalur,2 BHK,,1304,2.0,0.0,60.33
Super built-up  Area,22-Jan,BTM Layout,1 BHK,,737,2.0,1.0,60.45
Super built-up  Area,22-Jan,Adugodi,2 BHK,,952 - 1052,2.0,2.0,53.81
Super built-up  Area,Ready To Move,Hoodi,3 BHK,,1717,2.0,1.0,105.41
Built-up  Area,Ready To Move,Hormavu,3 BHK,,1334,4.0,2.0,81.76
Built-up  Area,19-Dec,Rachenahalli,2 BHK,Society_167,1037,2.0,2.0,82.75
Super built-up  Area,Ready To Move,Domlur,4 BHK,,2078,4.0,3.0,248.8
Built-up  Area,Ready To Move,Padmanabhanagar,2 BHK,,907,2.0,2.0,58.36
Plot  Area,Ready To Move,Bellandur,2 BHK,,1254 - 1354,1.0,2.0,101.98
Super built-up  Area,Ready To Move,Vijayanagar,3 BHK,Society_61,1349,4.0,1.0,90.27
Super built-up  Area,Ready To Move,Electronic City,1 BHK,,425,1.0,1.0,21.29
Built-up  Area,Ready To Move,Mysore Road,3 BHK,Society_194,1784,2.0,1.0,71.3
Super built-up  Area,Ready To Move,Domlur,3 BHK,,1350,3.0,2.0,198.64
Built-up  Area,22-Jan,Girinagar,5 BHK,,3603,6.0,2.0,213.61
Carpet  Area,Ready To Move,Budigere Cross,3 BHK,,1598,3.0,3.0,78.39
Built-up  Area,Ready To Move,Uttarahalli,4 BHK,Society_107,2348,5.0,3.0,117.41
Plot  Area,22-Jan,Kalyan Nagar,2 BHK,Society_142,1262,2.0,2.0,84.24
Built-up  Area,22-Jan,Kogilu,3 BHK,,1320,3.0,0.0,68.16
Super built-up  Area,Ready To Move,Banaswadi,2 BHK,,924,2.0,1.0,58.11
Super built-up  Area,22-Jan,Kammanahalli,2 BHK,Society_85,850,2.0,1.0,47.15
Plot  Area,Ready To Move,Bommanahalli,3 BHK,,1329,3.0,3.0,75.9
Built-up  Area,19-Dec,Sadashiva Nagar,2 BHK,,1211,2.0,0.0,164.44
Built-up  Area,Ready To Move,Yeshwanthpur,2 BHK,,1215,1.0,1.0,86.44
Super built-up  Area,Ready To Move,Yelahanka,3 BHK,Society_125,1423 - 1523,4.0,3.0,94.82
Plot  Area,Ready To Move,Mysore Road,3 BHK,,1538,2.0,1.0,93.36
Carpet  Area,22-Jan,Marathahalli,3 BHK,,1505,3.0,1.0,104.36
Super built-up  Area,Ready To Move,Chandapura,3 BHK,,1796,3.0,0.0,62.24
Plot  Area,Ready To Move,Ulsoor,3 BHK,,1617,3.0,1.0,232.08
Plot  Area,19-Dec,Chikkaballapur Road,3 BHK,,1703,3.0,3.0,118.97
Built-up  Area,22-Jan,Raja Rajeshwari Nagar,3 BHK,Society_21,1570,3.0,2.0,74.34
Carpet  Area,Ready To Move,Kalyan Nagar,4 BHK,Society_132,2052,4.0,3.0,131.72
Plot  Area,Ready To Move,Jigani,3 BHK,,1582,3.0,1.0,107.08
Plot  Area,Ready To Move,Chandapura,3 BHK,,1655,3.0,2.0,70.21
Super built-up  Area,Ready To Move,BTM Layout,3 BHK,,1579,3.0,1.0,109.17
Super built-up  Area,22-Jan,Yeshwanthpur,4 BHK,Society_114,2252,3.0,3.0,165.53
Built-up  Area,Ready To Move,Kasturi Nagar,2 BHK,Society_123,1253,2.0,1.0,88.37
Built-up  Area,22-Jan,Kumaraswamy Layout,2 BHK,,820,2.0,1.0,37.93
Built-up  Area,Ready To Move,Laggere,3 BHK,Society_197,1535,2.0,2.0,95.46
Super built-up  Area,19-Dec,Haralur Road,2 BHK,Society_162,806,2.0,2.0,36.41
Super built-up  Area,19-Dec,Vijayanagar,4 BHK,Society_175,2181,3.0,2.0,102.06
Carpet  Area,19-Dec,Attibele,4 BHK,,2484,4.0,1.0,171.76
Plot  Area,Ready To Move,Adugodi,2 BHK,,801,2.0,0.0,64.79
Built-up  Area,Ready To Move,JP Nagar,3 BHK,,1495,4.0,0.0,143.55
Super built-up  Area,Ready To Move,Kasturi Nagar,2 BHK,Society_70,1049,2.0,2.0,78.92
Super built-up  Area,Ready To Move,Ejipura,3 BHK,,1251,3.0,2.0,114.3
Carpet  Area,Ready To Move,Ulsoor,4 BHK,Society_126,2480,4.0,1.0,253.92
Built-up  Area,Ready To Move,Hosa Road,4 BHK,,2400,5.0,3.0,157.46
Built-up  Area,Ready To Move,New BEL Road,3 BHK,,1409,3.0,1.0,94.73
Built-up  Area,19-Dec,Haralur Road,4 BHK,,2073,3.0,2.0,118.48
Built-up  Area,22-Jan,Vasanth Nagar,4 BHK,,2070,4.0,1.0,305.73
Built-up  Area,Ready To Move,Begur Road,2 BHK,,1216,1.0,2.0,72.35
Plot  Area,Ready To Move,Jayanagar,4 BHK,Society_87,2199,4.0,3.0,284.99
Plot  Area,Ready To Move,Bommanahalli,4 BHK,Society_51,2175,4.0,0.0,119.94
Built-up  Area,Ready To Move,Gottigere,2 BHK,Society_123,1069,2.0,1.0,64.48
Super built-up  Area,Ready To Move,Peenya,2 BHK,Society_11,1107,2.0,2.0,77.16
Carpet  Area,Ready To Move,Devanahalli,2 BHK,,1094,2.0,1.0,52.99
Super built-up  Area,Ready To Move,Kalyan Nagar,4 BHK,,2211,5.0,0.0,117.35
Built-up  Area,19-Dec,Kumaraswamy Layout,3 BHK,Society_55,1542,3.0,2.0,91.99
Super built-up  Area,19-Dec,Marathahalli,2 BHK,Society_112,1089,2.0,1.0,69.22
Plot  Area,Ready To Move,Kanakapura Road,2 BHK,Society_60,1193,2.0,2.0,99.33
Built-up  Area,Ready To Move,Old Madras Road,4 BHK,,2560,5.0,1.0,119.32
Super built-up  Area,22-Jan,Budigere Cross,1 BHK,,425,1.0,1.0,21.47
Plot  Area,Ready To Move,Kalyan Nagar,3 BHK,,1749,3.0,0.0,128.67
Carpet  Area,19-Dec,Basavanagudi,2 BHK,,1055 - 1155,3.0,2.0,111.71
Plot  Area,22-Jan,Magadi Road,4 BHK,,2131,4.0,2.0,121.74
Built-up  Area,19-Dec,Narayanapura,3 BHK,,1720,3.0,1.0,108.1
Super built-up  Area,19-Dec,Bagalur,4 BHK,Society_117,2351,4.0,1.0,163.57
Super built-up  Area,19-Dec,Peenya,3 BHK,,1509,3.0,1.0,84.45
Built-up  Area,Ready To Move,New BEL Road,3 BHK,Society_17,1495 - 1595,2.0,2.0,99.7
Built-up  Area,19-Dec,Bellandur,2 BHK,,1274,1.0,0.0,76.14
Super built-up  Area,19-Dec,Chikkaballapur Road,2 BHK,Society_97,1171,2.0,1.0,70.49
Built-up  Area,Ready To Move,Kasturi Nagar,4 BHK,,2461,5.0,2.0,136.79
Super built-up  Area,Ready To Move,Brigade Road,2 BHK,,979,2.0,1.0,211.92
Plot  Area,22-Jan,Yeshwanthpur,3 BHK,,1345,2.0,2.0,110.21
Super built-up  Area,19-Dec,Yeshwanthpur,3 BHK,,1731,3.0,3.0,93.65
Built-up  Area,19-Dec,Dasarahalli,3 BHK,,1645,3.0,2.0,109.19
Plot  Area,Ready To Move,Kumaraswamy Layout,3 BHK,Society_110,1571,3.0,0.0,94.68
Super built-up  Area,Ready To Move,Hennur Road,1 BHK,,888 - 988,2.0,1.0,53.31
Built-up  Area,Ready To Move,Hosa Road,3 BHK,,1274,4.0,2.0,66.19
Super built-up  Area,22-Jan,Hoodi,3 BHK,,1713,3.0,3.0,90.12
Plot  Area,19-Dec,Old Airport Road,3 BHK,,1483,4.0,3.0,191.38
Super built-up  Area,Ready To Move,Lavelle Road,4 BHK,Society_115,2085,4.0,2.0,382.26
Plot  Area,Ready To Move,Devanahalli,3 BHK,Society_59,1323,3.0,1.0,48.43
Built-up  Area,22-Jan,Akshaya Nagar,3 BHK,Society_159,1732,4.0,0.0,107.17
Carpet  Area,Ready To Move,HSR Layout,2 BHK,,904 - 1004,2.0,2.0,109.16
Carpet  Area,Ready To Move,Electronic City,3 BHK,Society_160,1481,3.0,1.0,78.08
Built-up  Area,22-Jan,Malleshwaram,2 BHK,,1258,2.0,1.0,160.6
Carpet  Area,Ready To Move,Mysore Road,3 BHK,,1697,3.0,0.0,114.18
Super built-up  Area,22-Jan,Jayanagar,4 BHK,Society_155,2280 - 2380,4.0,1.0,336.58
Built-up  Area,Ready To Move,Chamrajpet,2 BHK,Society_161,765 - 865,2.0,0.0,36.09
Plot  Area,Ready To Move,RT Nagar,4 BHK,Society_167,2332,3.0,1.0,125.51
Built-up  Area,Ready To Move,Adugodi,4 BHK,,2544,4.0,2.0,110.51
Plot  Area,22-Jan,Thanisandra Main Road,2 BHK,Society_139,803,3.0,0.0,56.64
Super built-up  Area,Ready To Move,Ejipura,2 BHK,,1033,2.0,1.0,88.28
Built-up  Area,Ready To Move,Koramangala,3 BHK,,1675,3.0,2.0,200.73
Carpet  Area,Ready To Move,Hennur Road,4 BHK,Society_103,2538,4.0,1.0,87.94
Super built-up  Area,Ready To Move,Hennur Road,3 BHK,,1701,3.0,2.0,102.93
Super built-up  Area,19-Dec,JP Nagar,2 BHK,Society_16,1129,1.0,2.0,95.51
Plot  Area,Ready To Move,Banashankari,1 BHK,,659,1.0,1.0,49.04
Plot  Area,Ready To Move,Yelahanka,3 BHK,,1692,2.0,1.0,135.95
Plot  Area,19-Dec,Ejipura,3 BHK,,1219 - 1319,3.0,1.0,116.58
Super built-up  Area,Ready To Move,Nagarbhavi,3 BHK,Society_149,1426,2.0,3.0,75.52
Carpet  Area,Ready To Move,Vasanth Nagar,2 BHK,,996,2.0,1.0,118.84
Super built-up  Area,19-Dec,Begur Road,3 BHK,Society_139,1623,3.0,2.0,108.64
Super built-up  Area,Ready To Move,Begur Road,4 BHK,,2484,4.0,2.0,151.68
Carpet  Area,19-Dec,Chamrajpet,4 BHK,,2324,4.0,2.0,122.33
Plot  Area,19-Dec,Rachenahalli,4 BHK,Society_108,2140,4.0,2.0,153.26
Built-up  Area,19-Dec,Vidyaranyapura,3 BHK,,1299,3.0,2.0,94.11
Super built-up  Area,19-Dec,Jalahalli,3 BHK,Society_131,1458,2.0,3.0,101.06
Super built-up  Area,Ready To Move,Hoodi,2 BHK,,1190,2.0,2.0,71.05
Built-up  Area,Ready To Move,Sadashiva Nagar,3 BHK,,1644,3.0,2.0,232.03
Super built-up  Area,Ready To Move,HBR Layout,4 BHK,,2577,4.0,1.0,170.27
Super built-up  Area,22-Jan,Vasanth Nagar,3 BHK,,1779,4.0,2.0,207.39
Built-up  Area,Ready To Move,Peenya,3 BHK,,1401 - 1501,2.0,1.0,94.31
Super built-up  Area,22-Jan,Kanakapura Road,3 BHK,,1665,3.0,2.0,96.42
Super built-up  Area,Ready To Move,RT Nagar,2 BHK,Society_169,980 - 1080,3.0,2.0,66.71
Super built-up  Area,Ready To Move,Hulimavu,3 BHK,,1694,4.0,3.0,100.44
Carpet  Area,19-Dec,Lingarajapuram,3 BHK,,1362 - 1462,3.0,1.0,68.07
Super built-up  Area,22-Jan,Old Madras Road,2 BHK,,988,2.0,2.0,56.26
Super built-up  Area,Ready To Move,Kengeri,4 BHK,,2222,4.0,2.0,149.36
Built-up  Area,Ready To Move,Kammanahalli,4 BHK,Society_116,2273 - 2373,4.0,1.0,123.87
Super built-up  Area,22-Jan,Rajarajeshwari Nagara,4 BHK,Society_77,2326,5.0,1.0,152.1
Super built-up  Area,22-Jan,Yelahanka,2 BHK,Society_61,1343,3.0,1.0,85.37
Carpet  Area,19-Dec,Horamavu Agara,2 BHK,Society_153,987,3.0,0.0,49.09
Super built-up  Area,Ready To Move,Magadi Road,2 BHK,,1157,2.0,1.0,82.23
Super built-up  Area,Ready To Move,Basaveshwara Nagar,3 BHK,Society_129,1337,4.0,3.0,81.06
Super built-up  Area,Ready To Move,Raja Rajeshwari Nagar,4 BHK,Society_107,2391,5.0,1.0,117.23
Super built-up  Area,22-Jan,Yeshwanthpur,2 BHK,Society_33,974,1.0,0.0,45.58
Built-up  Area,19-Dec,Basaveshwara Nagar,3 BHK,,1386 - 1486,2.0,2.0,79.73
Super built-up  Area,Ready To Move,Malleshwaram,2 BHK,Society_142,934,2.0,0.0,149.98
Carpet  Area,22-Jan,Yelahanka,3 BHK,,1402,3.0,1.0,97.28
Super built-up  Area,Ready To Move,Gottigere,2 BHK,Society_95,889,2.0,1.0,65.77
Super built-up  Area,22-Jan,Marathahalli,1 BHK,,618,1.0,1.0,46.02
Plot  Area,19-Dec,Laggere,2 BHK,,1337,2.0,2.0,140.1
Super built-up  Area,19-Dec,Begur Road,2 BHK,Society_87,1153,2.0,2.0,69.13
Super built-up  Area,19-Dec,Basavanagudi,2 BHK,,978 - 1078,3.0,2.0,103.6
Built-up  Area,19-Dec,Adugodi,2 BHK,,815 - 915,2.0,2.0,35.87
Super built-up  Area,19-Dec,Yeshwanthpur,3 BHK,Society_170,1638,3.0,2.0,73.26
Plot  Area,Ready To Move,Peenya,2 BHK,Society_44,1282,2.0,0.0,81.36
Plot  Area,Ready To Move,Raja Rajeshwari Nagar,3 BHK,,1391 - 1491,4.0,2.0,104.01
Super built-up  Area,22-Jan,Kumaraswamy Layout,3 BHK,,1533 - 1633,3.0,2.0,114.31
Carpet  Area,Ready To Move,Gottigere,4 BHK,,2177,4.0,1.0,116.02
Super built-up  Area,Ready To Move,Wilson Garden,3 BHK,,1252 - 1352,3.0,0.0,106.14
Super built-up  Area,22-Jan,Hebbal,3 BHK,Society_101,1772,2.0,0.0,226.9
Super built-up  Area,Ready To Move,HBR Layout,5 BHK,,3580,5.0,2.0,258.3
Plot  Area,Ready To Move,Nayandahalli,2 BHK,,967 - 1067,1.0,2.0,74.62
Built-up  Area,Ready To Move,Varthur,4 BHK,Society_46,2377,4.0,0.0,162.72
Super built-up  Area,22-Jan,Malleshwaram,3 BHK,Society_4,1740,3.0,2.0,214.6
Carpet  Area,19-Dec,RT Nagar,2 BHK,,1099 - 1199,2.0,1.0,72.35
Built-up  Area,19-Dec,Budigere Cross,2 BHK,Society_56,1268,3.0,2.0,81.42
Carpet  Area,Ready To Move,Hormavu,3 BHK,Society_62,1524,2.0,1.0,89.39
Super built-up  Area,Ready To Move,Sadashiva Nagar,3 BHK,,1342,4.0,2.0,242.11
Plot  Area,Ready To Move,Koramangala,2 BHK,,1010,2.0,2.0,201.15
Built-up  Area,19-Dec,Raja Rajeshwari Nagar,1 BHK,Society_85,463,1.0,1.0,23.74
Plot  Area,Ready To Move,Bommanahalli,4 BHK,Society_75,2061,3.0,2.0,122.96
Super built-up  Area,Ready To Move,Kalyan Nagar,2 BHK,Society_118,1194,1.0,2.0,87.13
Super built-up  Area,22-Jan,Lingarajapuram,3 BHK,,1628,2.0,1.0,99.77
Carpet  Area,Ready To Move,CV Raman Nagar,3 BHK,,1455,4.0,0.0,101.89
Plot  Area,22-Jan,Koramangala,3 BHK,Society_132,1407,3.0,3.0,205.01
Built-up  Area,Ready To Move,Sahakara Nagar,3 BHK,,1786,3.0,1.0,87.08
Plot  Area,19-Dec,Yelahanka,4 BHK,,2178,4.0,1.0,150.15
Super built-up  Area,Ready To Move,Lavelle Road,3 BHK,,1513,3.0,3.0,321.78
Super built-up  Area,Ready To Move,Horamavu Agara,2 BHK,,1049 - 1149,3.0,0.0,53.06
Super built-up  Area,22-Jan,Jalahalli,3 BHK,,1613,3.0,0.0,101.78
Super built-up  Area,Ready To Move,Bagalur,1 BHK,,777,1.0,1.0,46.17
Super built-up  Area,Ready To Move,Jalahalli,4 BHK,Society_90,2533,3.0,0.0,181.92
Super built-up  Area,Ready To Move,Electronic City,2 BHK,,862,2.0,1.0,33.54
Built-up  Area,Ready To Move,Richmond Town,1 BHK,,934,1.0,1.0,137.29
Built-up  Area,Ready To Move,Hulimavu,3 BHK,,1751,3.0,2.0,97.9
Carpet  Area,Ready To Move,Kanakapura Road,2 BHK,,1247 - 1347,2.0,2.0,83.12
Super built-up  Area,19-Dec,Jakkur,2 BHK,,1228 - 1328,1.0,1.0,49.49
Carpet  Area,Ready To Move,Benson Town,3 BHK,,1691,2.0,1.0,111.68
Super built-up  Area,19-Dec,Mysore Road,3 BHK,Society_161,1417,4.0,2.0,70.94
Built-up  Area,19-Dec,Mahadevapura,2 BHK,Society_35,1066,1.0,1.0,65.72
Built-up  Area,Ready To Move,Jakkur,1 BHK,Society_199,922,1.0,1.0,59.18
Super built-up  Area,Ready To Move,Sadashiva Nagar,4 BHK,Society_104,2123,3.0,0.0,272.68
Super built-up  Area,Ready To Move,Hebbal,5 BHK,,3352,6.0,2.0,333.38
Super built-up  Area,19-Dec,Cox Town,2 BHK,,1024,2.0,2.0,66.63
Super built-up  Area,Ready To Move,Brigade Road,3 BHK,Society_166,1460,2.0,1.0,267.82
Super built-up  Area,22-Jan,Sadashiva Nagar,2 BHK,,1150,2.0,0.0,144.29
Built-up  Area,Ready To Move,Laggere,2 BHK,,913,2.0,1.0,38.97
Carpet  Area,Ready To Move,Budigere Cross,2 BHK,,855,2.0,1.0,40.87
Super built-up  Area,19-Dec,Bagalur,4 BHK,,2226,4.0,2.0,150.54
Plot  Area,Ready To Move,Basaveshwara Nagar,3 BHK,Society_14,1445,4.0,1.0,82.99
Super built-up  Area,Ready To Move,Jayanagar,3 BHK,Society_58,1701,2.0,2.0,193.9
Built-up  Area,Ready To Move,Rajarajeshwari Nagara,5 BHK,Society_16,3808,4.0,2.0,169.18
Built-up  Area,Ready To Move,Anekal,2 BHK,Society_115,1201 - 1301,2.0,1.0,38.09
Built-up  Area,22-Jan,Hormavu,2 BHK,,1106,3.0,1.0,77.89
Super built-up  Area,19-Dec,Gottigere,3 BHK,,1438,2.0,1.0,79.04
Super built-up  Area,22-Jan,Kengeri,2 BHK,,1182,2.0,2.0,66.0
Carpet  Area,Ready To Move,Kalyan Nagar,3 BHK,Society_72,1714,3.0,0.0,118.94
Super built-up  Area,Ready To Move,Fraser Town,3 BHK,Society_139,1354,3.0,1.0,96.45
Plot  Area,Ready To Move,JP Nagar,3 BHK,Society_24,1317,4.0,1.0,131.93
Carpet  Area,19-Dec,Arekere,5 BHK,,3550,4.0,1.0,222.17
Built-up  Area,Ready To Move,Jalahalli,3 BHK,Society_14,1607 - 1707,2.0,0.0,108.0
Super built-up  Area,Ready To Move,Kumaraswamy Layout,2 BHK,Society_134,941,2.0,2.0,63.44
Super built-up  Area,19-Dec,HSR Layout,3 BHK,,1529 - 1629,3.0,0.0,140.57
Super built-up  Area,Ready To Move,Electronic City,2 BHK,,1012,2.0,1.0,44.82
Built-up  Area,Ready To Move,HRBR Layout,3 BHK,Society_109,1454,2.0,0.0,86.12
Built-up  Area,19-Dec,Rachenahalli,3 BHK,,1703,3.0,3.0,66.46
Built-up  Area,Ready To Move,Benson Town,2 BHK,,1216,2.0,1.0,91.28
Built-up  Area,Ready To Move,Bellandur,3 BHK,Society_22,1679 - 1779,3.0,0.0,126.97
Plot  Area,Ready To Move,Richmond Town,3 BHK,,1364,3.0,2.0,209.12
Super built-up  Area,Ready To Move,Old Airport Road,4 BHK,,2266,4.0,0.0,285.08
Built-up  Area,Ready To Move,Richmond Town,4 BHK,,2148,4.0,0.0,362.94
Carpet  Area,Ready To Move,Lingarajapuram,4 BHK,,2544,5.0,3.0,166.97
Built-up  Area,Ready To Move,Cox Town,4 BHK,,2017 - 2117,5.0,2.0,111.0
Built-up  Area,Ready To Move,Mysore Road,3 BHK,,1645,3.0,3.0,85.08
Built-up  Area,22-Jan,Budigere Cross,4 BHK,Society_179,2314,5.0,2.0,131.11
Super built-up  Area,22-Jan,Fraser Town,3 BHK,,1621,3.0,3.0,75.99
Super built-up  Area,Ready To Move,Whitefield,2 BHK,,903,1.0,2.0,62.34
Built-up  Area,Ready To Move,Indira Nagar,2 BHK,,806 - 906,2.0,2.0,116.52
Super built-up  Area,Ready To Move,Hosa Road,3 BHK,,1433,2.0,1.0,87.98
Built-up  Area,22-Jan,Budigere Cross,4 BHK,,2211,4.0,1.0,129.25
Built-up  Area,22-Jan,Marathahalli,2 BHK,,1047,2.0,2.0,78.64
Super built-up  Area,22-Jan,Kudlu Gate,3 BHK,Society_101,1684 - 1784,3.0,0.0,110.29
Super built-up  Area,Ready To Move,Jakkur,3 BHK,Society_95,1487,3.0,2.0,97.98
Built-up  Area,19-Dec,Bagalur,2 BHK,,980,1.0,1.0,53.32
Plot  Area,19-Dec,Rajarajeshwari Nagara,4 BHK,,2422 - 2522,4.0,2.0,149.23
Super built-up  Area,Ready To Move,Devanahalli,3 BHK,Society_140,1397,3.0,0.0,46.04
Plot  Area,Ready To Move,Hormavu,3 BHK,Society_107,1595,4.0,1.0,117.54
Built-up  Area,22-Jan,Kudlu Gate,2 BHK,Society_167,966,1.0,2.0,67.66
Super built-up  Area,Ready To Move,Uttarahalli,3 BHK,Society_122,1247 - 1347,4.0,1.0,68.01
Super built-up  Area,19-Dec,Kengeri,4 BHK,Society_72,2344,3.0,1.0,162.15
Super built-up  Area,Ready To Move,Ramamurthy Nagar,2 BHK,Society_30,1238,1.0,1.0,56.74
Super built-up  Area,22-Jan,Nayandahalli,4 BHK,,2449,3.0,2.0,173.44
Super built-up  Area,Ready To Move,Kengeri,4 BHK,Society_76,2346 - 2446,4.0,3.0,116.22
Super built-up  Area,Ready To Move,KR Puram,5 BHK,Society_68,3689,5.0,3.0,241.97
Super built-up  Area,22-Jan,Cox Town,3 BHK,Society_186,1363,2.0,1.0,89.49
Super built-up  Area,22-Jan,Hoodi,5 BHK,Society_75,3721,4.0,0.0,213.66
Built-up  Area,Ready To Move,Adugodi,2 BHK,Society_120,1267,2.0,1.0,83.11
Super built-up  Area,22-Jan,Indira Nagar,2 BHK,,983 - 1083,2.0,0.0,119.14
Super built-up  Area,19-Dec,Arekere,1 BHK,,860,1.0,1.0,61.79
Built-up  Area,Ready To Move,Vijayanagar,3 BHK,,1774,3.0,2.0,112.51
Super built-up  Area,Ready To Move,Hormavu,3 BHK,,1364,2.0,0.0,82.28
Plot  Area,Ready To Move,Koramangala,2 BHK,Society_176,1315,2.0,2.0,172.98
Built-up  Area,Ready To Move,Arekere,3 BHK,Society_168,1781,4.0,0.0,99.54
Built-up  Area,Ready To Move,Mahadevapura,3 BHK,,1289 - 1389,3.0,1.0,93.67
Built-up  Area,22-Jan,Bellandur,2 BHK,Society_49,940,2.0,1.0,77.42
Built-up  Area,19-Dec,Mahadevapura,2 BHK,,900,1.0,2.0,35.43
Built-up  Area,19-Dec,Domlur,4 BHK,,2111 - 2211,5.0,1.0,287.3
Super built-up  Area,19-Dec,HSR Layout,4 BHK,,2208,3.0,3.0,228.17
Built-up  Area,Ready To Move,Horamavu Agara,2 BHK,Society_14,1240,1.0,2.0,80.18
Built-up  Area,Ready To Move,New BEL Road,4 BHK,,2261,3.0,3.0,136.67
Built-up  Area,Ready To Move,Kadugodi,3 BHK,,1323,2.0,1.0,71.13
Super built-up  Area,Ready To Move,Nagarbhavi,4 BHK,,2329 - 2429,5.0,0.0,149.54
Built-up  Area,22-Jan,Whitefield,2 BHK,,1204,2.0,2.0,56.47
Carpet  Area,19-Dec,Adugodi,2 BHK,Society_70,841,2.0,1.0,39.98
Built-up  Area,Ready To Move,Sahakara Nagar,2 BHK,Society_190,1254,2.0,2.0,64.81
Super built-up  Area,19-Dec,New BEL Road,3 BHK,Society_87,1680,3.0,3.0,94.92
Super built-up  Area,Ready To Move,Brigade Road,4 BHK,,2407 - 2507,4.0,1.0,418.87
Built-up  Area,19-Dec,Wilson Garden,3 BHK,Society_15,1730 - 1830,3.0,1.0,147.34
Built-up  Area,Ready To Move,Kumaraswamy Layout,2 BHK,,867,1.0,2.0,43.18
Super built-up  Area,19-Dec,Thanisandra Main Road,3 BHK,,1594,4.0,2.0,86.37
Super built-up  Area,Ready To Move,RT Nagar,2 BHK,,856,1.0,0.0,57.5
Super built-up  Area,Ready To Move,Malleshwaram,3 BHK,Society_50,1623,2.0,1.0,164.22
Super built-up  Area,Ready To Move,Girinagar,3 BHK,Society_63,1283,2.0,1.0,85.72
Super built-up  Area,Ready To Move,Arekere,3 BHK,Society_109,1767,3.0,3.0,69.18
Super built-up  Area,Ready To Move,Yeshwanthpur,4 BHK,,2401,5.0,1.0,152.64
Super built-up  Area,Ready To Move,Jigani,2 BHK,,998 - 1098,3.0,1.0,46.87
Built-up  Area,Ready To Move,Bommanahalli,3 BHK,Society_56,1494 - 1594,3.0,1.0,114.2
Super built-up  Area,Ready To Move,Raja Rajeshwari Nagar,4 BHK,,2178 - 2278,3.0,2.0,183.23
Built-up  Area,Ready To Move,Chikkaballapur Road,2 BHK,Society_10,823,3.0,2.0,37.03
Plot  Area,Ready To Move,Hormavu,2 BHK,Society_40,855,3.0,2.0,49.73
Super built-up  Area,19-Dec,Chikkaballapur Road,5 BHK,Society_68,3421,5.0,1.0,229.12
Built-up  Area,Ready To Move,Benson Town,4 BHK,Society_91,2343,4.0,1.0,154.71
Built-up  Area,22-Jan,Nayandahalli,2 BHK,Society_157,971,1.0,2.0,42.63
Super built-up  Area,22-Jan,Peenya,5 BHK,Society_21,3586,5.0,1.0,192.0
Plot  Area,22-Jan,BTM Layout,3 BHK,,1333,3.0,1.0,110.06
Super built-up  Area,22-Jan,MG Road,3 BHK,,1531,3.0,2.0,244.27
Built-up  Area,Ready To Move,JP Nagar,4 BHK,Society_131,2173 - 2273,4.0,3.0,203.55
Super built-up  Area,22-Jan,Arekere,2 BHK,Society_106,1083,2.0,2.0,82.69
Plot  Area,Ready To Move,Kogilu,3 BHK,Society_180,1328,3.0,3.0,86.67
Carpet  Area,22-Jan,Old Madras Road,3 BHK,,1799,3.0,2.0,107.71
Built-up  Area,Ready To Move,Cunningham Road,1 BHK,Society_100,446,1.0,1.0,81.49
Carpet  Area,Ready To Move,Indira Nagar,3 BHK,,1523,4.0,1.0,160.51
Super built-up  Area,Ready To Move,Hebbal,3 BHK,,1723,4.0,2.0,134.98
Plot  Area,Ready To Move,CV Raman Nagar,4 BHK,,2143 - 2243,4.0,2.0,152.49
Plot  Area,Ready To Move,Ramamurthy Nagar,1 BHK,Society_76,811,1.0,1.0,55.13
Super built-up  Area,19-Dec,Kumaraswamy Layout,3 BHK,,1443,3.0,2.0,96.28
Built-up  Area,Ready To Move,Yeshwanthpur,2 BHK,Society_42,1195,2.0,2.0,53.67
Super built-up  Area,Ready To Move,Varthur,3 BHK,Society_107,1750,3.0,0.0,103.43
Plot  Area,22-Jan,Vijayanagar,2 BHK,,1055,2.0,1.0,84.24
Super built-up  Area,19-Dec,Budigere Cross,2 BHK,,1084,2.0,0.0,60.6
Built-up  Area,19-Dec,Basaveshwara Nagar,2 BHK,,802,2.0,1.0,44.68
Super built-up  Area,Ready To Move,Malleshwaram,3 BHK,,1358,3.0,2.0,179.69
Super built-up  Area,22-Jan,Mysore Road,3 BHK,Society_182,1309,4.0,2.0,93.43
Super built-up  Area,19-Dec,Bellandur,2 BHK,Society_104,1121,2.0,2.0,63.76
Built-up  Area,19-Dec,Vidyaranyapura,5 BHK,Society_175,3649,5.0,2.0,227.62
Carpet  Area,19-Dec,Attibele,2 BHK,Society_108,1348,2.0,2.0,81.82
Super built-up  Area,19-Dec,Sadashiva Nagar,4 BHK,,2598,4.0,3.0,469.48
Built-up  Area,Ready To Move,Domlur,3 BHK,,1282,2.0,1.0,183.37
Plot  Area,19-Dec,Jigani,2 BHK,Society_5,870 - 970,2.0,0.0,74.24
Super built-up  Area,Ready To Move,Domlur,3 BHK,Society_111,1759,3.0,0.0,234.2
Plot  Area,Ready To Move,Electronic City,3 BHK,,1681,3.0,0.0,79.48
Plot  Area,Ready To Move,Bommanahalli,4 BHK,Society_84,2094,4.0,0.0,173.79
Super built-up  Area,Ready To Move,Bagalur,3 BHK,,1279,3.0,2.0,75.25
Built-up  Area,19-Dec,Anekal,2 BHK,Society_173,1055,2.0,0.0,43.66
Carpet  Area,22-Jan,Hennur Road,2 BHK,,1119,2.0,2.0,85.69
Super built-up  Area,Ready To Move,Kadugodi,3 BHK,Society_5,1331,3.0,1.0,76.91
Built-up  Area,Ready To Move,Kumaraswamy Layout,4 BHK,,2448,5.0,0.0,112.86
Super built-up  Area,Ready To Move,Uttarahalli,3 BHK,Society_85,1271,3.0,3.0,75.97
Built-up  Area,19-Dec,Ramamurthy Nagar,4 BHK,Society_3,2025 - 2125,4.0,2.0,117.55
Carpet  Area,Ready To Move,Nagarbhavi,3 BHK,,1371,3.0,1.0,93.24
Super built-up  Area,22-Jan,Kudlu Gate,2 BHK,Society_101,1132,2.0,0.0,70.96
Super built-up  Area,22-Jan,Kudlu Gate,3 BHK,,1549 - 1649,3.0,2.0,59.11
Built-up  Area,22-Jan,Chikkaballapur Road,3 BHK,,1671,3.0,1.0,113.19
Carpet  Area,Ready To Move,Hennur Road,3 BHK,Society_125,1321 - 1421,4.0,1.0,74.2
Super built-up  Area,22-Jan,Devanahalli,2 BHK,,1106,2.0,1.0,55.96
Super built-up  Area,Ready To Move,Malleshwaram,3 BHK,Society_15,1271,2.0,1.0,154.63
Plot  Area,Ready To Move,BTM Layout,5 BHK,Society_80,3520,5.0,1.0,269.34
Plot  Area,22-Jan,Basaveshwara Nagar,4 BHK,Society_141,2259,4.0,1.0,170.85
Built-up  Area,Ready To Move,Lavelle Road,2 BHK,,1146,2.0,2.0,237.84
Super built-up  Area,19-Dec,Electronic City,3 BHK,,1542,3.0,1.0,88.98
Super built-up  Area,Ready To Move,Arekere,3 BHK,Society_59,1454,3.0,2.0,86.22
Carpet  Area,22-Jan,Domlur,1 BHK,,483 - 583,1.0,1.0,58.8
Plot  Area,Ready To Move,HRBR Layout,5 BHK,,3882,5.0,2.0,219.55
Super built-up  Area,Ready To Move,Bommasandra,2 BHK,,1167,2.0,0.0,81.43
Super built-up  Area,Ready To Move,Peenya,2 BHK,,1166,2.0,0.0,69.71
Built-up  Area,Ready To Move,Old Airport Road,2 BHK,Society_158,1164,2.0,2.0,141.22
Built-up  Area,Ready To Move,Wilson Garden,1 BHK,,688,1.0,0.0,68.5
Built-up  Area,Ready To Move,Hosa Road,3 BHK,Society_199,1432,3.0,1.0,108.49
Super built-up  Area,Ready To Move,Basavanagudi,3 BHK,,1505,3.0,2.0,177.76
Built-up  Area,Ready To Move,Bagalur,3 BHK,,1563,3.0,2.0,70.14
Built-up  Area,Ready To Move,Hebbal,2 BHK,,1222,1.0,1.0,99.27
Super built-up  Area,22-Jan,Rachenahalli,3 BHK,,1460,3.0,3.0,81.41
Super built-up  Area,Ready To Move,Rajaji Nagar,3 BHK,,1271 - 1371,3.0,2.0,162.59
Super built-up  Area,Ready To Move,Sadashiva Nagar,3 BHK,Society_199,1556,4.0,3.0,282.51
Built-up  Area,Ready To Move,Chamrajpet,2 BHK,,983,2.0,2.0,58.67
Super built-up  Area,Ready To Move,Chikkaballapur Road,2 BHK,,864,2.0,2.0,60.0
Super built-up  Area,Ready To Move,Ulsoor,3 BHK,,1226 - 1326,2.0,0.0,182.91
Super built-up  Area,22-Jan,Hoodi,3 BHK,,1769,2.0,0.0,113.48
Super built-up  Area,22-Jan,Jakkur,4 BHK,,2087,3.0,1.0,128.17
Carpet  Area,Ready To Move,Wilson Garden,3 BHK,,1764,3.0,1.0,138.04
Built-up  Area,Ready To Move,Domlur,2 BHK,Society_11,864,1.0,1.0,96.18
Built-up  Area,22-Jan,Ulsoor,4 BHK,,2504,4.0,0.0,316.4
Super built-up  Area,19-Dec,Haralur Road,3 BHK,,1688,3.0,3.0,104.57
Built-up  Area,Ready To Move,Thanisandra,2 BHK,,1281 - 1381,2.0,2.0,60.62
Super built-up  Area,22-Jan,Ejipura,3 BHK,,1263,2.0,2.0,117.08
Super built-up  Area,22-Jan,Jigani,4 BHK,Society_183,2596,4.0,1.0,135.29
Super built-up  Area,Ready To Move,Benson Town,2 BHK,,1243,2.0,1.0,63.24
Built-up  Area,19-Dec,Vidyaranyapura,2 BHK,,1159 - 1259,2.0,1.0,58.58
Plot  Area,Ready To Move,Hennur Road,3 BHK,Society_81,1496,3.0,2.0,114.27
Carpet  Area,19-Dec,Devanahalli,1 BHK,,847 - 947,1.0,1.0,38.46
Super built-up  Area,Ready To Move,Anekal,3 BHK,Society_195,1434,3.0,3.0,41.48
Plot  Area,Ready To Move,Richmond Town,4 BHK,,2143,3.0,1.0,402.47
Super built-up  Area,19-Dec,Benson Town,3 BHK,,1313,3.0,0.0,76.95
Carpet  Area,Ready To Move,Horamavu Agara,4 BHK,,2086 - 2186,4.0,1.0,151.64
Plot  Area,Ready To Move,Kasturi Nagar,3 BHK,Society_42,1273,3.0,3.0,81.83
Carpet  Area,Ready To Move,Rachenahalli,2 BHK,Society_96,887,3.0,0.0,41.92
Super built-up  Area,22-Jan,Laggere,2 BHK,Society_107,941,1.0,2.0,56.38
Super built-up  Area,19-Dec,MG Road,5 BHK,,3416,6.0,2.0,416.9
Super built-up  Area,Ready To Move,Mysore Road,4 BHK,,2188,5.0,2.0,138.64
Super built-up  Area,Ready To Move,Bagalur,3 BHK,Society_197,1525,3.0,2.0,70.53
Super built-up  Area,Ready To Move,Richmond Town,3 BHK,Society_197,1421,3.0,3.0,228.18
Built-up  Area,19-Dec,Vasanth Nagar,2 BHK,Society_33,1177,3.0,1.0,148.56
Super built-up  Area,Ready To Move,Arekere,3 BHK,,1478,3.0,2.0,93.4
Built-up  Area,Ready To Move,Adugodi,3 BHK,Society_176,1641,3.0,0.0,97.12
Plot  Area,19-Dec,Rajarajeshwari Nagara,2 BHK,Society_38,1024,2.0,0.0,67.48
Super built-up  Area,19-Dec,Brigade Road,3 BHK,Society_109,1617,4.0,3.0,308.52
Plot  Area,Ready To Move,Kogilu,3 BHK,,1442,4.0,0.0,79.08
Super built-up  Area,Ready To Move,Basaveshwara Nagar,1 BHK,Society_160,486,1.0,1.0,22.15
Built-up  Area,Ready To Move,Begur Road,2 BHK,Society_143,750 - 850,2.0,2.0,47.14
Plot  Area,Ready To Move,Banaswadi,3 BHK,,1309,2.0,1.0,88.56
Built-up  Area,Ready To Move,Chikkaballapur Road,3 BHK,Society_129,1413,3.0,0.0,74.68
Super built-up  Area,Ready To Move,Hosa Road,3 BHK,,1330,3.0,2.0,81.8
Super built-up  Area,Ready To Move,Electronic City,3 BHK,Society_173,1227 - 1327,3.0,2.0,52.28
Super built-up  Area,19-Dec,Kogilu,3 BHK,,1347,2.0,3.0,89.82
Built-up  Area,19-Dec,Richmond Town,4 BHK,,2545,4.0,2.0,341.92
Super built-up  Area,19-Dec,Peenya,2 BHK,,1221,1.0,0.0,75.09
Plot  Area,Ready To Move,Akshaya Nagar,4 BHK,,2108,5.0,3.0,131.85
Super built-up  Area,Ready To Move,Ulsoor,3 BHK,,1618,4.0,1.0,186.85
Super built-up  Area,22-Jan,Basaveshwara Nagar,4 BHK,,2291,5.0,2.0,130.7
Super built-up  Area,Ready To Move,Budigere Cross,3 BHK,,1631 - 1731,3.0,0.0,96.15
Built-up  Area,Ready To Move,Mysore Road,3 BHK,,1660,3.0,1.0,105.25
Super built-up  Area,Ready To Move,Rajaji Nagar,3 BHK,,1668,4.0,2.0,166.04
Super built-up  Area,Ready To Move,Kumaraswamy Layout,3 BHK,,1601,4.0,1.0,112.47
Built-up  Area,Ready To Move,Kalyan Nagar,4 BHK,,2204,5.0,2.0,155.1
Built-up  Area,22-Jan,Lavelle Road,3 BHK,,1781,3.0,1.0,375.31
Built-up  Area,Ready To Move,HSR Layout,3 BHK,Society_21,1374,2.0,0.0,132.48
Super built-up  Area,Ready To Move,Peenya,1 BHK,,623,1.0,0.0,35.54
Super built-up  Area,Ready To Move,Horamavu Agara,2 BHK,Society_126,1313,2.0,2.0,80.26
Built-up  Area,19-Dec,BTM Layout,3 BHK,Society_149,1367,3.0,2.0,101.36
Carpet  Area,19-Dec,KR Puram,3 BHK,Society_196,1301 - 1401,3.0,0.0,77.3
Super built-up  Area,19-Dec,Horamavu Agara,3 BHK,Society_157,1690,3.0,2.0,121.57
Super built-up  Area,Ready To Move,Hormavu,4 BHK,Society_185,2281,4.0,1.0,148.48
Built-up  Area,Ready To Move,Hoodi,3 BHK,Society_35,1355,3.0,3.0,76.29
Super built-up  Area,Ready To Move,Bommasandra,2 BHK,Society_190,856,3.0,0.0,52.25
Super built-up  Area,19-Dec,HBR Layout,4 BHK,Society_72,2106,5.0,2.0,132.84
Super built-up  Area,19-Dec,Vasanth Nagar,4 BHK,,2235,3.0,2.0,276.12
Super built-up  Area,Ready To Move,Old Madras Road,2 BHK,,917 - 1017,1.0,2.0,60.79
Built-up  Area,Ready To Move,Arekere,2 BHK,Society_80,949,2.0,2.0,69.68
Super built-up  Area,19-Dec,Ramamurthy Nagar,3 BHK,,1441,4.0,3.0,68.99
Super built-up  Area,Ready To Move,Ulsoor,3 BHK,Society_40,1721,4.0,3.0,152.23
Carpet  Area,Ready To Move,KR Puram,2 BHK,Society_120,1130 - 1230,3.0,2.0,55.45
Super built-up  Area,19-Dec,Indira Nagar,2 BHK,Society_127,826,1.0,2.0,113.64
Super built-up  Area,Ready To Move,Sahakara Nagar,3 BHK,,1737,3.0,1.0,94.7
Plot  Area,Ready To Move,Kengeri,2 BHK,Society_69,1126,2.0,0.0,56.02
Super built-up  Area,Ready To Move,Whitefield,2 BHK,Society_142,951,1.0,0.0,54.04
Built-up  Area,Ready To Move,CV Raman Nagar,3 BHK,,1417 - 1517,2.0,2.0,86.76
Built-up  Area,19-Dec,Whitefield,4 BHK,,2213 - 2313,3.0,2.0,130.34
Plot  Area,22-Jan,CV Raman Nagar,4 BHK,Society_86,2209,3.0,3.0,143.47
Built-up  Area,Ready To Move,Vidyaranyapura,3 BHK,,1539,2.0,3.0,83.61
Plot  Area,22-Jan,Sahakara Nagar,3 BHK,,1614 - 1714,3.0,1.0,113.15
Super built-up  Area,Ready To Move,Kalyan Nagar,4 BHK,,2514 - 2614,5.0,2.0,176.21
Super built-up  Area,Ready To Move,Kengeri,3 BHK,,1544,3.0,1.0,83.34
Super built-up  Area,Ready To Move,Hormavu,4 BHK,Society_17,2342,4.0,3.0,150.37
Super built-up  Area,Ready To Move,HBR Layout,3 BHK,,1478 - 1578,4.0,1.0,95.47
Super built-up  Area,Ready To Move,HBR Layout,2 BHK,,868,1.0,2.0,61.31
Super built-up  Area,Ready To Move,Bellandur,4 BHK,,2392,4.0,3.0,167.14
Super built-up  Area,Ready To Move,Kudlu Gate,3 BHK,Society_79,1757,3.0,2.0,108.22
Super built-up  Area,Ready To Move,Varthur,2 BHK,,1197,1.0,2.0,84.62
Plot  Area,Ready To Move,Kadugodi,4 BHK,,2584,5.0,2.0,166.61
Built-up  Area,Ready To Move,Varthur,3 BHK,Society_108,1657,3.0,1.0,98.19
Carpet  Area,Ready To Move,JP Nagar,2 BHK,,941,3.0,1.0,63.15
Super built-up  Area,Ready To Move,Bommanahalli,2 BHK,,955,2.0,2.0,71.46
Built-up  Area,22-Jan,Kammanahalli,3 BHK,Society_139,1275 - 1375,3.0,0.0,74.3
Built-up  Area,Ready To Move,Rajaji Nagar,3 BHK,Society_8,1747,4.0,1.0,187.15
Super built-up  Area,Ready To Move,Adugodi,1 BHK,,504,2.0,1.0,37.85
Plot  Area,19-Dec,Yeshwanthpur,3 BHK,,1376,3.0,0.0,75.19
Super built-up  Area,Ready To Move,HRBR Layout,4 BHK,,2065,4.0,1.0,125.62
Built-up  Area,Ready To Move,Raja Rajeshwari Nagar,3 BHK,Society_173,1302,3.0,1.0,87.03
Super built-up  Area,Ready To Move,Hormavu,2 BHK,,1094,2.0,2.0,45.9
Super built-up  Area,22-Jan,Anekal,4 BHK,,2573,5.0,3.0,75.77
Super built-up  Area,19-Dec,Akshaya Nagar,4 BHK,Society_133,2290,4.0,1.0,155.07
Super built-up  Area,Ready To Move,Nayandahalli,3 BHK,,1549,4.0,2.0,97.52
Super built-up  Area,22-Jan,Bagalur,4 BHK,Society_143,2435,4.0,1.0,161.99
Built-up  Area,19-Dec,New BEL Road,3 BHK,,1347,3.0,1.0,105.21
Plot  Area,Ready To Move,Koramangala,3 BHK,,1236 - 1336,3.0,0.0,202.92
Built-up  Area,Ready To Move,Sadashiva Nagar,2 BHK,,1166 - 1266,2.0,2.0,223.47
Super built-up  Area,19-Dec,Koramangala,3 BHK,,1409,3.0,3.0,153.23
Super built-up  Area,Ready To Move,Kumaraswamy Layout,2 BHK,Society_154,891,2.0,1.0,55.95
Super built-up  Area,22-Jan,BTM Layout,4 BHK,Society_139,2536,3.0,1.0,209.0
Super built-up  Area,Ready To Move,Vidyaranyapura,4 BHK,,2546 - 2646,3.0,1.0,162.13
Super built-up  Area,19-Dec,Brigade Road,2 BHK,Society_104,965,2.0,1.0,179.86
Super built-up  Area,Ready To Move,Dasarahalli,4 BHK,,2485,4.0,2.0,109.96
Plot  Area,22-Jan,Jalahalli,2 BHK,,1230,2.0,2.0,100.83
Built-up  Area,Ready To Move,Varthur,2 BHK,Society_168,1253,3.0,2.0,63.62
Plot  Area,19-Dec,Anekal,4 BHK,,2239,3.0,2.0,111.18
Carpet  Area,Ready To Move,Horamavu Agara,4 BHK,,2484 - 2584,4.0,0.0,202.84
Super built-up  Area,Ready To Move,Cunningham Road,3 BHK,Society_35,1547,3.0,0.0,269.74
Super built-up  Area,19-Dec,Domlur,3 BHK,,1325,3.0,0.0,112.64
Carpet  Area,22-Jan,KR Puram,4 BHK,,2271 - 2371,4.0,0.0,136.49
Built-up  Area,19-Dec,Kumaraswamy Layout,3 BHK,Society_120,1450,2.0,3.0,83.49
Super built-up  Area,Ready To Move,Jakkur,4 BHK,Society_116,2332,4.0,1.0,172.89
Built-up  Area,19-Dec,Akshaya Nagar,3 BHK,Society_190,1381,2.0,3.0,89.7
Super built-up  Area,19-Dec,Hulimavu,4 BHK,,2382 - 2482,4.0,1.0,169.92
Carpet  Area,Ready To Move,Jalahalli,2 BHK,Society_21,1281,2.0,2.0,63.29
Built-up  Area,Ready To Move,Adugodi,3 BHK,,1317,4.0,3.0,83.89
Super built-up  Area,22-Jan,CV Raman Nagar,3 BHK,,1310,3.0,2.0,59.51
Super built-up  Area,Ready To Move,Kengeri,3 BHK,,1369,3.0,2.0,71.36
Super built-up  Area,19-Dec,Bannerghatta Road,3 BHK,Society_162,1764,4.0,3.0,143.33
Super built-up  Area,22-Jan,Basaveshwara Nagar,5 BHK,,3747,5.0,2.0,190.8
Super built-up  Area,19-Dec,Devanahalli,3 BHK,Society_61,1281,2.0,0.0,64.56
Super built-up  Area,19-Dec,Whitefield,4 BHK,,2389,3.0,3.0,151.4
Built-up  Area,Ready To Move,Dasarahalli,5 BHK,,3405 - 3505,5.0,3.0,240.23
Super built-up  Area,Ready To Move,Mysore Road,2 BHK,Society_77,1032 - 1132,2.0,1.0,52.29
Super built-up  Area,Ready To Move,Bagalur,3 BHK,,1733,3.0,3.0,100.04
Super built-up  Area,22-Jan,Girinagar,3 BHK,,1347,3.0,2.0,90.56
Super built-up  Area,22-Jan,Begur Road,2 BHK,Society_89,874,2.0,0.0,53.4
Built-up  Area,Ready To Move,Benson Town,3 BHK,,1683,2.0,2.0,90.48
Super built-up  Area,Ready To Move,Rajarajeshwari Nagara,1 BHK,Society_157,593,1.0,1.0,22.46
Carpet  Area,Ready To Move,HBR Layout,2 BHK,Society_171,969,2.0,2.0,70.62
Plot  Area,Ready To Move,Sadashiva Nagar,3 BHK,,1401,3.0,1.0,249.87
Built-up  Area,Ready To Move,Dasarahalli,2 BHK,,1228,3.0,2.0,77.23
Super built-up  Area,Ready To Move,Begur Road,3 BHK,,1315,4.0,0.0,104.51
Super built-up  Area,22-Jan,Koramangala,4 BHK,,2234,4.0,0.0,329.61
Built-up  Area,Ready To Move,Marathahalli,3 BHK,,1274 - 1374,3.0,2.0,98.55
Super built-up  Area,Ready To Move,Girinagar,1 BHK,,672,1.0,1.0,43.75
Super built-up  Area,19-Dec,Thanisandra Main Road,2 BHK,Society_71,902,3.0,1.0,48.98
Plot  Area,19-Dec,Bagalur,4 BHK,Society_56,2482,5.0,2.0,218.05
Super built-up  Area,Ready To Move,Lingarajapuram,2 BHK,,1280,1.0,1.0,69.08
Carpet  Area,Ready To Move,Ejipura,2 BHK,,1012,1.0,2.0,89.71
Super built-up  Area,Ready To Move,Budigere Cross,3 BHK,,1615,3.0,3.0,77.25
Super built-up  Area,Ready To Move,Padmanabhanagar,3 BHK,,1670,3.0,2.0,83.9
Super built-up  Area,Ready To Move,Kumaraswamy Layout,3 BHK,Society_60,1400,2.0,2.0,83.81
Plot  Area,19-Dec,Banaswadi,4 BHK,,2562,3.0,1.0,162.37
Built-up  Area,Ready To Move,JP Nagar,5 BHK,,3368,5.0,0.0,368.55
Super built-up  Area,22-Jan,Kanakapura Road,3 BHK,,1600,3.0,2.0,103.27
Plot  Area,Ready To Move,Kudlu Gate,2 BHK,,1301,1.0,2.0,96.65
Built-up  Area,22-Jan,Ramamurthy Nagar,2 BHK,,1234,1.0,0.0,97.88
Plot  Area,22-Jan,Lavelle Road,3 BHK,Society_192,1613,3.0,3.0,378.04
Super built-up  Area,Ready To Move,Girinagar,3 BHK,Society_31,1542,3.0,1.0,88.09
Super built-up  Area,19-Dec,Old Airport Road,3 BHK,,1751,3.0,2.0,171.9
Super built-up  Area,Ready To Move,Mahadevapura,5 BHK,,3776,5.0,1.0,245.72
Super built-up  Area,Ready To Move,Nagarbhavi,2 BHK,,1036,2.0,1.0,78.69
Super built-up  Area,19-Dec,Rajaji Nagar,2 BHK,,824,2.0,2.0,88.59
Super built-up  Area,Ready To Move,KR Puram,3 BHK,,1342,4.0,3.0,80.48
Built-up  Area,Ready To Move,Cunningham Road,2 BHK,Society_79,902,1.0,2.0,137.59
Super built-up  Area,Ready To Move,Padmanabhanagar,3 BHK,,1256,3.0,1.0,61.46
Plot  Area,Ready To Move,Adugodi,1 BHK,,436,2.0,1.0,38.96
Super built-up  Area,22-Jan,Bagalur,2 BHK,Society_156,895,3.0,2.0,57.95
Super built-up  Area,19-Dec,Vijayanagar,3 BHK,Society_142,1741 - 1841,4.0,3.0,104.87
Built-up  Area,Ready To Move,Thanisandra,2 BHK,,1298 - 1398,3.0,0.0,64.6
Built-up  Area,Ready To Move,Thanisandra Main Road,4 BHK,Society_153,2382,3.0,1.0,99.11
Super built-up  Area,Ready To Move,Gottigere,3 BHK,Society_147,1621,4.0,2.0,92.67
Super built-up  Area,19-Dec,Yelahanka,3 BHK,,1442,4.0,2.0,69.68
Built-up  Area,Ready To Move,Dasarahalli,3 BHK,Society_69,1503,3.0,2.0,74.15
Built-up  Area,Ready To Move,KR Puram,3 BHK,Society_50,1405,2.0,2.0,100.87
Carpet  Area,Ready To Move,Nagarbhavi,3 BHK,Society_73,1480,4.0,2.0,84.91
Carpet  Area,Ready To Move,Bellandur,3 BHK,,1424,3.0,2.0,128.17
Plot  Area,22-Jan,Hormavu,1 BHK,,677,1.0,1.0,47.01
Super built-up  Area,Ready To Move,Electronic City,3 BHK,Society_62,1325 - 1425,2.0,3.0,73.75
Plot  Area,22-Jan,Ramamurthy Nagar,3 BHK,,1646,4.0,1.0,107.85
Carpet  Area,22-Jan,Cox Town,4 BHK,,2184,4.0,1.0,148.8
Built-up  Area,Ready To Move,JP Nagar,2 BHK,Society_21,805,1.0,1.0,78.26
Built-up  Area,22-Jan,Akshaya Nagar,4 BHK,,2040 - 2140,3.0,2.0,107.82
Super built-up  Area,Ready To Move,Basaveshwara Nagar,3 BHK,,1535,3.0,2.0,89.44
Super built-up  Area,Ready To Move,Jigani,4 BHK,,2599,4.0,0.0,91.49
Super built-up  Area,19-Dec,Peenya,2 BHK,Society_156,939,3.0,0.0,56.03
Built-up  Area,Ready To Move,Hebbal,3 BHK,Society_28,1622,4.0,2.0,160.12
Built-up  Area,Ready To Move,Horamavu Agara,2 BHK,,1286 - 1386,2.0,2.0,87.21
Super built-up  Area,19-Dec,Old Airport Road,4 BHK,Society_87,2426,5.0,1.0,291.11
Plot  Area,Ready To Move,Ulsoor,4 BHK,Society_32,2124,4.0,2.0,200.63
Plot  Area,Ready To Move,Kanakapura Road,3 BHK,,1562 - 1662,3.0,3.0,105.38
Plot  Area,Ready To Move,Rachenahalli,4 BHK,,2486 - 2586,4.0,2.0,200.04
Super built-up  Area,19-Dec,Anekal,3 BHK,,1389,2.0,1.0,51.66
Super built-up  Area,Ready To Move,Bagalur,5 BHK,,3470,6.0,2.0,232.0
Plot  Area,Ready To Move,Kanakapura Road,3 BHK,Society_142,1362,2.0,3.0,90.37
Plot  Area,19-Dec,Vidyaranyapura,3 BHK,Society_113,1718,3.0,1.0,128.16
Super built-up  Area,Ready To Move,Nagarbhavi,4 BHK,,2514,4.0,0.0,122.65
Super built-up  Area,22-Jan,Begur Road,2 BHK,Society_183,1309,1.0,2.0,68.34
Carpet  Area,Ready To Move,Lingarajapuram,4 BHK,Society_170,2233 - 2333,5.0,3.0,136.59
Carpet  Area,22-Jan,Girinagar,4 BHK,,2291,4.0,2.0,181.14
Super built-up  Area,22-Jan,Vidyaranyapura,2 BHK,,1266,1.0,0.0,81.68
Carpet  Area,22-Jan,Yeshwanthpur,2 BHK,,1162,2.0,2.0,87.45
Super built-up  Area,Ready To Move,Jigani,3 BHK,,1722,3.0,3.0,110.52
Built-up  Area,Ready To Move,KR Puram,5 BHK,Society_74,3424,5.0,1.0,156.83
Built-up  Area,Ready To Move,Banaswadi,3 BHK,,1495,3.0,1.0,110.78
Built-up  Area,22-Jan,Sadashiva Nagar,4 BHK,,2171,4.0,3.0,423.77
Super built-up  Area,Ready To Move,Rajarajeshwari Nagara,3 BHK,,1261 - 1361,3.0,1.0,82.04
Plot  Area,Ready To Move,Magadi Road,4 BHK,,2104 - 2204,5.0,2.0,119.17
Carpet  Area,Ready To Move,Begur Road,4 BHK,,2344,4.0,1.0,119.67
Super built-up  Area,Ready To Move,Jakkur,5 BHK,Society_81,3601,5.0,2.0,251.4
Super built-up  Area,Ready To Move,Indira Nagar,1 BHK,Society_171,541,1.0,1.0,76.46
Built-up  Area,Ready To Move,RT Nagar,3 BHK,,1602 - 1702,4.0,2.0,123.06
Super built-up  Area,Ready To Move,Ulsoor,4 BHK,Society_158,2282,4.0,2.0,256.05
Super built-up  Area,22-Jan,Nayandahalli,2 BHK,,1011 - 1111,2.0,2.0,76.62
Carpet  Area,Ready To Move,Sarjapur Road,3 BHK,Society_158,1745 - 1845,3.0,2.0,107.01
Built-up  Area,19-Dec,Gottigere,3 BHK,,1349,3.0,1.0,91.88
Super built-up  Area,22-Jan,Anekal,2 BHK,,937,2.0,2.0,30.36
Carpet  Area,Ready To Move,Bellandur,2 BHK,,935,3.0,1.0,61.14
Built-up  Area,Ready To Move,Ulsoor,3 BHK,,1298,3.0,1.0,148.44
Super built-up  Area,Ready To Move,Banashankari,3 BHK,,1370 - 1470,2.0,1.0,83.6
Plot  Area,Ready To Move,Laggere,2 BHK,Society_160,801,1.0,1.0,48.44
Super built-up  Area,Ready To Move,Anekal,2 BHK,,1184,1.0,2.0,38.97
Super built-up  Area,19-Dec,Yeshwanthpur,2 BHK,,1253,2.0,2.0,97.54
Super built-up  Area,22-Jan,Peenya,3 BHK,,1349,3.0,1.0,101.16
Super built-up  Area,Ready To Move,MG Road,4 BHK,Society_6,2195,4.0,0.0,335.37
Built-up  Area,22-Jan,Bommasandra,3 BHK,Society_135,1364,4.0,1.0,74.45
Super built-up  Area,22-Jan,Cox Town,4 BHK,,2084,3.0,1.0,117.26
Plot  Area,Ready To Move,BTM Layout,2 BHK,,933,2.0,1.0,93.02
Super built-up  Area,Ready To Move,CV Raman Nagar,2 BHK,,906,2.0,2.0,51.69
Built-up  Area,19-Dec,Peenya,2 BHK,,852 - 952,2.0,2.0,49.1
Built-up  Area,Ready To Move,Banashankari,2 BHK,,1041,2.0,1.0,40.48
Built-up  Area,19-Dec,Cunningham Road,2 BHK,Society_107,1055,2.0,2.0,184.88
Built-up  Area,Ready To Move,Lingarajapuram,2 BHK,Society_48,1133,2.0,1.0,72.42
Super built-up  Area,22-Jan,Kumaraswamy Layout,2 BHK,,908,2.0,2.0,50.21
Super built-up  Area,22-Jan,Basavanagudi,2 BHK,,825,2.0,2.0,92.77
Super built-up  Area,19-Dec,Bommasandra,2 BHK,Society_193,906,2.0,2.0,61.45
Built-up  Area,22-Jan,Attibele,3 BHK,Society_44,1679,4.0,1.0,83.88
Super built-up  Area,22-Jan,Gottigere,3 BHK,Society_95,1523,2.0,0.0,102.49
Super built-up  Area,Ready To Move,Hennur Road,2 BHK,,1087,1.0,2.0,65.36
Plot  Area,Ready To Move,Old Airport Road,3 BHK,Society_121,1788,2.0,0.0,209.86
Super built-up  Area,22-Jan,Hebbal,2 BHK,,896 - 996,3.0,1.0,74.25
Plot  Area,Ready To Move,Dasarahalli,2 BHK,,1161,2.0,0.0,101.76
Built-up  Area,Ready To Move,Jigani,3 BHK,Society_197,1551,2.0,3.0,91.7
Super built-up  Area,Ready To Move,Bannerghatta Road,4 BHK,Society_42,2349,4.0,1.0,126.89
Built-up  Area,Ready To Move,Hulimavu,3 BHK,Society_1,1573,3.0,2.0,68.59
Super built-up  Area,Ready To Move,Indira Nagar,3 BHK,Society_9,1371,2.0,2.0,226.81
Super built-up  Area,Ready To Move,HSR Layout,3 BHK,Society_15,1680,2.0,0.0,152.26
Super built-up  Area,19-Dec,Hebbal,4 BHK,,2575,4.0,1.0,237.01
Super built-up  Area,Ready To Move,Richmond Town,2 BHK,,940,3.0,1.0,119.71
Super built-up  Area,Ready To Move,Chandapura,2 BHK,,919,3.0,0.0,46.27
Plot  Area,22-Jan,Gottigere,2 BHK,Society_122,1239,2.0,1.0,61.88
Carpet  Area,Ready To Move,Laggere,4 BHK,Society_49,2569,4.0,0.0,200.35
Built-up  Area,Ready To Move,Hulimavu,4 BHK,,2281,5.0,2.0,133.69
Built-up  Area,Ready To Move,Horamavu Agara,2 BHK,Society_5,1266,2.0,2.0,71.96
Built-up  Area,22-Jan,Rajarajeshwari Nagara,2 BHK,,979,2.0,0.0,58.91
Built-up  Area,19-Dec,Uttarahalli,3 BHK,,1768,4.0,2.0,130.75
Super built-up  Area,Ready To Move,Cunningham Road,4 BHK,,2415,4.0,0.0,394.2
Built-up  Area,Ready To Move,Jalahalli,3 BHK,Society_52,1429 - 1529,2.0,1.0,71.74
Super built-up  Area,Ready To Move,Bagalur,2 BHK,,1127,1.0,2.0,75.22
Built-up  Area,Ready To Move,Vasanth Nagar,2 BHK,Society_53,899,2.0,2.0,119.13
Plot  Area,Ready To Move,Hormavu,3 BHK,,1439,3.0,2.0,77.27
Super built-up  Area,19-Dec,Bommasandra,2 BHK,,987 - 1087,2.0,1.0,64.03
Super built-up  Area,19-Dec,Ulsoor,2 BHK,,873,3.0,2.0,61.18
Plot  Area,22-Jan,Budigere Cross,2 BHK,Society_28,1315,2.0,2.0,97.19
Carpet  Area,Ready To Move,Begur Road,2 BHK,,812,1.0,1.0,42.82
Super built-up  Area,19-Dec,Indira Nagar,2 BHK,Society_32,1280,3.0,0.0,205.36
Super built-up  Area,Ready To Move,Yelahanka,3 BHK,Society_96,1368,4.0,1.0,72.86
Super built-up  Area,Ready To Move,Chandapura,1 BHK,,853,2.0,1.0,34.74
Super built-up  Area,22-Jan,Hoodi,2 BHK,Society_64,1046,3.0,2.0,72.79
Super built-up  Area,Ready To Move,New BEL Road,3 BHK,,1582,3.0,2.0,77.36
Built-up  Area,22-Jan,Fraser Town,3 BHK,Society_89,1467 - 1567,3.0,0.0,115.36
Carpet  Area,Ready To Move,Kalyan Nagar,5 BHK,,3758,6.0,3.0,231.53
Built-up  Area,Ready To Move,Kalyan Nagar,2 BHK,,1150,2.0,1.0,70.17
Built-up  Area,Ready To Move,Begur Road,3 BHK,,1615,2.0,1.0,92.34
Built-up  Area,19-Dec,Nayandahalli,4 BHK,Society_96,2126,4.0,3.0,106.86
Super built-up  Area,Ready To Move,Bommasandra,2 BHK,,1166,3.0,2.0,60.97
Built-up  Area,19-Dec,Haralur Road,3 BHK,,1769,2.0,3.0,108.32
Built-up  Area,Ready To Move,Bagalur,2 BHK,,896,2.0,2.0,53.85
Super built-up  Area,22-Jan,RT Nagar,3 BHK,Society_143,1667,3.0,0.0,101.94
Carpet  Area,22-Jan,Wilson Garden,1 BHK,,591 - 691,1.0,1.0,56.61
Built-up  Area,Ready To Move,Whitefield,3 BHK,Society_86,1307,3.0,2.0,73.96
Plot  Area,22-Jan,Rachenahalli,2 BHK,,892,1.0,0.0,74.68
Built-up  Area,22-Jan,Hennur Road,3 BHK,,1740,3.0,2.0,85.38
Built-up  Area,Ready To Move,Cox Town,3 BHK,,1281,3.0,1.0,72.15
Super built-up  Area,Ready To Move,Benson Town,2 BHK,,1201 - 1301,1.0,1.0,47.2
Carpet  Area,19-Dec,Arekere,3 BHK,,1421,3.0,2.0,73.32
Carpet  Area,Ready To Move,Kadugodi,3 BHK,,1603,3.0,1.0,128.65
Plot  Area,19-Dec,HSR Layout,3 BHK,,1350,3.0,2.0,114.96
Built-up  Area,22-Jan,Lingarajapuram,2 BHK,,1296,3.0,2.0,82.34
Carpet  Area,22-Jan,Magadi Road,2 BHK,Society_71,1195,2.0,1.0,77.64
Super built-up  Area,19-Dec,Indira Nagar,2 BHK,,1288,2.0,2.0,187.19
Carpet  Area,Ready To Move,Chamrajpet,2 BHK,Society_160,1164,1.0,1.0,72.15
Super built-up  Area,Ready To Move,Haralur Road,3 BHK,,1746,3.0,2.0,123.39
Plot  Area,22-Jan,Attibele,2 BHK,Society_176,1212,1.0,1.0,94.49
Super built-up  Area,Ready To Move,Padmanabhanagar,3 BHK,Society_179,1589,3.0,1.0,98.08
Super built-up  Area,19-Dec,Peenya,3 BHK,Society_153,1368,4.0,0.0,107.88
Built-up  Area,19-Dec,Banashankari,2 BHK,,971,2.0,2.0,61.77
Carpet  Area,Ready To Move,Hosa Road,4 BHK,Society_175,2061,4.0,1.0,94.41
Super built-up  Area,19-Dec,Ulsoor,3 BHK,,1462,2.0,2.0,112.98
Built-up  Area,19-Dec,Ejipura,5 BHK,,3542 - 3642,6.0,3.0,270.23
Plot  Area,19-Dec,Kogilu,4 BHK,,2217 - 2317,4.0,3.0,170.25
Built-up  Area,Ready To Move,Lavelle Road,5 BHK,Society_163,3584,5.0,3.0,840.16
Built-up  Area,Ready To Move,Kammanahalli,2 BHK,,1010,2.0,2.0,56.97
Built-up  Area,Ready To Move,Chikkaballapur Road,2 BHK,,1204,1.0,2.0,79.8
Super built-up  Area,Ready To Move,Varthur,3 BHK,,1381,3.0,2.0,97.45
Super built-up  Area,Ready To Move,Domlur,3 BHK,Society_134,1684,3.0,2.0,206.9
Carpet  Area,Ready To Move,Dasarahalli,2 BHK,Society_186,1149,2.0,2.0,69.06
Carpet  Area,22-Jan,Sadashiva Nagar,3 BHK,Society_103,1457,4.0,0.0,268.74
Plot  Area,Ready To Move,Ejipura,4 BHK,Society_78,2136,3.0,1.0,203.3
Super built-up  Area,Ready To Move,HRBR Layout,4 BHK,Society_8,2172,3.0,2.0,143.55
Super built-up  Area,22-Jan,Vasanth Nagar,2 BHK,,1109,1.0,2.0,147.09
Built-up  Area,Ready To Move,Kanakapura Road,2 BHK,,1257,2.0,2.0,86.96
Built-up  Area,Ready To Move,Rajaji Nagar,2 BHK,Society_84,948,2.0,2.0,74.68
Super built-up  Area,Ready To Move,New BEL Road,4 BHK,Society_25,2117,4.0,1.0,101.76
Plot  Area,Ready To Move,Vijayanagar,3 BHK,Society_17,1559,3.0,2.0,101.52
Built-up  Area,Ready To Move,Yeshwanthpur,1 BHK,Society_11,826 - 926,1.0,1.0,57.58
Built-up  Area,19-Dec,Brigade Road,2 BHK,Society_29,1143,1.0,2.0,185.12
Super built-up  Area,22-Jan,Kengeri,2 BHK,Society_87,936,2.0,2.0,53.27
Plot  Area,Ready To Move,Adugodi,3 BHK,,1480,4.0,3.0,118.12
Carpet  Area,Ready To Move,Old Airport Road,3 BHK,,1543,3.0,1.0,150.16
Super built-up  Area,Ready To Move,Kudlu Gate,3 BHK,,1457,4.0,1.0,95.46
Plot  Area,Ready To Move,Kammanahalli,3 BHK,,1459,3.0,2.0,105.53
Carpet  Area,22-Jan,Mahadevapura,2 BHK,,879,2.0,2.0,58.19
Built-up  Area,19-Dec,Rajaji Nagar,3 BHK,,1268,4.0,3.0,118.68
Plot  Area,Ready To Move,Attibele,3 BHK,,1533,3.0,1.0,126.66
Super built-up  Area,19-Dec,Bellandur,3 BHK,Society_103,1657,3.0,2.0,106.48
Built-up  Area,Ready To Move,Hormavu,3 BHK,,1270,3.0,0.0,76.16
Super built-up  Area,Ready To Move,Girinagar,3 BHK,,1451,4.0,1.0,107.13
Built-up  Area,Ready To Move,Thanisandra,4 BHK,Society_55,2443,4.0,0.0,152.28
Super built-up  Area,19-Dec,MG Road,4 BHK,,2331,5.0,2.0,465.31
Built-up  Area,Ready To Move,Indira Nagar,3 BHK,Society_7,1686,3.0,2.0,313.13
Super built-up  Area,Ready To Move,Horamavu Agara,3 BHK,,1484,3.0,2.0,74.53
Plot  Area,22-Jan,Kanakapura Road,2 BHK,,1002,2.0,2.0,75.36
Super built-up  Area,Ready To Move,Vijayanagar,4 BHK,,2113,4.0,2.0,122.16
Super built-up  Area,Ready To Move,Wilson Garden,4 BHK,,2163 - 2263,3.0,0.0,246.35
Carpet  Area,Ready To Move,Whitefield,3 BHK,Society_52,1541 - 1641,4.0,1.0,114.88
Super built-up  Area,Ready To Move,Vijayanagar,4 BHK,,2228,4.0,3.0,135.28
Built-up  Area,Ready To Move,Kasturi Nagar,1 BHK,,766,1.0,0.0,49.66
Super built-up  Area,Ready To Move,Malleshwaram,3 BHK,,1521,4.0,0.0,205.28
Built-up  Area,Ready To Move,Sahakara Nagar,3 BHK,Society_4,1283,3.0,2.0,87.62
Plot  Area,19-Dec,Nayandahalli,2 BHK,Society_134,899,2.0,0.0,77.55
Plot  Area,Ready To Move,HBR Layout,2 BHK,Society_167,1249,2.0,2.0,81.23
Plot  Area,Ready To Move,Sarjapur Road,2 BHK,,914 - 1014,2.0,1.0,82.24
Plot  Area,Ready To Move,Indira Nagar,1 BHK,Society_42,504,2.0,1.0,77.96
Super built-up  Area,Ready To Move,Chandapura,3 BHK,Society_107,1591,3.0,2.0,56.95
Super built-up  Area,22-Jan,Banashankari,4 BHK,Society_167,2372,4.0,2.0,148.47
Super built-up  Area,22-Jan,Jayanagar,3 BHK,,1277,3.0,0.0,166.96
Super built-up  Area,Ready To Move,Benson Town,3 BHK,,1636,3.0,3.0,75.52
Built-up  Area,19-Dec,Devanahalli,2 BHK,Society_56,1097,2.0,1.0,58.52
Built-up  Area,Ready To Move,Kadugodi,3 BHK,,1553,2.0,2.0,129.14
Plot  Area,22-Jan,Malleshwaram,3 BHK,Society_139,1338,3.0,3.0,192.0
Super built-up  Area,19-Dec,Fraser Town,3 BHK,,1304,3.0,0.0,91.74
Carpet  Area,22-Jan,Arekere,1 BHK,,662,1.0,0.0,39.0
Carpet  Area,Ready To Move,Electronic City,2 BHK,,979,3.0,2.0,46.46
Carpet  Area,Ready To Move,Thanisandra,4 BHK,Society_107,2180 - 2280,4.0,2.0,136.92
Carpet  Area,Ready To Move,New BEL Road,2 BHK,,1215,2.0,2.0,79.69
Plot  Area,Ready To Move,Mahadevapura,1 BHK,,443,2.0,1.0,30.16
Super built-up  Area,19-Dec,Raja Rajeshwari Nagar,3 BHK,,1359,3.0,1.0,87.33
Built-up  Area,Ready To Move,Kanakapura Road,3 BHK,Society_109,1461,3.0,2.0,88.4
Built-up  Area,19-Dec,Banaswadi,3 BHK,,1502 - 1602,3.0,2.0,86.16
Built-up  Area,19-Dec,Richmond Town,4 BHK,,2251,4.0,1.0,279.34
Carpet  Area,19-Dec,Benson Town,2 BHK,,1127 - 1227,3.0,1.0,67.63
Plot  Area,Ready To Move,Benson Town,3 BHK,,1795,4.0,1.0,111.67
Plot  Area,Ready To Move,Kasturi Nagar,2 BHK,Society_151,1014,2.0,2.0,53.51
Super built-up  Area,Ready To Move,Cunningham Road,5 BHK,Society_189,3804,5.0,2.0,698.31
Super built-up  Area,Ready To Move,Nayandahalli,3 BHK,Society_194,1437 - 1537,4.0,3.0,82.36
Built-up  Area,19-Dec,Banaswadi,2 BHK,,859,2.0,1.0,59.56
Built-up  Area,Ready To Move,Bommanahalli,3 BHK,Society_109,1520,3.0,3.0,111.14
Super built-up  Area,19-Dec,KR Puram,3 BHK,Society_29,1498,4.0,1.0,93.89
Built-up  Area,Ready To Move,Chikkaballapur Road,3 BHK,,1359,3.0,2.0,100.05
Super built-up  Area,Ready To Move,Nayandahalli,2 BHK,Society_197,1123,1.0,1.0,78.53
Super built-up  Area,Ready To Move,Nayandahalli,3 BHK,,1732,3.0,2.0,89.22
Super built-up  Area,22-Jan,HRBR Layout,2 BHK,,1223,3.0,2.0,60.04
Built-up  Area,Ready To Move,Chikkaballapur Road,3 BHK,,1762,3.0,1.0,92.84
Carpet  Area,Ready To Move,Kudlu Gate,3 BHK,Society_145,1622,3.0,0.0,103.28
Built-up  Area,Ready To Move,Banaswadi,2 BHK,Society_4,972,2.0,1.0,54.39
Plot  Area,22-Jan,Koramangala,3 BHK,,1483,3.0,1.0,239.95
Super built-up  Area,Ready To Move,Hormavu,2 BHK,Society_64,858,2.0,1.0,47.81
Super built-up  Area,Ready To Move,MG Road,4 BHK,Society_111,2220,4.0,1.0,402.28
Super built-up  Area,Ready To Move,Richmond Town,2 BHK,,1202,3.0,2.0,136.18
Plot  Area,19-Dec,Kalyan Nagar,3 BHK,,1208 - 1308,3.0,2.0,104.27
Super built-up  Area,19-Dec,JP Nagar,2 BHK,,1080,3.0,2.0,70.4
Built-up  Area,19-Dec,Cox Town,4 BHK,,2088,3.0,2.0,135.0
Built-up  Area,Ready To Move,Indira Nagar,2 BHK,,1255,2.0,2.0,135.55
Super built-up  Area,Ready To Move,Ulsoor,4 BHK,,2454,4.0,1.0,330.87
Built-up  Area,22-Jan,Mahadevapura,2 BHK,Society_57,1119,2.0,2.0,65.29
Super built-up  Area,Ready To Move,Indira Nagar,3 BHK,,1521,4.0,2.0,221.02
Built-up  Area,Ready To Move,Banaswadi,3 BHK,,1741 - 1841,2.0,3.0,125.14
Super built-up  Area,22-Jan,Nayandahalli,3 BHK,,1305,4.0,1.0,68.76
Plot  Area,Ready To Move,Bommanahalli,4 BHK,Society_153,2200,4.0,2.0,180.31
Built-up  Area,22-Jan,Benson Town,3 BHK,Society_137,1595,3.0,1.0,101.79
Carpet  Area,19-Dec,Domlur,2 BHK,,1059,1.0,0.0,150.98
Super built-up  Area,Ready To Move,Budigere Cross,2 BHK,,1263,2.0,2.0,60.52
Carpet  Area,Ready To Move,Benson Town,1 BHK,,817,2.0,1.0,57.94
Built-up  Area,Ready To Move,Ulsoor,3 BHK,,1376,3.0,1.0,116.93
Carpet  Area,Ready To Move,Akshaya Nagar,5 BHK,Society_190,3380,6.0,2.0,225.72
Super built-up  Area,Ready To Move,New BEL Road,2 BHK,,914,2.0,0.0,58.34
Built-up  Area,19-Dec,Bellandur,1 BHK,,673,1.0,1.0,40.88
Super built-up  Area,Ready To Move,Kengeri,3 BHK,,1472,3.0,2.0,91.75
Built-up  Area,Ready To Move,Bommanahalli,2 BHK,,1320,1.0,1.0,65.31
Super built-up  Area,22-Jan,Hormavu,4 BHK,,2022 - 2122,3.0,3.0,132.18
Built-up  Area,19-Dec,Vijayanagar,3 BHK,Society_183,1628,3.0,1.0,114.03
Super built-up  Area,19-Dec,Mysore Road,5 BHK,,3706,4.0,1.0,191.08
Built-up  Area,Ready To Move,Domlur,3 BHK,,1714,3.0,2.0,279.21
Carpet  Area,Ready To Move,Richmond Town,4 BHK,,2120 - 2220,3.0,2.0,313.9
Super built-up  Area,19-Dec,Devanahalli,4 BHK,Society_109,2471,4.0,2.0,134.63
Super built-up  Area,Ready To Move,Koramangala,3 BHK,Society_100,1335,3.0,1.0,208.98
Carpet  Area,Ready To Move,Lingarajapuram,4 BHK,Society_52,2050,4.0,1.0,136.94
Built-up  Area,Ready To Move,Kammanahalli,3 BHK,Society_171,1573,2.0,1.0,59.74
Carpet  Area,19-Dec,Padmanabhanagar,2 BHK,,1158,2.0,2.0,62.31
Super built-up  Area,Ready To Move,HSR Layout,3 BHK,Society_168,1733,3.0,3.0,148.68
Built-up  Area,22-Jan,Cox Town,2 BHK,,988,2.0,1.0,58.66
Carpet  Area,Ready To Move,Yeshwanthpur,2 BHK,,1311,2.0,1.0,69.36
Super built-up  Area,Ready To Move,Ejipura,2 BHK,,1041,2.0,0.0,89.71
Plot  Area,22-Jan,Banashankari,1 BHK,,933,1.0,1.0,78.44
Built-up  Area,22-Jan,Richmond Town,2 BHK,,1085,2.0,0.0,149.24
Built-up  Area,Ready To Move,Devanahalli,2 BHK,,1199,1.0,2.0,44.15
Super built-up  Area,Ready To Move,Hennur Road,3 BHK,,1468,3.0,2.0,81.89
Super built-up  Area,Ready To Move,Horamavu Agara,2 BHK,,813,2.0,1.0,38.78
Built-up  Area,19-Dec,Peenya,4 BHK,Society_192,2532,3.0,2.0,167.6
Built-up  Area,22-Jan,Thanisandra,2 BHK,,979,3.0,0.0,51.59
Plot  Area,Ready To Move,Brigade Road,4 BHK,,2390,3.0,3.0,469.76
Carpet  Area,Ready To Move,Indira Nagar,3 BHK,,1655,2.0,2.0,188.57
Plot  Area,19-Dec,KR Puram,2 BHK,,1165 - 1265,2.0,2.0,70.56
Super built-up  Area,Ready To Move,Rajarajeshwari Nagara,3 BHK,,1305,3.0,0.0,84.98
Built-up  Area,19-Dec,Fraser Town,2 BHK,,1193,2.0,2.0,58.89
Built-up  Area,22-Jan,Gottigere,2 BHK,,853,2.0,2.0,48.29
Plot  Area,19-Dec,Devanahalli,2 BHK,Society_101,936,2.0,2.0,44.03
Plot  Area,22-Jan,Koramangala,3 BHK,,1520,4.0,3.0,259.83
Super built-up  Area,22-Jan,Ramamurthy Nagar,2 BHK,,1020 - 1120,2.0,2.0,69.72
Super built-up  Area,Ready To Move,Yeshwanthpur,1 BHK,,785,1.0,1.0,33.41
Built-up  Area,Ready To Move,Domlur,3 BHK,,1457,4.0,2.0,195.8
Built-up  Area,Ready To Move,Bommanahalli,2 BHK,Society_197,1102,2.0,1.0,80.49
Carpet  Area,Ready To Move,Basaveshwara Nagar,3 BHK,Society_59,1394,3.0,1.0,79.39
Plot  Area,Ready To Move,Bommanahalli,3 BHK,,1333,3.0,0.0,108.61
Built-up  Area,22-Jan,Budigere Cross,2 BHK,,1264,3.0,1.0,78.85
Super built-up  Area,Ready To Move,Jayanagar,2 BHK,,1070,2.0,1.0,131.51
Plot  Area,Ready To Move,Basavanagudi,2 BHK,,962,3.0,2.0,113.47
Plot  Area,22-Jan,Devanahalli,3 BHK,Society_185,1360,3.0,1.0,56.85
Carpet  Area,Ready To Move,Hennur Road,3 BHK,Society_128,1660,3.0,3.0,83.18
Built-up  Area,Ready To Move,Hormavu,4 BHK,,2374,4.0,2.0,137.79
Super built-up  Area,22-Jan,Ulsoor,2 BHK,,828,2.0,1.0,77.14
Super built-up  Area,Ready To Move,Malleshwaram,3 BHK,Society_137,1789,3.0,1.0,255.12
Carpet  Area,19-Dec,Kengeri,3 BHK,,1716,4.0,2.0,88.48
Built-up  Area,Ready To Move,Haralur Road,4 BHK,Society_129,2221,4.0,1.0,152.04
Super built-up  Area,Ready To Move,Kudlu Gate,3 BHK,Society_149,1295,3.0,1.0,69.06
Carpet  Area,22-Jan,Akshaya Nagar,2 BHK,,953,3.0,2.0,63.19
Plot  Area,22-Jan,Yelahanka,3 BHK,,1715,2.0,2.0,130.71
Built-up  Area,Ready To Move,Kengeri,3 BHK,,1692,3.0,2.0,117.82
Built-up  Area,Ready To Move,Narayanapura,1 BHK,Society_114,878 - 978,1.0,1.0,54.11
Built-up  Area,22-Jan,RT Nagar,4 BHK,,2266,4.0,0.0,146.09
Built-up  Area,22-Jan,Bommasandra,5 BHK,,3374 - 3474,5.0,2.0,179.26
Super built-up  Area,19-Dec,Begur Road,4 BHK,Society_81,2545,3.0,3.0,202.4
Super built-up  Area,22-Jan,Mahadevapura,3 BHK,Society_79,1286,2.0,2.0,71.07
Super built-up  Area,Ready To Move,Jakkur,3 BHK,,1487,3.0,1.0,74.95
Plot  Area,Ready To Move,Uttarahalli,2 BHK,,1182,2.0,1.0,76.08
Super built-up  Area,Ready To Move,Cox Town,4 BHK,,2179,4.0,0.0,141.79
Super built-up  Area,Ready To Move,Bagalur,3 BHK,,1281,4.0,2.0,59.34
Super built-up  Area,22-Jan,Richmond Town,5 BHK,,3470,5.0,0.0,484.96
Super built-up  Area,19-Dec,Hulimavu,5 BHK,,3755,5.0,1.0,215.9
Built-up  Area,Ready To Move,Laggere,2 BHK,,1152,3.0,2.0,56.49
Super built-up  Area,Ready To Move,New BEL Road,3 BHK,,1635 - 1735,3.0,2.0,77.39
Built-up  Area,22-Jan,Vasanth Nagar,4 BHK,,2275,4.0,2.0,324.13
Plot  Area,Ready To Move,Sadashiva Nagar,3 BHK,,1595,3.0,3.0,303.23
Super built-up  Area,Ready To Move,Hormavu,3 BHK,,1715,3.0,1.0,121.06
Built-up  Area,22-Jan,Bommanahalli,4 BHK,,2253 - 2353,5.0,2.0,105.52
Super built-up  Area,Ready To Move,Girinagar,4 BHK,Society_194,2471,5.0,2.0,130.65
Super built-up  Area,Ready To Move,Budigere Cross,2 BHK,Society_107,879,1.0,1.0,59.1
Super built-up  Area,Ready To Move,Narayanapura,3 BHK,,1665,2.0,1.0,89.64
Super built-up  Area,Ready To Move,Old Airport Road,3 BHK,Society_196,1705,2.0,1.0,151.65
Built-up  Area,22-Jan,Kadugodi,3 BHK,,1474,2.0,0.0,76.38
Built-up  Area,Ready To Move,Kadugodi,3 BHK,Society_190,1433,3.0,2.0,82.07
Built-up  Area,Ready To Move,Gottigere,3 BHK,,1778,3.0,1.0,111.34
Plot  Area,Ready To Move,Kadugodi,3 BHK,Society_13,1407,2.0,1.0,102.46
Built-up  Area,Ready To Move,Hulimavu,4 BHK,,2580,4.0,2.0,169.08
Super built-up  Area,19-Dec,Hebbal,4 BHK,Society_177,2163,4.0,2.0,189.42
Built-up  Area,19-Dec,Rajarajeshwari Nagara,3 BHK,,1694,3.0,2.0,101.97
Super built-up  Area,22-Jan,Kadugodi,4 BHK,,2206,4.0,1.0,127.88
Super built-up  Area,Ready To Move,Lavelle Road,3 BHK,Society_196,1287,3.0,1.0,280.08
Super built-up  Area,22-Jan,Richmond Town,3 BHK,,1570,4.0,1.0,334.52
Super built-up  Area,Ready To Move,Fraser Town,3 BHK,,1267,3.0,0.0,78.01
Built-up  Area,Ready To Move,KR Puram,4 BHK,Society_177,2572,5.0,0.0,152.78
Built-up  Area,22-Jan,Banaswadi,2 BHK,,831,2.0,1.0,35.9
Super built-up  Area,Ready To Move,Bellandur,2 BHK,,1177,2.0,2.0,84.77
Super built-up  Area,Ready To Move,Bagalur,5 BHK,,3843,4.0,3.0,232.96
Carpet  Area,Ready To Move,Yeshwanthpur,1 BHK,,819,2.0,1.0,47.34
Built-up  Area,19-Dec,Banashankari,2 BHK,,929,2.0,2.0,54.77
Built-up  Area,Ready To Move,Ejipura,3 BHK,,1610,3.0,3.0,127.12
Plot  Area,19-Dec,Banaswadi,3 BHK,Society_61,1334,4.0,1.0,96.61
Super built-up  Area,22-Jan,Narayanapura,3 BHK,,1315 - 1415,3.0,1.0,79.34
Built-up  Area,19-Dec,Chamrajpet,3 BHK,Society_74,1693 - 1793,3.0,3.0,92.6
Super built-up  Area,Ready To Move,Varthur,3 BHK,Society_134,1536,2.0,3.0,95.75
Plot  Area,22-Jan,Hulimavu,3 BHK,,1415,2.0,1.0,92.33
Super built-up  Area,19-Dec,Rachenahalli,5 BHK,Society_50,3568,6.0,1.0,232.19
Super built-up  Area,22-Jan,Arekere,4 BHK,,2508,3.0,2.0,174.03
Built-up  Area,22-Jan,Vasanth Nagar,3 BHK,,1535 - 1635,3.0,2.0,186.5
Plot  Area,Ready To Move,Padmanabhanagar,3 BHK,,1506,3.0,0.0,122.19
Plot  Area,Ready To Move,Jalahalli,2 BHK,,1208,2.0,2.0,79.38
Built-up  Area,22-Jan,Girinagar,3 BHK,Society_190,1486,3.0,2.0,109.97
Super built-up  Area,22-Jan,Thanisandra Main Road,5 BHK,,3643,6.0,1.0,228.73
Built-up  Area,22-Jan,Thanisandra Main Road,3 BHK,Society_103,1581,2.0,2.0,88.55
Built-up  Area,22-Jan,Narayanapura,3 BHK,Society_152,1514,3.0,3.0,110.26
Carpet  Area,Ready To Move,Kudlu Gate,3 BHK,,1575,2.0,2.0,85.62
Built-up  Area,19-Dec,Jayanagar,2 BHK,,806,1.0,2.0,125.88
Super built-up  Area,22-Jan,Hebbal,4 BHK,,2290,4.0,2.0,185.61
Super built-up  Area,Ready To Move,Kudlu Gate,4 BHK,,2179 - 2279,4.0,2.0,109.21
Built-up  Area,Ready To Move,Vijayanagar,5 BHK,Society_40,3772,6.0,2.0,162.4
Built-up  Area,19-Dec,Devanahalli,3 BHK,,1508,2.0,3.0,63.29
Super built-up  Area,19-Dec,Rajarajeshwari Nagara,3 BHK,,1589,3.0,2.0,76.9
Plot  Area,Ready To Move,Hosa Road,5 BHK,,3375,5.0,2.0,244.64
Super built-up  Area,19-Dec,Brigade Road,3 BHK,Society_92,1687,2.0,1.0,311.19
Plot  Area,Ready To Move,Begur Road,2 BHK,,1130,1.0,1.0,84.06
Carpet  Area,Ready To Move,Domlur,4 BHK,,2163,5.0,0.0,278.3
Super built-up  Area,22-Jan,Old Airport Road,3 BHK,Society_84,1747,3.0,1.0,191.1
Carpet  Area,Ready To Move,Haralur Road,2 BHK,,1115,3.0,0.0,75.32
Super built-up  Area,Ready To Move,Vidyaranyapura,2 BHK,Society_56,1059,2.0,0.0,79.28
Built-up  Area,Ready To Move,Fraser Town,3 BHK,Society_126,1418,4.0,2.0,78.93
Carpet  Area,19-Dec,Bagalur,2 BHK,Society_173,1076,3.0,2.0,78.2
Super built-up  Area,Ready To Move,Sahakara Nagar,3 BHK,,1504,2.0,1.0,105.16
Built-up  Area,19-Dec,Hosa Road,3 BHK,,1604,4.0,1.0,68.95
Built-up  Area,Ready To Move,Anekal,2 BHK,,1107,2.0,2.0,45.92
Built-up  Area,19-Dec,Wilson Garden,3 BHK,,1311 - 1411,3.0,0.0,154.39
Super built-up  Area,Ready To Move,Anekal,1 BHK,,640 - 740,1.0,1.0,25.26
Built-up  Area,Ready To Move,Rajaji Nagar,2 BHK,,966,1.0,1.0,116.87
Built-up  Area,Ready To Move,Marathahalli,4 BHK,Society_133,2463,3.0,2.0,170.1
Super built-up  Area,19-Dec,Rajaji Nagar,4 BHK,,2413,4.0,2.0,296.84
Plot  Area,Ready To Move,Ejipura,4 BHK,Society_95,2311 - 2411,5.0,1.0,212.03
Super built-up  Area,22-Jan,Jalahalli,3 BHK,,1355 - 1455,3.0,2.0,90.0
Super built-up  Area,Ready To Move,Gottigere,4 BHK,Society_156,2404,4.0,0.0,102.68
Plot  Area,22-Jan,Lingarajapuram,3 BHK,,1680 - 1780,3.0,2.0,121.21
Built-up  Area,Ready To Move,Nagarbhavi,2 BHK,Society_163,925,2.0,2.0,60.26
Super built-up  Area,22-Jan,Domlur,2 BHK,,1097,2.0,2.0,105.22
Plot  Area,Ready To Move,Hoodi,3 BHK,,1384,3.0,2.0,88.3
Built-up  Area,Ready To Move,Banaswadi,5 BHK,,3891,6.0,2.0,221.75
Plot  Area,Ready To Move,Marathahalli,2 BHK,,1250 - 1350,3.0,2.0,69.15
Super built-up  Area,Ready To Move,Vasanth Nagar,4 BHK,Society_71,2331,5.0,0.0,370.56
Super built-up  Area,Ready To Move,Thanisandra,2 BHK,,1008,2.0,0.0,63.81
Super built-up  Area,22-Jan,JP Nagar,5 BHK,,3615 - 3715,5.0,3.0,336.44
Built-up  Area,22-Jan,Bagalur,2 BHK,Society_84,1127 - 1227,2.0,2.0,77.61
Built-up  Area,Ready To Move,Kudlu Gate,3 BHK,,1605,3.0,1.0,119.32
Super built-up  Area,Ready To Move,Hennur Road,3 BHK,,1319,3.0,1.0,81.21
Super built-up  Area,Ready To Move,BTM Layout,2 BHK,Society_136,788 - 888,2.0,1.0,52.22
Plot  Area,Ready To Move,New BEL Road,3 BHK,Society_127,1667,2.0,2.0,63.97
Super built-up  Area,22-Jan,Sahakara Nagar,3 BHK,,1572,3.0,1.0,85.53
Built-up  Area,22-Jan,Malleshwaram,2 BHK,,999,2.0,1.0,108.1
Super built-up  Area,22-Jan,Vasanth Nagar,3 BHK,Society_108,1788,2.0,0.0,259.61
Super built-up  Area,Ready To Move,Basaveshwara Nagar,3 BHK,Society_47,1366,3.0,1.0,100.65
Super built-up  Area,Ready To Move,Bagalur,2 BHK,Society_148,1237 - 1337,3.0,1.0,70.69
Built-up  Area,22-Jan,Chandapura,2 BHK,Society_112,932 - 1032,2.0,0.0,26.37
Super built-up  Area,Ready To Move,Ejipura,4 BHK,,2404,4.0,1.0,204.4
Super built-up  Area,Ready To Move,Rachenahalli,3 BHK,,1477,3.0,3.0,94.59
Carpet  Area,19-Dec,Jalahalli,3 BHK,,1261,3.0,2.0,65.67
Super built-up  Area,22-Jan,Vidyaranyapura,2 BHK,,811,2.0,0.0,41.64
Built-up  Area,22-Jan,Arekere,2 BHK,Society_41,1083,3.0,2.0,67.13
Built-up  Area,Ready To Move,Raja Rajeshwari Nagar,4 BHK,,2327,4.0,0.0,135.15
Built-up  Area,Ready To Move,Kogilu,3 BHK,,1590,4.0,2.0,137.61
Plot  Area,22-Jan,Jigani,2 BHK,,1024,3.0,1.0,70.4
Carpet  Area,22-Jan,Uttarahalli,4 BHK,,2341,3.0,2.0,120.0
Super built-up  Area,Ready To Move,Nagarbhavi,2 BHK,Society_127,1143,2.0,2.0,50.89
Plot  Area,Ready To Move,Dasarahalli,4 BHK,,2509,4.0,2.0,155.83
Super built-up  Area,Ready To Move,Ejipura,4 BHK,Society_65,2088 - 2188,4.0,2.0,195.72
Built-up  Area,Ready To Move,Cox Town,2 BHK,Society_77,879 - 979,1.0,2.0,83.04
Super built-up  Area,22-Jan,Attibele,4 BHK,,2526,4.0,1.0,168.47
Super built-up  Area,19-Dec,Richmond Town,3 BHK,Society_122,1443 - 1543,3.0,0.0,195.69
Plot  Area,Ready To Move,Kogilu,3 BHK,,1344,3.0,1.0,95.18
Built-up  Area,Ready To Move,Banaswadi,4 BHK,Society_157,2425,5.0,0.0,149.22
Super built-up  Area,Ready To Move,Vasanth Nagar,2 BHK,Society_164,840,1.0,1.0,118.52
Super built-up  Area,Ready To Move,KR Puram,3 BHK,,1723 - 1823,3.0,2.0,92.41
Super built-up  Area,Ready To Move,Budigere Cross,4 BHK,,2123,4.0,1.0,119.9
Super built-up  Area,Ready To Move,Varthur,2 BHK,,1179,2.0,1.0,73.25
Plot  Area,Ready To Move,Mahadevapura,3 BHK,Society_135,1610,4.0,2.0,109.69
Built-up  Area,Ready To Move,Nayandahalli,2 BHK,,1254 - 1354,2.0,2.0,62.07
Super built-up  Area,Ready To Move,KR Puram,4 BHK,,2479,4.0,2.0,131.79
Plot  Area,Ready To Move,Basaveshwara Nagar,4 BHK,Society_117,2025 - 2125,5.0,1.0,146.18
Super built-up  Area,19-Dec,Hormavu,2 BHK,,1103,3.0,2.0,85.61
Super built-up  Area,22-Jan,Kogilu,3 BHK,,1461,3.0,0.0,88.66
Super built-up  Area,Ready To Move,Brigade Road,3 BHK,,1709,3.0,2.0,295.52
Plot  Area,Ready To Move,Sahakara Nagar,4 BHK,Society_178,2238,4.0,1.0,205.85
Carpet  Area,Ready To Move,Uttarahalli,3 BHK,,1571 - 1671,2.0,3.0,106.62
Carpet  Area,Ready To Move,Marathahalli,3 BHK,Society_168,1392,3.0,1.0,104.34
Super built-up  Area,Ready To Move,Attibele,1 BHK,,643,1.0,1.0,36.48
Super built-up  Area,Ready To Move,Hosa Road,4 BHK,,2395,5.0,1.0,121.65
Super built-up  Area,Ready To Move,Adugodi,2 BHK,,916,1.0,2.0,47.23
Carpet  Area,19-Dec,Vidyaranyapura,2 BHK,Society_139,1245,2.0,1.0,66.61
Built-up  Area,22-Jan,Raja Rajeshwari Nagar,5 BHK,,3649,5.0,2.0,236.87
Built-up  Area,Ready To Move,Malleshwaram,3 BHK,,1641,3.0,1.0,200.71
